PCDS,LAT,LONG,pcds_clean
AL1 1HE,51.74886,-0.340787,AL11HE
AL1 1JQ,51.74284,-0.323278,AL11JQ
AL1 1LE,51.75044,-0.337064,AL11LE
AL1 3LF,51.75235,-0.338167,AL13LF
AL1 3TF,51.74917,-0.326057,AL13TF
AL1 4AR,51.75996,-0.329816,AL14AR
AL1 5FL,51.74941,-0.317515,AL15FL
AL10 0DE,51.76357,-0.23401,AL100DE
AL10 0JD,51.76612,-0.222578,AL100JD
AL10 0LN,51.76265,-0.226366,AL100LN
AL10 0RN,51.76304,-0.233422,AL100RN
AL10 8FF,51.76655,-0.217068,AL108FF
AL10 8HA,51.75588,-0.233905,AL108HA
AL10 8QP,51.7524,-0.228608,AL108QP
AL10 8TX,51.76012,-0.225697,AL108TX
AL10 9JP,51.75462,-0.235403,AL109JP
AL10 9JZ,51.76664,-0.249411,AL109JZ
AL10 9LS,51.76275,-0.250432,AL109LS
AL10 9NA,51.76233,-0.243883,AL109NA
AL10 9PL,51.76592,-0.250584,AL109PL
AL10 9RU,51.7588,-0.255801,AL109RU
AL10 9SH,51.746,-0.237855,AL109SH
AL2 1BG,51.71881,-0.287308,AL21BG
AL2 1JG,51.72604,-0.29581,AL21JG
AL2 3PJ,51.70592,-0.356831,AL23PJ
AL3 4JJ,51.74488,-0.363921,AL34JJ
AL3 4QS,51.75401,-0.346437,AL34QS
AL3 6EN,51.77166,-0.327558,AL36EN
AL3 6PA,51.77147,-0.325159,AL36PA
AL3 6RN,51.78563,-0.388181,AL36RN
AL3 7LZ,51.79783,-0.394808,AL37LZ
AL3 7PL,51.80318,-0.40071,AL37PL
AL4 0JJ,51.74984,-0.281369,AL40JJ
AL4 9RB,51.76423,-0.30695,AL49RB
AL5 2EN,51.82075,-0.362798,AL52EN
AL5 3NS,51.83331,-0.37629,AL53NS
AL5 4US,51.82504,-0.342501,AL54US
AL5 5UG,51.81173,-0.348241,AL55UG
AL7 1AJ,51.80451,-0.188084,AL71AJ
AL7 1HG,51.80241,-0.191417,AL71HG
AL7 1HH,51.80513,-0.194645,AL71HH
AL7 1HL,51.80139,-0.197173,AL71HL
AL7 1JU,51.80022,-0.194289,AL71JU
AL7 1LT,51.80174,-0.186744,AL71LT
AL7 1TW,51.80692,-0.197982,AL71TW
AL7 2AA,51.79767,-0.181976,AL72AA
AL7 2DR,51.80396,-0.17247,AL72DR
AL7 3PN,51.79289,-0.19229,AL73PN
AL8 6DG,51.80478,-0.205407,AL86DG
AL8 6NS,51.80077,-0.205783,AL86NS
AL8 7PY,51.81078,-0.202587,AL87PY
AL8 7RG,51.81712,-0.20274,AL87RG
AL8 7SR,51.80288,-0.226731,AL87SR
AL9 5AF,51.76284,-0.214983,AL95AF
AL9 5BL,51.76564,-0.214539,AL95BL
AL9 6NE,51.72894,-0.177454,AL96NE
AL9 7HF,51.73726,-0.213921,AL97HF
B1 1BB,52.48043,-1.903449,B11BB
B1 1BD,52.47893,-1.902937,B11BD
B1 1QU,52.47471,-1.903461,B11QU
B1 2LP,52.47679,-1.914028,B12LP
B1 3HN,52.48618,-1.912728,B13HN
B1 3HS,52.48476,-1.912127,B13HS
B10 0ED,52.46726,-1.85655,B100ED
B10 0HJ,52.46283,-1.845276,B100HJ
B10 0NR,52.47052,-1.862943,B100NR
B11 1AR,52.46786,-1.877893,B111AR
B11 2AA,52.45627,-1.839191,B112AA
B11 2AB,52.45602,-1.838,B112AB
B11 2AL,52.45888,-1.839579,B112AL
B11 2BA,52.45973,-1.8399,B112BA
B11 4EH,52.44508,-1.868965,B114EH
B12 0DG,52.46541,-1.882801,B120DG
B12 0DU,52.46391,-1.88438,B120DU
B12 0HG,52.46958,-1.88201,B120HG
B12 0JU,52.47324,-1.879703,B120JU
B12 0LD,52.47467,-1.882644,B120LD
B12 0NL,52.47234,-1.880295,B120NL
B12 0NQ,52.47281,-1.883503,B120NQ
B12 0NS,52.47203,-1.882739,B120NS
B12 0PW,52.47227,-1.883872,B120PW
B12 0QR,52.47073,-1.886791,B120QR
B12 0RT,52.471,-1.886098,B120RT
B12 9AD,52.45541,-1.886006,B129AD
B12 9RG,52.45632,-1.891389,B129RG
B13 0RJ,52.42252,-1.878428,B130RJ
B13 8BB,52.45159,-1.887516,B138BB
B13 8JR,52.44491,-1.890564,B138JR
B13 9PZ,52.44106,-1.867006,B139PZ
B13 9TS,52.4382,-1.888035,B139TS
B14 5EB,52.40659,-1.879971,B145EB
B14 5HN,52.40875,-1.887227,B145HN
B14 5JE,52.40505,-1.886163,B145JE
B14 6NH,52.41872,-1.908449,B146NH
B14 6NN,52.41906,-1.906977,B146NN
B14 7AP,52.43928,-1.890857,B147AP
B14 7JG,52.43093,-1.892613,B147JG
B14 7JQ,52.4318,-1.89267,B147JQ
B14 7NE,52.42725,-1.906505,B147NE
B14 7NG,52.42685,-1.905255,B147NG
B14 7SW,52.43809,-1.892875,B147SW
B15 1TH,52.47015,-1.920429,B151TH
B15 1TR,52.47209,-1.918026,B151TR
B15 3AY,52.47085,-1.9422,B153AY
B15 3ES,52.47033,-1.9301,B153ES
B15 3EZ,52.47112,-1.931483,B153EZ
B15 3SH,52.46664,-1.921672,B153SH
B16 8DN,52.47984,-1.923268,B168DN
B16 8LB,52.47239,-1.925695,B168LB
B16 8PF,52.47172,-1.925888,B168PF
B16 8QG,52.47253,-1.922618,B168QG
B16 8SP,52.47322,-1.922838,B168SP
B16 8XF,52.47578,-1.929223,B168XF
B16 9LP,52.47535,-1.949953,B169LP
B16 9NX,52.47159,-1.936767,B169NX
B17 0JG,52.4544,-1.947122,B170JG
B17 8BH,52.47286,-1.960967,B178BH
B17 8DP,52.47387,-1.959421,B178DP
B17 8JF,52.47734,-1.960728,B178JF
B17 8LQ,52.47923,-1.958149,B178LQ
B17 9AP,52.46311,-1.966245,B179AP
B17 9JX,52.45916,-1.950869,B179JX
B17 9PP,52.45861,-1.949074,B179PP
B17 9PU,52.45799,-1.956006,B179PU
B17 9TG,52.46026,-1.965452,B179TG
B18 4EJ,52.48657,-1.939956,B184EJ
B18 4HB,52.48692,-1.943593,B184HB
B18 5NE,52.49825,-1.921763,B185NE
B18 6BA,52.49062,-1.911468,B186BA
B18 6DA,52.48983,-1.91169,B186DA
B18 6HF,52.49085,-1.912586,B186HF
B18 6NY,52.48769,-1.91542,B186NY
B18 6PT,52.4902,-1.917948,B186PT
B18 7AF,52.4852,-1.925144,B187AF
B18 7DL,52.48862,-1.935859,B187DL
B18 7LZ,52.48754,-1.92053,B187LZ
B19 2AB,52.49793,-1.897003,B192AB
B19 2HN,52.5024,-1.900793,B192HN
B19 2YD,52.49522,-1.900986,B192YD
B19 3JG,52.49039,-1.904811,B193JG
B19 3QL,52.48904,-1.899483,B193QL
B19 3UA,52.49508,-1.913756,B193UA
B2 4EU,52.47917,-1.899756,B24EU
B20 1DR,52.52674,-1.930203,B201DR
B20 1EA,52.52626,-1.931766,B201EA
B20 1JA,52.52363,-1.935337,B201JA
B20 2JD,52.51735,-1.930409,B202JD
B20 2NR,52.52002,-1.927163,B202NR
B20 2QS,52.50304,-1.91844,B202QS
B20 3DE,52.51267,-1.899665,B203DE
B20 3JQ,52.5149,-1.902327,B203JQ
B21 0AF,52.51005,-1.957428,B210AF
B21 0AL,52.50805,-1.960774,B210AL
B21 0PD,52.50114,-1.943972,B210PD
B21 9DJ,52.50383,-1.930092,B219DJ
B21 9HA,52.50623,-1.932121,B219HA
B21 9PY,52.51182,-1.93889,B219PY
B23 5GR,52.54226,-1.848239,B235GR
B23 5HD,52.53545,-1.854558,B235HD
B23 5TE,52.53413,-1.830709,B235TE
B23 5TH,52.53431,-1.830118,B235TH
B23 5XU,52.5394,-1.859514,B235XU
B23 6BG,52.5243,-1.837984,B236BG
B23 6EU,52.52448,-1.847608,B236EU
B23 6HP,52.52512,-1.858395,B236HP
B23 6HY,52.52773,-1.848658,B236HY
B23 6JS,52.52891,-1.846075,B236JS
B23 6LA,52.53018,-1.855416,B236LA
B23 6LR,52.52877,-1.841255,B236LR
B23 6PA,52.52598,-1.845731,B236PA
B23 6QU,52.5265,-1.837445,B236QU
B23 6RH,52.52659,-1.836664,B236RH
B23 6RS,52.5234,-1.838857,B236RS
B23 6TE,52.52312,-1.841821,B236TE
B23 6UG,52.52849,-1.842568,B236UG
B23 7YH,52.52021,-1.870143,B237YH
B24 8BG,52.51749,-1.842622,B248BG
B24 9FD,52.51003,-1.811308,B249FD
B24 9FE,52.51,-1.811367,B249FE
B24 9PD,52.51572,-1.819639,B249PD
B24 9QR,52.51108,-1.826761,B249QR
B25 8EP,52.45868,-1.827188,B258EP
B25 8UR,52.46803,-1.808354,B258UR
B26 2DQ,52.47629,-1.791519,B262DQ
B26 2RU,52.46521,-1.776808,B262RU
B26 3NW,52.45129,-1.781204,B263NW
B27 6AD,52.44945,-1.823766,B276AD
B27 6EG,52.45032,-1.816817,B276EG
B27 6QA,52.44914,-1.825754,B276QA
B27 6QG,52.45066,-1.830162,B276QG
B27 6QT,52.44754,-1.826157,B276QT
B27 6RP,52.44793,-1.80716,B276RP
B27 6RT,52.44652,-1.80852,B276RT
B27 7AN,52.43185,-1.817541,B277AN
B27 7RE,52.44093,-1.827566,B277RE
B27 7RS,52.44392,-1.835661,B277RS
B27 7SN,52.43904,-1.837282,B277SN
B27 7TR,52.44977,-1.832255,B277TR
B27 7YE,52.44372,-1.822994,B277YE
B28 0BX,52.42197,-1.856093,B280BX
B28 0XB,52.41416,-1.844253,B280XB
B28 8AS,52.43953,-1.84896,B288AS
B28 8AY,52.43974,-1.845694,B288AY
B28 8JG,52.43487,-1.843916,B288JG
B28 8SR,52.44095,-1.842056,B288SR
B28 9AA,52.43317,-1.845952,B289AA
B28 9HA,52.42036,-1.833277,B289HA
B28 9HH,52.42881,-1.843114,B289HH
B29 5AY,52.43717,-1.958645,B295AY
B29 5UN,52.44144,-1.97959,B295UN
B29 6HR,52.4365,-1.940891,B296HR
B29 6LX,52.43149,-1.949811,B296LX
B29 6QL,52.43969,-1.951876,B296QL
B29 7EJ,52.44774,-1.91529,B297EJ
B3 1EP,52.48415,-1.904722,B31EP
B3 1SF,52.48389,-1.906077,B31SF
B3 1UE,52.48697,-1.908559,B31UE
B3 3AS,52.48122,-1.902063,B33AS
B3 3HN,52.48154,-1.905405,B33HN
B3 3QR,52.48214,-1.90262,B33QR
B3 3RB,52.48231,-1.903003,B33RB
B30 1DN,52.41558,-1.94308,B301DN
B30 2BT,52.42519,-1.923788,B302BT
B30 2JF,52.42193,-1.921912,B302JF
B30 3AU,52.41758,-1.925713,B303AU
B30 3EJ,52.41542,-1.930568,B303EJ
B30 3FJ,52.41326,-1.930292,B303FJ
B30 3NU,52.41349,-1.920456,B303NU
B30 3QH,52.41068,-1.911038,B303QH
B30 3QJ,52.40981,-1.909643,B303QJ
B31 1PR,52.41815,-1.975248,B311PR
B31 1TU,52.42091,-1.983789,B311TU
B31 1UJ,52.41629,-1.984658,B311UJ
B31 2ET,52.41421,-1.957828,B312ET
B31 2FR,52.42905,-1.953167,B312FR
B31 2FZ,52.39408,-1.989911,B312FZ
B31 2GB,52.40202,-1.978768,B312GB
B31 2JW,52.4137,-1.966899,B312JW
B31 2NQ,52.41527,-1.972162,B312NQ
B31 2QT,52.41073,-1.973855,B312QT
B31 2RT,52.40702,-1.969902,B312RT
B31 3AU,52.40918,-1.949424,B313AU
B31 3UH,52.40956,-1.960022,B313UH
B31 5AU,52.40924,-1.97656,B315AU
B31 5DJ,52.40596,-1.986072,B315DJ
B31 5HT,52.40825,-1.996509,B315HT
B31 5RH,52.41112,-1.987394,B315RH
B32 2AL,52.4651,-1.987056,B322AL
B32 2AQ,52.46009,-1.986543,B322AQ
B32 2QS,52.45657,-1.985249,B322QS
B32 2RH,52.45238,-1.987207,B322RH
B32 3BZ,52.44244,-2.009468,B323BZ
B32 3HE,52.43859,-1.990006,B323HE
B32 4AD,52.43911,-2.00932,B324AD
B33 0NN,52.47317,-1.76705,B330NN
B33 0SG,52.47644,-1.779489,B330SG
B33 0TG,52.47279,-1.77431,B330TG
B33 0TU,52.4709,-1.780562,B330TU
B33 0UB,52.47173,-1.779336,B330UB
B33 0XE,52.47443,-1.783651,B330XE
B33 8PP,52.47747,-1.809285,B338PP
B33 9AE,52.48666,-1.811557,B339AE
B34 7RD,52.49462,-1.771856,B347RD
B35 6LJ,52.5214,-1.773898,B356LJ
B35 7QG,52.51582,-1.794351,B357QG
B36 0UG,52.50309,-1.749228,B360UG
B36 8AE,52.49733,-1.808285,B368AE
B36 8DT,52.49418,-1.817431,B368DT
B36 8UE,52.5044,-1.819259,B368UE
B36 9JT,52.50889,-1.755442,B369JT
B36 9NX,52.51079,-1.751793,B369NX
B37 5TN,52.47956,-1.740557,B375TN
B37 6BN,52.4958,-1.749903,B376BN
B37 6NH,52.48553,-1.752538,B376NH
B37 7BS,52.46626,-1.74801,B377BS
B37 7HP,52.46897,-1.729608,B377HP
B37 7PU,52.47336,-1.737605,B377PU
B37 7RF,52.4751,-1.731234,B377RF
B37 7TP,52.47795,-1.727227,B377TP
B37 7WY,52.46767,-1.714293,B377WY
B37 7YB,52.46855,-1.715921,B377YB
B37 7YE,52.47093,-1.718806,B377YE
B37 7YN,52.46801,-1.720812,B377YN
B38 8RS,52.40784,-1.928433,B388RS
B38 8SD,52.40692,-1.92939,B388SD
B38 9LR,52.40519,-1.919192,B389LR
B38 9PN,52.4071,-1.922672,B389PN
B42 2DZ,52.53967,-1.915984,B422DZ
B42 2TX,52.52481,-1.894272,B422TX
B43 5QF,52.53875,-1.934519,B435QF
B43 5SB,52.54344,-1.940292,B435SB
B43 6BP,52.54456,-1.938329,B436BP
B43 7RG,52.55642,-1.913444,B437RG
B44 0HU,52.53994,-1.870777,B440HU
B44 0LD,52.545,-1.869037,B440LD
B44 0ND,52.54779,-1.882581,B440ND
B44 0QR,52.54516,-1.877235,B440QR
B44 0RT,52.55266,-1.87478,B440RT
B44 8HX,52.53805,-1.894225,B448HX
B44 8NH,52.53387,-1.897847,B448NH
B44 8NS,52.54345,-1.902897,B448NS
B44 8PP,52.54063,-1.884414,B448PP
B45 0EN,52.40701,-2.01212,B450EN
B45 0JD,52.40372,-2.0257,B450JD
B45 8HX,52.36387,-2.006703,B458HX
B45 9AH,52.39603,-2.007986,B459AH
B45 9AN,52.40051,-2.012044,B459AN
B45 9SN,52.39896,-2.012602,B459SN
B46 1HQ,52.51371,-1.714156,B461HQ
B46 3AL,52.50022,-1.705921,B463AL
B46 3LD,52.49697,-1.706753,B463LD
B47 5NS,52.39553,-1.882675,B475NS
B49 6HS,52.23511,-1.826853,B496HS
B5 4BD,52.47483,-1.897866,B54BD
B5 6BJ,52.47629,-1.891562,B56BJ
B5 7HP,52.46913,-1.89205,B57HP
B5 7XH,52.46073,-1.905464,B57XH
B50 4JH,52.17198,-1.851897,B504JH
B50 4JS,52.17975,-1.854986,B504JS
B50 4QL,52.1662,-1.856696,B504QL
B6 5RQ,52.49776,-1.881419,B65RQ
B6 6AE,52.50756,-1.901504,B66AE
B6 6NE,52.50779,-1.899323,B66NE
B6 7BH,52.51577,-1.872735,B67BH
B60 3DJ,52.31581,-2.066066,B603DJ
B60 3DX,52.31496,-2.063878,B603DX
B60 3ET,52.31593,-2.057425,B603ET
B60 3JZ,52.31977,-2.069549,B603JZ
B60 4AD,52.29792,-2.074528,B604AD
B60 4AL,52.29507,-2.081899,B604AL
B60 4FG,52.29958,-2.073182,B604FG
B61 0HB,52.34683,-2.049759,B610HB
B61 0HZ,52.36409,-2.046972,B610HZ
B61 8AB,52.33731,-2.057658,B618AB
B61 8DT,52.33773,-2.061151,B618DT
B61 8HQ,52.33397,-2.061572,B618HQ
B61 8QY,52.33364,-2.064374,B618QY
B62 8AN,52.45892,-2.042659,B628AN
B62 8LJ,52.46991,-2.042832,B628LJ
B62 8TR,52.46267,-2.049006,B628TR
B62 9JH,52.47164,-2.032087,B629JH
B63 2EH,52.45587,-2.085774,B632EH
B63 2QB,52.46699,-2.101031,B632QB
B63 3EB,52.4488,-2.046342,B633EB
B63 3HY,52.45103,-2.050862,B633HY
B63 3PG,52.46163,-2.060103,B633PG
B64 5LP,52.47814,-2.068798,B645LP
B64 6HN,52.4757,-2.067999,B646HN
B64 6JE,52.47506,-2.066555,B646JE
B64 7DZ,52.46946,-2.070477,B647DZ
B65 0DH,52.47475,-2.041894,B650DH
B65 0EE,52.47588,-2.043898,B650EE
B65 0LG,52.47657,-2.036566,B650LG
B65 8FG,52.48089,-2.056772,B658FG
B65 8HF,52.4876,-2.054748,B658HF
B65 9AB,52.49318,-2.037449,B659AB
B66 1EH,52.49952,-1.980742,B661EH
B66 1HE,52.50109,-1.986206,B661HE
B66 1HR,52.50018,-1.979371,B661HR
B66 1JE,52.50215,-1.987119,B661JE
B66 1NN,52.50233,-1.997844,B661NN
B66 2AA,52.49699,-1.968561,B662AA
B66 3DX,52.49403,-1.955514,B663DX
B66 3PU,52.4888,-1.96194,B663PU
B66 4ED,52.47997,-1.968235,B664ED
B66 4JN,52.48566,-1.963533,B664JN
B66 4LA,52.48661,-1.964637,B664LA
B66 4SH,52.48745,-1.9534,B664SH
B66 4SQ,52.48636,-1.95184,B664SQ
B67 5NE,52.4779,-1.986905,B675NE
B67 7AL,52.4938,-1.975309,B677AL
B67 7EL,52.48908,-1.984516,B677EL
B67 7JJ,52.49931,-1.989713,B677JJ
B68 0DL,52.4647,-1.992193,B680DL
B68 0JE,52.46962,-2.009224,B680JE
B68 0LE,52.47105,-2.006913,B680LE
B68 0NH,52.46684,-1.986482,B680NH
B68 0NP,52.46608,-1.985746,B680NP
B68 0PJ,52.4623,-2.00987,B680PJ
B68 8AE,52.47744,-2.013172,B688AE
B68 8DG,52.47772,-2.008519,B688DG
B68 8SG,52.49639,-1.999656,B688SG
B68 9HE,52.47361,-1.990528,B689HE
B69 1DT,52.49287,-2.023987,B691DT
B69 1JX,52.50438,-2.037636,B691JX
B69 1QP,52.50681,-2.040599,B691QP
B69 2DG,52.50223,-2.021208,B692DG
B69 2GA,52.50498,-2.031773,B692GA
B69 2RE,52.50163,-2.022268,B692RE
B69 3ES,52.51104,-2.022671,B693ES
B69 3NF,52.51731,-2.041523,B693NF
B69 3NG,52.51777,-2.040742,B693NG
B69 4BY,52.50835,-2.012032,B694BY
B69 4JN,52.50216,-2.011559,B694JN
B7 5AR,52.49464,-1.866743,B75AR
B7 5JR,52.50247,-1.867824,B75JR
B70 0EH,52.53599,-2.016552,B700EH
B70 0GA,52.5369,-2.024867,B700GA
B70 0NS,52.52917,-2.010417,B700NS
B70 0XA,52.52822,-2.01814,B700XA
B70 6HQ,52.51675,-1.984197,B706HQ
B70 6JW,52.51478,-1.987735,B706JW
B70 6LY,52.51426,-1.988339,B706LY
B70 6NY,52.51589,-1.98881,B706NY
B70 8ET,52.51888,-1.996237,B708ET
B70 8GH,52.51931,-2.004563,B708GH
B70 8LU,52.52086,-1.997534,B708LU
B70 9LB,52.52275,-2.001542,B709LB
B70 9QG,52.52237,-2.000098,B709QG
B70 9QP,52.52424,-2.00365,B709QP
B71 1DN,52.53406,-1.999391,B711DN
B71 1HF,52.53335,-1.99376,B711HF
B71 1QB,52.52808,-1.994644,B711QB
B71 4AP,52.52357,-1.985934,B714AP
B71 4JA,52.5226,-1.989516,B714JA
B72 1JL,52.55444,-1.82417,B721JL
B72 1QF,52.55811,-1.826354,B721QF
B72 1YG,52.53729,-1.827556,B721YG
B73 5AE,52.54963,-1.864672,B735AE
B73 5DA,52.5475,-1.858647,B735DA
B73 5TJ,52.54877,-1.841609,B735TJ
B73 5TT,52.54842,-1.839295,B735TT
B73 5UE,52.5449,-1.840621,B735UE
B73 5XA,52.54863,-1.840976,B735XA
B73 5XF,52.54935,-1.846371,B735XF
B73 6LP,52.5524,-1.842658,B736LP
B74 2EZ,52.56527,-1.886886,B742EZ
B74 2LZ,52.56849,-1.821474,B742LZ
B74 2NJ,52.56827,-1.822434,B742NJ
B74 2PR,52.571,-1.824105,B742PR
B75 5BT,52.58747,-1.824954,B755BT
B75 5BY,52.58774,-1.822621,B755BY
B75 7BG,52.56029,-1.810577,B757BG
B76 1HL,52.52967,-1.794448,B761HL
B76 1NY,52.55972,-1.802378,B761NY
B76 1TS,52.54533,-1.801025,B761TS
B76 9DD,52.52951,-1.763981,B769DD
B77 1AG,52.62609,-1.685224,B771AG
B77 1LP,52.59731,-1.685682,B771LP
B77 4AS,52.62312,-1.650854,B774AS
B77 4RD,52.62866,-1.648328,B774RD
B77 4RP,52.62676,-1.648875,B774RP
B77 5DQ,52.60738,-1.676882,B775DQ
B78 1DX,52.62048,-1.611481,B781DX
B78 1RS,52.60222,-1.606873,B781RS
B78 3AJ,52.6432,-1.738985,B783AJ
B78 3HF,52.62736,-1.707922,B783HF
B79 7EF,52.63625,-1.695791,B797EF
B79 7HL,52.63375,-1.691435,B797HL
B79 7LJ,52.6333,-1.693285,B797LJ
B79 7LU,52.63324,-1.696122,B797LU
B79 7QF,52.63412,-1.700859,B797QF
B79 8AG,52.64222,-1.692158,B798AG
B8 2AH,52.48959,-1.822767,B82AH
B8 2SD,52.50237,-1.829049,B82SD
B80 7AN,52.27397,-1.894206,B807AN
B80 7LL,52.27272,-1.894414,B807LL
B9 4LW,52.47775,-1.873021,B94LW
B9 5TS,52.48348,-1.824735,B95TS
B90 1JP,52.40513,-1.86726,B901JP
B90 1UE,52.38306,-1.834812,B901UE
B90 2EL,52.41465,-1.830623,B902EL
B90 2EW,52.41734,-1.832524,B902EW
B90 3AH,52.41188,-1.826517,B903AH
B90 3FE,52.41434,-1.829756,B903FE
B90 3JJ,52.41281,-1.818471,B903JJ
B90 3JQ,52.41374,-1.816027,B903JQ
B90 3ND,52.41557,-1.828575,B903ND
B90 3RT,52.41133,-1.813258,B903RT
B90 4DF,52.398,-1.823984,B904DF
B90 4ND,52.39733,-1.803896,B904ND
B90 4PD,52.39835,-1.808081,B904PD
B90 4PQ,52.39642,-1.814232,B904PQ
B90 8AG,52.37115,-1.798944,B908AG
B90 8AJ,52.36914,-1.799761,B908AJ
B91 1JJ,52.42432,-1.797763,B911JJ
B91 2QD,52.41767,-1.757814,B912QD
B91 2QJ,52.41625,-1.766585,B912QJ
B91 2RY,52.41545,-1.74108,B912RY
B92 7AH,52.43459,-1.801246,B927AH
B92 7AR,52.43803,-1.805659,B927AR
B92 7HP,52.44104,-1.80975,B927HP
B92 8AH,52.43365,-1.790072,B928AH
B92 8BG,52.43733,-1.804088,B928BG
B92 8LN,52.44912,-1.778654,B928LN
B92 8QX,52.43511,-1.786049,B928QX
B92 9NE,52.43331,-1.76801,B929NE
B93 0AL,52.38189,-1.699991,B930AL
B93 0EP,52.38607,-1.739238,B930EP
B93 0LF,52.39007,-1.736569,B930LF
B93 8DB,52.37455,-1.753657,B938DB
B93 8NA,52.38201,-1.761946,B938NA
B94 6NN,52.35578,-1.778105,B946NN
B94 6NW,52.35902,-1.779528,B946NW
B95 5AA,52.29602,-1.778212,B955AA
B95 5GF,52.29722,-1.776666,B955GF
B95 5PF,52.31257,-1.851267,B955PF
B97 4BS,52.31034,-1.94066,B974BS
B97 4QY,52.306,-1.946782,B974QY
B97 5EN,52.28918,-1.94434,B975EN
B97 6HA,52.3076,-1.947147,B976HA
B97 6PG,52.30799,-1.962107,B976PG
B98 0SD,52.31065,-1.884071,B980SD
B98 7DJ,52.30268,-1.939717,B987DJ
B98 7LG,52.2931,-1.917239,B987LG
B98 7ST,52.28357,-1.930215,B987ST
B98 8NZ,52.30927,-1.92353,B988NZ
B98 9HN,52.31195,-1.88794,B989HN
B98 9NN,52.31622,-1.912384,B989NN
BA1 1RG,51.38282,-2.359873,BA11RG
BA1 2PW,51.38707,-2.364505,BA12PW
BA1 3AU,51.38535,-2.379121,BA13AU
BA1 3DS,51.38393,-2.38717,BA13DS
BA1 5UB,51.38923,-2.357308,BA15UB
BA1 6EP,51.39543,-2.3528,BA16EP
BA1 6QA,51.39405,-2.347184,BA16QA
BA1 8AZ,51.3974,-2.342034,BA18AZ
BA11 2FE,51.2449,-2.293565,BA112FE
BA11 4BS,51.22287,-2.327147,BA114BS
BA11 4DP,51.22806,-2.336436,BA114DP
BA11 5DL,51.19777,-2.365197,BA115DL
BA11 5JY,51.22925,-2.307701,BA115JY
BA12 0PG,51.15789,-2.037822,BA120PG
BA12 7QE,51.21932,-2.245922,BA127QE
BA12 7QZ,51.19836,-2.249688,BA127QZ
BA12 8NG,51.20282,-2.191585,BA128NG
BA12 8SP,51.21391,-2.193335,BA128SP
BA12 8TH,51.20597,-2.190496,BA128TH
BA12 9AF,51.20549,-2.183079,BA129AF
BA12 9AW,51.20408,-2.179223,BA129AW
BA12 9LR,51.19998,-2.174126,BA129LR
BA13 3EP,51.25959,-2.180945,BA133EP
BA13 3FE,51.26042,-2.180948,BA133FE
BA13 3JN,51.26287,-2.189887,BA133JN
BA13 3PE,51.25882,-2.184353,BA133PE
BA13 4DL,51.24888,-2.210246,BA134DL
BA13 4HR,51.26801,-2.199684,BA134HR
BA14 0BD,51.31557,-2.212633,BA140BD
BA14 0FH,51.31204,-2.212171,BA140FH
BA14 0RG,51.30291,-2.210293,BA140RG
BA14 0XA,51.30034,-2.198275,BA140XA
BA14 0XG,51.29921,-2.196363,BA140XG
BA14 6JQ,51.3425,-2.152587,BA146JQ
BA14 7SZ,51.32904,-2.180458,BA147SZ
BA14 8AA,51.32057,-2.206126,BA148AA
BA14 8AE,51.3206,-2.206543,BA148AE
BA14 8AR,51.31992,-2.208348,BA148AR
BA14 8BE,51.31887,-2.208113,BA148BE
BA14 8BR,51.31908,-2.209205,BA148BR
BA14 8DX,51.32136,-2.206962,BA148DX
BA14 8EA,51.32177,-2.205486,BA148EA
BA14 8HE,51.32027,-2.215266,BA148HE
BA14 8HQ,51.32143,-2.209546,BA148HQ
BA14 8HW,51.32005,-2.213328,BA148HW
BA14 8JN,51.31705,-2.210473,BA148JN
BA14 8ST,51.32569,-2.202633,BA148ST
BA14 9AA,51.31896,-2.21338,BA149AA
BA15 1EG,51.34238,-2.247257,BA151EG
BA15 1FH,51.34687,-2.249291,BA151FH
BA15 1JZ,51.34796,-2.248751,BA151JZ
BA16 0EN,51.12651,-2.740749,BA160EN
BA16 0JJ,51.12257,-2.74443,BA160JJ
BA2 1AF,51.37362,-2.381265,BA21AF
BA2 1HE,51.37092,-2.38844,BA21HE
BA2 1ND,51.37494,-2.391764,BA21ND
BA2 1RS,51.38105,-2.401371,BA21RS
BA2 2RY,51.35746,-2.381159,BA22RY
BA2 3LL,51.37534,-2.377558,BA23LL
BA2 3PW,51.37773,-2.379216,BA23PW
BA2 5FA,51.36317,-2.353543,BA25FA
BA2 7FF,51.34699,-2.298526,BA27FF
BA2 9AP,51.38643,-2.445248,BA29AP
BA20 1EN,50.94196,-2.634062,BA201EN
BA20 1HZ,50.94255,-2.63081,BA201HZ
BA20 1NA,50.9421,-2.625794,BA201NA
BA20 1RG,50.94167,-2.632478,BA201RG
BA20 2EN,50.94372,-2.660903,BA202EN
BA20 2FH,50.9424,-2.668044,BA202FH
BA21 3AQ,50.94603,-2.643327,BA213AQ
BA21 3ED,50.95063,-2.643134,BA213ED
BA21 3TL,50.94987,-2.66452,BA213TL
BA21 4DH,50.94572,-2.628917,BA214DH
BA22 8RN,50.95307,-2.673863,BA228RN
BA3 2AA,51.29134,-2.466013,BA32AA
BA3 2HN,51.2857,-2.48388,BA32HN
BA3 3BX,51.28224,-2.466824,BA33BX
BA3 3LL,51.28802,-2.430401,BA33LL
BA3 4BQ,51.2813,-2.473238,BA34BQ
BA3 4QE,51.27244,-2.468688,BA34QE
BA4 5LD,51.18974,-2.545592,BA45LD
BA5 1JJ,51.20175,-2.646629,BA51JJ
BA5 2AS,51.20762,-2.647498,BA52AS
BA5 2PJ,51.20974,-2.650162,BA52PJ
BA5 3DG,51.21764,-2.613404,BA53DG
BA6 9FT,51.13871,-2.736185,BA69FT
BA6 9JY,51.15012,-2.719638,BA69JY
BB1 1QD,53.74052,-2.454188,BB11QD
BB1 2EE,53.7307,-2.452581,BB12EE
BB1 2EH,53.73195,-2.453034,BB12EH
BB1 2QS,53.72969,-2.448827,BB12QS
BB1 2QX,53.72931,-2.447276,BB12QX
BB1 2QY,53.71803,-2.459521,BB12QY
BB1 3AE,53.75071,-2.46464,BB13AE
BB1 3BL,53.75159,-2.466955,BB13BL
BB1 3HQ,53.74981,-2.459914,BB13HQ
BB1 3NY,53.74792,-2.441076,BB13NY
BB1 4HX,53.76754,-2.417206,BB14HX
BB1 5BX,53.74893,-2.474022,BB15BX
BB1 5DG,53.75053,-2.474844,BB15DG
BB1 5QB,53.75894,-2.454053,BB15QB
BB1 5QR,53.75962,-2.458277,BB15QR
BB1 5UA,53.76913,-2.453511,BB15UA
BB1 6BH,53.75126,-2.481904,BB16BH
BB1 6DN,53.75123,-2.482677,BB16DN
BB1 6PF,53.7597,-2.471247,BB16PF
BB1 7DJ,53.74878,-2.484165,BB17DJ
BB1 7HP,53.75236,-2.482993,BB17HP
BB1 8AF,53.75245,-2.488075,BB18AF
BB1 9LQ,53.78849,-2.475152,BB19LQ
BB1 9SB,53.7738,-2.476549,BB19SB
BB10 1AF,53.79765,-2.243356,BB101AF
BB10 1DT,53.80155,-2.236334,BB101DT
BB10 1ED,53.8068,-2.234314,BB101ED
BB10 1EF,53.80742,-2.233801,BB101EF
BB10 1PD,53.80119,-2.243924,BB101PD
BB10 2TP,53.79958,-2.21897,BB102TP
BB10 3DH,53.80359,-2.23006,BB103DH
BB10 4EG,53.78644,-2.231331,BB104EG
BB10 4PB,53.78416,-2.219101,BB104PB
BB10 4QD,53.79027,-2.225964,BB104QD
BB11 1BJ,53.7912,-2.24256,BB111BJ
BB11 1TS,53.79207,-2.241229,BB111TS
BB11 1UF,53.79351,-2.240858,BB111UF
BB11 2HA,53.78635,-2.244869,BB112HA
BB11 3QR,53.77267,-2.238644,BB113QR
BB11 5JX,53.78174,-2.267758,BB115JX
BB11 5NA,53.78268,-2.297084,BB115NA
BB11 5UB,53.77924,-2.282765,BB115UB
BB12 6HA,53.78952,-2.28461,BB126HA
BB12 6HH,53.78952,-2.28461,BB126HH
BB12 6SZ,53.79603,-2.273891,BB126SZ
BB12 7BS,53.79139,-2.311946,BB127BS
BB18 6UN,53.9162,-2.144312,BB186UN
BB2 1DH,53.7497,-2.48777,BB21DH
BB2 2DH,53.74652,-2.486201,BB22DH
BB2 2LE,53.74301,-2.487601,BB22LE
BB2 3AL,53.7398,-2.476997,BB23AL
BB2 3RN,53.73706,-2.487123,BB23RN
BB2 4BZ,53.73463,-2.503876,BB24BZ
BB2 4JF,53.72914,-2.489562,BB24JF
BB2 4UW,53.73074,-2.491582,BB24UW
BB2 6DE,53.75274,-2.493538,BB26DE
BB2 6PN,53.75046,-2.504369,BB26PN
BB3 0DB,53.71317,-2.476362,BB30DB
BB3 0DG,53.71517,-2.476505,BB30DG
BB3 0PF,53.71147,-2.485433,BB30PF
BB3 1AT,53.70004,-2.47226,BB31AT
BB4 5QN,53.7057,-2.325747,BB45QN
BB4 5TU,53.72002,-2.337086,BB45TU
BB4 6HH,53.6969,-2.297584,BB46HH
BB4 8EG,53.70394,-2.285288,BB48EG
BB4 8EQ,53.7053,-2.286464,BB48EQ
BB4 8QL,53.73476,-2.286862,BB48QL
BB4 9AR,53.69549,-2.250958,BB49AR
BB5 0BT,53.75204,-2.387085,BB50BT
BB5 0DA,53.75206,-2.377638,BB50DA
BB5 0EY,53.74771,-2.386348,BB50EY
BB5 0RE,53.75083,-2.369119,BB50RE
BB5 3EG,53.7446,-2.394719,BB53EG
BB5 3JD,53.74204,-2.399972,BB53JD
BB5 3NB,53.74674,-2.393739,BB53NB
BB5 4DE,53.76716,-2.376575,BB54DE
BB5 4HD,53.7532,-2.389189,BB54HD
BB5 5AA,53.76168,-2.369457,BB55AA
BB5 5RW,53.77959,-2.382119,BB55RW
BB5 6PW,53.75501,-2.362103,BB56PW
BB5 6SQ,53.75373,-2.35595,BB56SQ
BB6 7AT,53.78664,-2.400609,BB67AT
BB6 7QB,53.78867,-2.406229,BB67QB
BB6 7QP,53.78642,-2.405615,BB67QP
BB7 1AZ,53.87119,-2.39211,BB71AZ
BB7 1BE,53.87042,-2.391829,BB71BE
BB7 1QD,53.87688,-2.377972,BB71QD
BB8 0BP,53.85556,-2.175586,BB80BP
BB8 0EB,53.85672,-2.170316,BB80EB
BB8 0NU,53.86071,-2.162745,BB80NU
BB8 7EW,53.87525,-2.121918,BB87EW
BB8 7LR,53.88339,-2.181408,BB87LR
BB8 9FB,53.85855,-2.171859,BB89FB
BB9 5DB,53.82454,-2.23098,BB95DB
BB9 5EG,53.82537,-2.23773,BB95EG
BB9 5FF,53.82473,-2.237498,BB95FF
BB9 5JL,53.82108,-2.235655,BB95JL
BB9 5QN,53.82569,-2.234906,BB95QN
BB9 5RY,53.82748,-2.230844,BB95RY
BB9 5SQ,53.82483,-2.232486,BB95SQ
BB9 6BP,53.84343,-2.227528,BB96BP
BB9 6PU,53.84084,-2.230128,BB96PU
BB9 6RX,53.83798,-2.236054,BB96RX
BB9 7JD,53.83591,-2.21527,BB97JD
BB9 7JS,53.83673,-2.217098,BB97JS
BB9 7LP,53.83771,-2.216191,BB97LP
BB9 7NH,53.83852,-2.214706,BB97NH
BB9 7NN,53.83785,-2.215067,BB97NN
BB9 7RJ,53.84181,-2.207535,BB97RJ
BB9 7TH,53.83911,-2.221244,BB97TH
BB9 7TZ,53.84238,-2.220759,BB97TZ
BB9 8EH,53.84195,-2.20521,BB98EH
BB9 9QL,53.83633,-2.208328,BB99QL
BB9 9SX,53.83689,-2.214257,BB99SX
BD1 3AZ,53.79967,-1.760191,BD13AZ
BD1 3BN,53.80117,-1.760319,BD13BN
BD1 3HT,53.79695,-1.755941,BD13HT
BD1 3NU,53.79678,-1.754742,BD13NU
BD1 3RG,53.79875,-1.759498,BD13RG
BD1 4HR,53.79564,-1.752578,BD14HR
BD1 4PS,53.79704,-1.755515,BD14PS
BD1 4QU,53.79733,-1.754952,BD14QU
BD1 5BJ,53.79538,-1.745612,BD15BJ
BD1 5EE,53.79377,-1.744574,BD15EE
BD1 5LL,53.79165,-1.744571,BD15LL
BD10 0JE,53.82381,-1.711352,BD100JE
BD10 0TD,53.83986,-1.725709,BD100TD
BD10 9TQ,53.83301,-1.718521,BD109TQ
BD12 0AJ,53.75433,-1.77199,BD120AJ
BD12 0NY,53.75552,-1.760306,BD120NY
BD13 1EW,53.77216,-1.823358,BD131EW
BD14 6QY,53.7788,-1.821312,BD146QY
BD14 6RF,53.78202,-1.823226,BD146RF
BD15 0DX,53.82429,-1.861695,BD150DX
BD15 7PA,53.80098,-1.820353,BD157PA
BD16 1AQ,53.82993,-1.831486,BD161AQ
BD16 1JG,53.83856,-1.865963,BD161JG
BD16 2HR,53.84864,-1.838799,BD162HR
BD16 2NB,53.84836,-1.837858,BD162NB
BD16 4FA,53.85006,-1.826725,BD164FA
BD16 4LD,53.85024,-1.835191,BD164LD
BD16 4NB,53.85094,-1.831874,BD164NB
BD17 5EL,53.85266,-1.766774,BD175EL
BD17 7TD,53.83681,-1.779521,BD177TD
BD18 1BX,53.83455,-1.766055,BD181BX
BD18 3DS,53.83138,-1.783408,BD183DS
BD18 3DZ,53.83193,-1.78263,BD183DZ
BD18 3EJ,53.83357,-1.779446,BD183EJ
BD18 3HH,53.83569,-1.782231,BD183HH
BD18 3LA,53.83834,-1.787718,BD183LA
BD18 3PY,53.83347,-1.776059,BD183PY
BD18 3QD,53.83255,-1.776535,BD183QD
BD19 5DN,53.72414,-1.712805,BD195DN
BD2 3DB,53.81381,-1.732105,BD23DB
BD2 4SE,53.80608,-1.726506,BD24SE
BD20 0NR,53.92611,-1.927374,BD200NR
BD20 5LD,53.87204,-1.867424,BD205LD
BD21 2AU,53.86771,-1.911584,BD212AU
BD21 2BL,53.86771,-1.914184,BD212BL
BD21 2JU,53.86671,-1.911722,BD212JU
BD21 3DR,53.8688,-1.908023,BD213DR
BD21 3PT,53.86572,-1.907421,BD213PT
BD21 4BZ,53.87613,-1.896143,BD214BZ
BD21 4EB,53.87553,-1.890395,BD214EB
BD21 4QB,53.86514,-1.899165,BD214QB
BD22 0EN,53.83169,-1.966342,BD220EN
BD22 7EB,53.85213,-1.922698,BD227EB
BD22 7NU,53.84935,-1.935228,BD227NU
BD22 8LR,53.83175,-1.946666,BD228LR
BD23 1FJ,53.96015,-2.022448,BD231FJ
BD23 1JZ,53.96268,-2.016993,BD231JZ
BD23 1NT,53.96383,-2.019737,BD231NT
BD23 1PB,53.96291,-2.018609,BD231PB
BD23 1PQ,53.96241,-2.018547,BD231PQ
BD23 1QU,53.9646,-2.029157,BD231QU
BD23 4NN,54.01664,-2.251565,BD234NN
BD24 9BP,54.06893,-2.282901,BD249BP
BD24 9DN,54.06711,-2.277815,BD249DN
BD24 9FH,54.06461,-2.276546,BD249FH
BD3 0BJ,53.79716,-1.740272,BD30BJ
BD3 0LT,53.80558,-1.746082,BD30LT
BD3 8ND,53.79625,-1.712648,BD38ND
BD3 9TR,53.79099,-1.726953,BD39TR
BD3 9TX,53.79213,-1.727765,BD39TX
BD4 6SE,53.75373,-1.737613,BD46SE
BD4 7HP,53.78377,-1.735635,BD47HP
BD4 7PG,53.78872,-1.739671,BD47PG
BD4 8BX,53.79069,-1.716739,BD48BX
BD4 8DA,53.78936,-1.720376,BD48DA
BD4 9JB,53.7785,-1.719567,BD49JB
BD4 9LX,53.77195,-1.722736,BD49LX
BD4 9SW,53.77374,-1.722467,BD49SW
BD5 0SW,53.78551,-1.758359,BD50SW
BD5 7LX,53.78048,-1.760406,BD57LX
BD5 8EL,53.7752,-1.753881,BD58EL
BD5 8JX,53.76844,-1.739311,BD58JX
BD6 1DJ,53.76184,-1.762166,BD61DJ
BD6 2QW,53.75629,-1.787889,BD62QW
BD6 3YJ,53.76957,-1.813204,BD63YJ
BD6 3YN,53.76926,-1.81715,BD63YN
BD7 1DP,53.79158,-1.763774,BD71DP
BD7 1HR,53.7929,-1.769853,BD71HR
BD7 1RW,53.78758,-1.770945,BD71RW
BD7 3BL,53.78511,-1.77542,BD73BL
BD7 3DY,53.78164,-1.782936,BD73DY
BD8 7JT,53.80297,-1.75999,BD87JT
BD8 8BD,53.806,-1.771285,BD88BD
BD8 8JY,53.79885,-1.771871,BD88JY
BD8 9JT,53.80402,-1.783686,BD89JT
BD8 9QT,53.80138,-1.789393,BD89QT
BD8 9TB,53.79625,-1.791681,BD89TB
BD9 4HL,53.82144,-1.77424,BD94HL
BD9 4HN,53.82177,-1.772445,BD94HN
BD9 5NP,53.81415,-1.794903,BD95NP
BH1 1AX,50.72094,-1.877914,BH11AX
BH1 1EP,50.72212,-1.875092,BH11EP
BH1 1HL,50.72324,-1.875358,BH11HL
BH1 1JA,50.72527,-1.872335,BH11JA
BH1 1JN,50.72285,-1.87118,BH11JN
BH1 1LY,50.72295,-1.874707,BH11LY
BH1 1PE,50.72216,-1.869595,BH11PE
BH1 3DH,50.72016,-1.868326,BH13DH
BH1 3LB,50.72194,-1.862782,BH13LB
BH1 3QR,50.72518,-1.853635,BH13QR
BH1 3SW,50.72689,-1.855443,BH13SW
BH1 4HN,50.72733,-1.842407,BH14HN
BH1 4PS,50.72889,-1.85436,BH14PS
BH11 8AH,50.76114,-1.908675,BH118AH
BH11 8JP,50.75723,-1.922193,BH118JP
BH11 8LL,50.7553,-1.927768,BH118LL
BH12 1DZ,50.73066,-1.912276,BH121DZ
BH12 1ED,50.73011,-1.914303,BH121ED
BH12 3ND,50.7447,-1.942921,BH123ND
BH12 3NZ,50.74131,-1.941976,BH123NZ
BH12 4LB,50.74703,-1.93929,BH124LB
BH12 4NZ,50.74545,-1.950163,BH124NZ
BH12 4QT,50.7438,-1.95249,BH124QT
BH12 5AG,50.75123,-1.92776,BH125AG
BH14 0AS,50.72884,-1.94158,BH140AS
BH14 0AT,50.72892,-1.942657,BH140AT
BH14 0AX,50.72901,-1.94447,BH140AX
BH14 0JR,50.72312,-1.954111,BH140JR
BH14 0RS,50.73407,-1.956949,BH140RS
BH14 8DA,50.71813,-1.953507,BH148DA
BH14 9BN,50.72833,-1.926845,BH149BN
BH15 1BP,50.71332,-1.987902,BH151BP
BH15 1QG,50.7154,-1.983836,BH151QG
BH15 2AA,50.72651,-1.990761,BH152AA
BH15 2FR,50.72071,-1.971807,BH152FR
BH15 2FS,50.72149,-1.969908,BH152FS
BH15 2JD,50.72286,-1.971041,BH152JD
BH15 2PG,50.71971,-1.975434,BH152PG
BH15 3EE,50.73702,-1.983815,BH153EE
BH15 4HL,50.71501,-2.01167,BH154HL
BH16 5BN,50.73008,-2.019963,BH165BN
BH16 5QU,50.73985,-2.027662,BH165QU
BH16 6JL,50.72793,-2.068813,BH166JL
BH17 0GE,50.73979,-1.97677,BH170GE
BH17 7FJ,50.74243,-1.993876,BH177FJ
BH17 7FP,50.74286,-1.993578,BH177FP
BH17 8SA,50.74203,-1.964524,BH178SA
BH18 8AZ,50.76413,-1.993944,BH188AZ
BH18 8DD,50.76741,-1.987066,BH188DD
BH18 9HT,50.76027,-2.00214,BH189HT
BH19 1AR,50.61324,-1.968946,BH191AR
BH19 2QN,50.60884,-1.971351,BH192QN
BH2 5BD,50.71796,-1.877284,BH25BD
BH20 4FR,50.68507,-2.119398,BH204FR
BH20 4HN,50.68734,-2.108319,BH204HN
BH20 4LT,50.68531,-2.109829,BH204LT
BH20 7LS,50.73342,-2.219986,BH207LS
BH21 1NF,50.80106,-1.988291,BH211NF
BH21 1WW,50.79604,-1.976232,BH211WW
BH21 3AA,50.78477,-1.988409,BH213AA
BH21 7PT,50.80661,-1.916662,BH217PT
BH21 7RB,50.81379,-1.91418,BH217RB
BH21 7RU,50.80911,-1.917197,BH217RU
BH21 7UH,50.8075,-1.922891,BH217UH
BH22 0LE,50.82695,-1.889792,BH220LE
BH22 0NF,50.83956,-1.890188,BH220NF
BH22 8TR,50.77309,-1.878148,BH228TR
BH22 9AG,50.80036,-1.892139,BH229AG
BH22 9AT,50.8001,-1.891516,BH229AT
BH22 9BZ,50.80075,-1.892522,BH229BZ
BH22 9EN,50.80393,-1.898843,BH229EN
BH22 9FE,50.8031,-1.888231,BH229FE
BH22 9HZ,50.80196,-1.89022,BH229HZ
BH23 1EB,50.73502,-1.77071,BH231EB
BH23 1QD,50.73649,-1.779389,BH231QD
BH23 1QL,50.737,-1.780662,BH231QL
BH23 1QQ,50.7381,-1.781266,BH231QQ
BH23 2AR,50.74163,-1.796641,BH232AR
BH23 2LP,50.74815,-1.793168,BH232LP
BH23 3QG,50.74132,-1.744815,BH233QG
BH23 3TA,50.73746,-1.749696,BH233TA
BH23 3TS,50.73655,-1.748851,BH233TS
BH23 5HE,50.74257,-1.696125,BH235HE
BH23 6NW,50.78508,-1.849718,BH236NW
BH23 6NX,50.78484,-1.854215,BH236NX
BH23 8AA,50.78093,-1.735351,BH238AA
BH24 1DN,50.84541,-1.789998,BH241DN
BH24 1JD,50.84763,-1.789363,BH241JD
BH24 1LG,50.84505,-1.787841,BH241LG
BH24 2AG,50.84191,-1.805366,BH242AG
BH24 2NN,50.84257,-1.810065,BH242NN
BH25 5BS,50.75757,-1.638313,BH255BS
BH25 5EN,50.75735,-1.652775,BH255EN
BH25 5NT,50.76504,-1.655086,BH255NT
BH25 5PZ,50.74757,-1.628482,BH255PZ
BH25 6DF,50.75498,-1.658223,BH256DF
BH25 6DJ,50.75239,-1.65793,BH256DJ
BH25 6DN,50.75145,-1.658815,BH256DN
BH25 6DQ,50.75282,-1.6558,BH256DQ
BH25 6EB,50.7486,-1.662039,BH256EB
BH25 6HY,50.75399,-1.655097,BH256HY
BH25 6SB,50.75186,-1.665687,BH256SB
BH25 6TL,50.75362,-1.667759,BH256TL
BH3 7AN,50.73732,-1.879586,BH37AN
BH3 7BY,50.73593,-1.882366,BH37BY
BH3 7HZ,50.74036,-1.887401,BH37HZ
BH31 6EP,50.87175,-1.866124,BH316EP
BH4 9DW,50.72255,-1.900009,BH49DW
BH4 9HJ,50.7235,-1.903421,BH49HJ
BH5 1HD,50.72556,-1.837738,BH51HD
BH5 1HQ,50.72526,-1.835671,BH51HQ
BH6 3AA,50.72826,-1.791513,BH63AA
BH6 3ES,50.72446,-1.797508,BH63ES
BH6 3ET,50.72389,-1.798686,BH63ET
BH6 3QS,50.72631,-1.817434,BH63QS
BH6 4DD,50.71957,-1.784356,BH64DD
BH6 5NX,50.7351,-1.813488,BH65NX
BH7 6DS,50.73384,-1.818637,BH76DS
BH8 0DB,50.74897,-1.82748,BH80DB
BH8 8AS,50.72774,-1.860271,BH88AS
BH8 8BN,50.73294,-1.849643,BH88BN
BH8 8BT,50.73244,-1.851557,BH88BT
BH8 8DA,50.73054,-1.855672,BH88DA
BH8 8GS,50.72423,-1.865736,BH88GS
BH8 8JU,50.73169,-1.867726,BH88JU
BH8 8QS,50.73279,-1.863118,BH88QS
BH8 8TW,50.73722,-1.862284,BH88TW
BH8 9QR,50.74162,-1.862342,BH89QR
BH8 9SL,50.75343,-1.857984,BH89SL
BH9 1BJ,50.74117,-1.878385,BH91BJ
BH9 2BN,50.75461,-1.874821,BH92BN
BH9 2DZ,50.75052,-1.877327,BH92DZ
BH9 2EG,50.74854,-1.877856,BH92EG
BH9 2EN,50.74619,-1.878302,BH92EN
BH9 2JE,50.74162,-1.888857,BH92JE
BL0 0QH,53.66874,-2.310386,BL00QH
BL0 9AQ,53.64807,-2.316255,BL09AQ
BL0 9TA,53.62837,-2.330684,BL09TA
BL1 1PP,53.57817,-2.425168,BL11PP
BL1 1QD,53.57701,-2.42564,BL11QD
BL1 2AX,53.58113,-2.431965,BL12AX
BL1 3AA,53.58283,-2.440894,BL13AA
BL1 3AD,53.58282,-2.44248,BL13AD
BL1 3AS,53.58406,-2.447296,BL13AS
BL1 3JS,53.59451,-2.446138,BL13JS
BL1 4AP,53.5822,-2.442941,BL14AP
BL1 4AY,53.57868,-2.438751,BL14AY
BL1 4DH,53.58104,-2.450995,BL14DH
BL1 4JU,53.58723,-2.453115,BL14JU
BL1 4NX,53.5806,-2.454147,BL14NX
BL1 4PH,53.57964,-2.458774,BL14PH
BL1 4QR,53.58195,-2.441428,BL14QR
BL1 4QZ,53.58084,-2.448606,BL14QZ
BL1 4RF,53.57911,-2.449117,BL14RF
BL1 5BP,53.57949,-2.465478,BL15BP
BL1 5LW,53.58571,-2.465546,BL15LW
BL1 7AL,53.6022,-2.432361,BL17AL
BL1 8AN,53.59449,-2.443977,BL18AN
BL1 8AP,53.59365,-2.441158,BL18AP
BL1 8DF,53.59345,-2.441488,BL18DF
BL1 8HB,53.59373,-2.431701,BL18HB
BL1 8PB,53.58951,-2.42498,BL18PB
BL2 1DW,53.57541,-2.421501,BL21DW
BL2 1ES,53.5728,-2.422004,BL21ES
BL2 1JN,53.57634,-2.415213,BL21JN
BL2 2JW,53.59451,-2.413381,BL22JW
BL2 2LS,53.58914,-2.41064,BL22LS
BL2 2LW,53.58915,-2.409054,BL22LW
BL2 2QL,53.58797,-2.409133,BL22QL
BL2 2UD,53.58858,-2.416874,BL22UD
BL3 2NZ,53.56352,-2.410527,BL32NZ
BL3 3AJ,53.56173,-2.441278,BL33AJ
BL3 3AQ,53.56374,-2.443111,BL33AQ
BL3 3PJ,53.56435,-2.449473,BL33PJ
BL3 3PY,53.56221,-2.452772,BL33PY
BL3 3PZ,53.56126,-2.454996,BL33PZ
BL3 3QA,53.56115,-2.454346,BL33QA
BL3 4EW,53.56541,-2.45951,BL34EW
BL3 5BH,53.57013,-2.442151,BL35BH
BL3 5LX,53.56875,-2.446666,BL35LX
BL3 6BU,53.57116,-2.429205,BL36BU
BL3 6NE,53.56926,-2.429443,BL36NE
BL4 7NS,53.54981,-2.394487,BL47NS
BL4 7NY,53.54979,-2.395045,BL47NY
BL4 9HP,53.54513,-2.399378,BL49HP
BL5 3JD,53.55036,-2.49684,BL53JD
BL5 3NE,53.56187,-2.532394,BL53NE
BL5 3QJ,53.55945,-2.523623,BL53QJ
BL5 3XE,53.56129,-2.53595,BL53XE
BL6 4DL,53.57949,-2.501093,BL64DL
BL6 5NA,53.59788,-2.541292,BL65NA
BL6 5PP,53.59293,-2.542196,BL65PP
BL6 7AE,53.60048,-2.547067,BL67AE
BL6 7AX,53.60006,-2.546065,BL67AX
BL7 9AB,53.61062,-2.414521,BL79AB
BL7 9RP,53.62653,-2.443482,BL79RP
BL8 1JJ,53.61371,-2.31831,BL81JJ
BL8 2NP,53.59152,-2.313973,BL82NP
BL8 3GY,53.61148,-2.337807,BL83GY
BL8 3LJ,53.61303,-2.340812,BL83LJ
BL9 0DZ,53.59182,-2.300439,BL90DZ
BL9 0JP,53.59407,-2.295801,BL90JP
BL9 0ND,53.59538,-2.292668,BL90ND
BL9 5BJ,53.60082,-2.294639,BL95BJ
BL9 5BN,53.59858,-2.293476,BL95BN
BL9 5BT,53.59802,-2.294363,BL95BT
BL9 5HQ,53.61,-2.297772,BL95HQ
BL9 6AS,53.59648,-2.286405,BL96AS
BL9 6BF,53.59596,-2.282896,BL96BF
BL9 6BU,53.59949,-2.283418,BL96BU
BL9 6HH,53.59931,-2.285502,BL96HH
BL9 6LQ,53.60125,-2.281103,BL96LQ
BL9 7BE,53.59435,-2.283535,BL97BE
BL9 7NX,53.59358,-2.265671,BL97NX
BL9 9AH,53.5867,-2.289692,BL99AH
BL9 9GQ,53.57651,-2.288641,BL99GQ
BL9 9GR,53.58521,-2.284214,BL99GR
BL9 9HN,53.58225,-2.29655,BL99HN
BL9 9JN,53.58421,-2.292047,BL99JN
BL9 9SW,53.57061,-2.295321,BL99SW
BN1 1EA,50.82263,-0.139433,BN11EA
BN1 3XE,50.82794,-0.141323,BN13XE
BN1 3XF,50.82649,-0.141878,BN13XF
BN1 4DU,50.82939,-0.139916,BN14DU
BN1 4ST,50.83352,-0.134498,BN14ST
BN1 5EJ,50.86182,-0.156716,BN15EJ
BN1 5FL,50.85677,-0.163124,BN15FL
BN1 6AF,50.83713,-0.14573,BN16AF
BN1 6HD,50.84015,-0.141449,BN16HD
BN1 6JJ,50.84634,-0.135549,BN16JJ
BN1 6WT,50.8473,-0.153112,BN16WT
BN1 7GA,50.84033,-0.131939,BN17GA
BN1 7GE,50.84404,-0.130158,BN17GE
BN1 8AF,50.86709,-0.123849,BN18AF
BN1 9EZ,50.86359,-0.11373,BN19EZ
BN1 9SB,50.86435,-0.082733,BN19SB
BN10 7QJ,50.79902,-0.000715,BN107QJ
BN10 7RH,50.80317,-0.001744,BN107RH
BN10 8BB,50.79581,0.001901,BN108BB
BN10 8SL,50.78909,0.011631,BN108SL
BN10 8SU,50.78813,0.018045,BN108SU
BN10 8TG,50.7898,0.019096,BN108TG
BN11 1EG,50.81244,-0.370735,BN111EG
BN11 1EX,50.81163,-0.370806,BN111EX
BN11 1LB,50.81866,-0.367466,BN111LB
BN11 1LY,50.81311,-0.369023,BN111LY
BN11 1QN,50.81109,-0.372613,BN111QN
BN11 1RY,50.81326,-0.371303,BN111RY
BN11 1SU,50.81245,-0.370934,BN111SU
BN11 1TA,50.81075,-0.372199,BN111TA
BN11 1UY,50.81784,-0.377574,BN111UY
BN11 2QS,50.81812,-0.352096,BN112QS
BN11 3JJ,50.80972,-0.379588,BN113JJ
BN11 3RN,50.80849,-0.385279,BN113RN
BN11 4AQ,50.8131,-0.384694,BN114AQ
BN11 4BR,50.81237,-0.377778,BN114BR
BN11 4DP,50.81712,-0.378366,BN114DP
BN11 4JN,50.81594,-0.387932,BN114JN
BN11 4SS,50.81803,-0.392943,BN114SS
BN11 5SA,50.81407,-0.404322,BN115SA
BN12 4AD,50.81359,-0.40289,BN124AD
BN12 4AP,50.81325,-0.402192,BN124AP
BN12 4HZ,50.80848,-0.413412,BN124HZ
BN12 4NX,50.81197,-0.422278,BN124NX
BN12 4SG,50.81431,-0.417359,BN124SG
BN12 4TX,50.81574,-0.430882,BN124TX
BN12 5DP,50.81463,-0.446165,BN125DP
BN12 5HL,50.81376,-0.447883,BN125HL
BN12 5JP,50.81548,-0.446761,BN125JP
BN12 6PP,50.82223,-0.45605,BN126PP
BN13 2AW,50.82881,-0.409683,BN132AW
BN13 2GZ,50.82821,-0.41091,BN132GZ
BN13 2TF,50.83103,-0.41303,BN132TF
BN14 0AX,50.84093,-0.392014,BN140AX
BN14 0SA,50.8672,-0.405762,BN140SA
BN14 0SE,50.86742,-0.406195,BN140SE
BN14 7LS,50.81986,-0.391999,BN147LS
BN14 7RN,50.82912,-0.378532,BN147RN
BN14 7TL,50.83066,-0.380722,BN147TL
BN14 8BX,50.81922,-0.37047,BN148BX
BN14 8NL,50.8291,-0.362842,BN148NL
BN14 9AW,50.8276,-0.369241,BN149AW
BN14 9DE,50.82971,-0.376381,BN149DE
BN14 9LU,50.83163,-0.374369,BN149LU
BN14 9RY,50.83067,-0.392182,BN149RY
BN15 8AF,50.82061,-0.33118,BN158AF
BN15 8TA,50.82249,-0.338112,BN158TA
BN15 9EL,50.83347,-0.315511,BN159EL
BN16 2SE,50.80434,-0.510613,BN162SE
BN16 3BJ,50.81292,-0.503186,BN163BJ
BN16 3BZ,50.81072,-0.504591,BN163BZ
BN16 3DA,50.81084,-0.505949,BN163DA
BN16 4EA,50.82846,-0.484499,BN164EA
BN17 5AR,50.80873,-0.541189,BN175AR
BN17 5FE,50.8089,-0.536045,BN175FE
BN17 5JA,50.80853,-0.539719,BN175JA
BN17 5QZ,50.81121,-0.587172,BN175QZ
BN17 6BP,50.81002,-0.541631,BN176BP
BN17 7TL,50.82282,-0.544611,BN177TL
BN18 0AA,50.85886,-0.569748,BN180AA
BN18 0GA,50.82489,-0.610343,BN180GA
BN18 9DL,50.85318,-0.557036,BN189DL
BN2 0AQ,50.82154,-0.125747,BN20AQ
BN2 0FE,50.82492,-0.118185,BN20FE
BN2 1RP,50.82168,-0.132442,BN21RP
BN2 1TS,50.82011,-0.132448,BN21TS
BN2 3AX,50.83224,-0.123458,BN23AX
BN2 4AE,50.83806,-0.12375,BN24AE
BN2 5NS,50.81847,-0.105312,BN25NS
BN2 5QL,50.83103,-0.10584,BN25QL
BN2 6AH,50.83991,-0.072372,BN26AH
BN2 6BA,50.83591,-0.079936,BN26BA
BN2 6NT,50.84007,-0.074695,BN26NT
BN2 7HE,50.80456,-0.058102,BN27HE
BN2 8FA,50.80721,-0.041172,BN28FA
BN2 9AA,50.82651,-0.133229,BN29AA
BN2 9AJ,50.82745,-0.13366,BN29AJ
BN2 9NE,50.828,-0.133795,BN29NE
BN2 9SH,50.8313,-0.128508,BN29SH
BN20 0DL,50.7588,0.208289,BN200DL
BN20 7AT,50.75972,0.278509,BN207AT
BN20 8QX,50.78287,0.254807,BN208QX
BN21 1HG,50.77228,0.268637,BN211HG
BN21 1HS,50.77237,0.26294,BN211HS
BN21 1QN,50.77257,0.26085,BN211QN
BN21 2BU,50.77747,0.280989,BN212BU
BN21 2RF,50.78138,0.269716,BN212RF
BN21 3HP,50.76929,0.289909,BN213HP
BN21 3QY,50.77051,0.28465,BN213QY
BN21 3TJ,50.76963,0.288436,BN213TJ
BN21 3UU,50.77293,0.283775,BN213UU
BN21 3UY,50.77381,0.284768,BN213UY
BN21 3XQ,50.77068,0.281779,BN213XQ
BN21 4NN,50.76516,0.285056,BN214NN
BN21 4PN,50.76813,0.283073,BN214PN
BN21 4RB,50.76835,0.281155,BN214RB
BN21 4RU,50.7677,0.281166,BN214RU
BN21 4RY,50.76683,0.281194,BN214RY
BN21 4UT,50.7664,0.28089,BN214UT
BN22 7AN,50.77206,0.297463,BN227AN
BN22 7RH,50.7801,0.300268,BN227RH
BN22 8FD,50.77869,0.298114,BN228FD
BN22 8LS,50.77597,0.28954,BN228LS
BN22 8UY,50.78017,0.287163,BN228UY
BN22 9QB,50.7961,0.276588,BN229QB
BN22 9QJ,50.79837,0.270184,BN229QJ
BN22 9QN,50.79167,0.266979,BN229QN
BN23 6FA,50.79881,0.327286,BN236FA
BN23 6PA,50.78783,0.30804,BN236PA
BN23 6PE,50.78968,0.304939,BN236PE
BN23 7FD,50.79882,0.308297,BN237FD
BN25 1FF,50.77167,0.095982,BN251FF
BN25 1NP,50.77305,0.101391,BN251NP
BN25 1QU,50.77308,0.103023,BN251QU
BN25 2HN,50.78204,0.10185,BN252HN
BN25 3HJ,50.78064,0.118939,BN253HJ
BN26 6EA,50.82217,0.249373,BN266EA
BN26 6HY,50.81862,0.272728,BN266HY
BN27 1FA,50.86617,0.260458,BN271FA
BN27 2AE,50.86198,0.260781,BN272AE
BN27 2BY,50.85425,0.267668,BN272BY
BN27 2JQ,50.86149,0.263258,BN272JQ
BN27 4NN,50.89003,0.321776,BN274NN
BN3 1AP,50.82431,-0.156205,BN31AP
BN3 1DN,50.82703,-0.155076,BN31DN
BN3 1FG,50.82623,-0.160049,BN31FG
BN3 2AF,50.82802,-0.171665,BN32AF
BN3 2BB,50.82752,-0.167339,BN32BB
BN3 2BD,50.82736,-0.166124,BN32BD
BN3 2DL,50.82809,-0.1749,BN32DL
BN3 2WB,50.82501,-0.175957,BN32WB
BN3 3DH,50.82873,-0.171822,BN33DH
BN3 3DJ,50.82991,-0.171222,BN33DJ
BN3 3RE,50.83231,-0.175786,BN33RE
BN3 3RN,50.83252,-0.173264,BN33RN
BN3 3RU,50.83435,-0.171474,BN33RU
BN3 4EE,50.8331,-0.206175,BN34EE
BN3 4GJ,50.82814,-0.185022,BN34GJ
BN3 4GS,50.82685,-0.181977,BN34GS
BN3 5PA,50.83077,-0.184835,BN35PA
BN3 6BE,50.84776,-0.18044,BN36BE
BN3 6EU,50.83392,-0.15729,BN36EU
BN3 6HA,50.83604,-0.171692,BN36HA
BN3 6HR,50.83566,-0.169478,BN36HR
BN3 7BA,50.83723,-0.175552,BN37BA
BN3 7GB,50.83707,-0.204602,BN37GB
BN3 7GS,50.83851,-0.200939,BN37GS
BN3 7LW,50.84073,-0.190642,BN37LW
BN41 1UR,50.83751,-0.20494,BN411UR
BN41 1UY,50.82878,-0.206155,BN411UY
BN41 2DP,50.84417,-0.20808,BN412DP
BN43 5DB,50.83265,-0.278177,BN435DB
BN43 5DD,50.83166,-0.276084,BN435DD
BN43 5EG,50.83257,-0.279047,BN435EG
BN43 6EH,50.83425,-0.247926,BN436EH
BN6 8SG,50.94782,-0.093339,BN68SG
BN6 9DY,50.9195,-0.222915,BN69DY
BN6 9HN,50.95647,-0.188158,BN69HN
BN6 9PB,50.93298,-0.150659,BN69PB
BN6 9UE,50.939,-0.182461,BN69UE
BN7 1UE,50.87178,0.00089,BN71UE
BN7 2BY,50.87803,0.016695,BN72BY
BN8 4FP,50.93748,-0.028275,BN84FP
BN8 5NN,50.89742,0.074574,BN85NN
BN8 6BN,50.89376,0.15039,BN86BN
BN9 0AD,50.79534,0.056754,BN90AD
BN9 9BA,50.79674,0.049564,BN99BA
BN9 9BB,50.79567,0.050426,BN99BB
BN9 9QS,50.79424,0.049597,BN99QS
BR1 1AS,51.39899,0.016191,BR11AS
BR1 1LT,51.40199,0.018278,BR11LT
BR1 1LU,51.40171,0.017489,BR11LU
BR1 1QQ,51.40741,0.016216,BR11QQ
BR1 1QU,51.40718,0.016421,BR11QU
BR1 1RJ,51.40776,0.018417,BR11RJ
BR1 1SD,51.40797,0.01509,BR11SD
BR1 2PU,51.40804,0.033988,BR12PU
BR1 2SR,51.40084,0.033553,BR12SR
BR1 3AX,51.40669,0.030793,BR13AX
BR1 3HJ,51.40813,0.02164,BR13HJ
BR1 3RG,51.41296,0.010651,BR13RG
BR1 5AA,51.42029,0.019444,BR15AA
BR1 5EJ,51.42967,0.016952,BR15EJ
BR2 0RD,51.39593,0.003765,BR20RD
BR2 6HQ,51.36664,0.039323,BR26HQ
BR2 7EY,51.37611,0.006895,BR27EY
BR2 8BQ,51.389,0.062824,BR28BQ
BR2 8DU,51.38282,0.057459,BR28DU
BR2 8EP,51.38768,0.04671,BR28EP
BR2 8FE,51.38453,0.039528,BR28FE
BR2 8GP,51.37654,0.047694,BR28GP
BR2 8HG,51.37422,0.039114,BR28HG
BR2 9BE,51.39061,0.014615,BR29BE
BR2 9GL,51.38758,0.037163,BR29GL
BR2 9LD,51.39689,0.029367,BR29LD
BR2 9LE,51.39841,0.030843,BR29LE
BR2 9NN,51.3953,0.031813,BR29NN
BR2 9QQ,51.39165,0.036697,BR29QQ
BR3 1AE,51.40632,-0.028966,BR31AE
BR3 1BN,51.40664,-0.031799,BR31BN
BR3 1DT,51.40884,-0.027031,BR31DT
BR3 1RW,51.42047,-0.025438,BR31RW
BR3 3RY,51.38963,-0.042088,BR33RY
BR3 4BY,51.39485,-0.051453,BR34BY
BR3 4HY,51.40945,-0.034698,BR34HY
BR3 4LY,51.4099,-0.041423,BR34LY
BR3 4LZ,51.40958,-0.041308,BR34LZ
BR3 4PR,51.40828,-0.038458,BR34PR
BR3 4RP,51.40989,-0.045752,BR34RP
BR3 5NP,51.40692,-0.017998,BR35NP
BR4 0LZ,51.37731,-0.021115,BR40LZ
BR4 9HY,51.3699,0.002745,BR49HY
BR5 1NA,51.38969,0.074397,BR51NA
BR5 1PQ,51.39194,0.07516,BR51PQ
BR5 3EJ,51.39665,0.113772,BR53EJ
BR5 3LN,51.39478,0.12277,BR53LN
BR5 3QB,51.39074,0.109517,BR53QB
BR5 3QF,51.39143,0.111332,BR53QF
BR5 3QY,51.39809,0.109842,BR53QY
BR5 4AQ,51.38453,0.110626,BR54AQ
BR5 4LZ,51.38038,0.113238,BR54LZ
BR6 0HH,51.37862,0.104319,BR60HH
BR6 0HP,51.38298,0.100983,BR60HP
BR6 0HQ,51.38031,0.102226,BR60HQ
BR6 0JA,51.3748,0.097332,BR60JA
BR6 0NQ,51.37366,0.097496,BR60NQ
BR6 7AA,51.36673,0.06079,BR67AA
BR6 7DB,51.35904,0.071778,BR67DB
BR6 7SE,51.34536,0.107936,BR67SE
BR6 9LB,51.36499,0.09302,BR69LB
BR6 9XQ,51.36159,0.096543,BR69XQ
BR7 5AE,51.41749,0.067889,BR75AE
BR7 5DW,51.41932,0.0511,BR75DW
BR7 5FT,51.40933,0.077687,BR75FT
BR7 6NR,51.41159,0.075373,BR76NR
BR7 6TG,51.42478,0.068765,BR76TG
BR8 7BU,51.39425,0.167366,BR87BU
BR8 8AP,51.39687,0.18257,BR88AP
BS1 3AG,51.45704,-2.585418,BS13AG
BS1 4DJ,51.45173,-2.596864,BS14DJ
BS1 4NT,51.45081,-2.593211,BS14NT
BS1 4XE,51.4547,-2.597536,BS14XE
BS1 5QT,51.45336,-2.604153,BS15QT
BS10 5DW,51.49327,-2.603557,BS105DW
BS10 5PY,51.50008,-2.608027,BS105PY
BS10 6AS,51.50327,-2.602925,BS106AS
BS10 6TW,51.49882,-2.614219,BS106TW
BS10 7EH,51.50747,-2.621813,BS107EH
BS10 7QH,51.5102,-2.630093,BS107QH
BS10 7TT,51.52129,-2.617303,BS107TT
BS11 0AF,51.50046,-2.658931,BS110AF
BS11 8DE,51.50275,-2.68546,BS118DE
BS13 8AE,51.42104,-2.630564,BS138AE
BS13 8EL,51.41163,-2.617679,BS138EL
BS13 9NQ,51.4085,-2.607356,BS139NQ
BS14 0BB,51.41162,-2.592903,BS140BB
BS14 8AB,51.41141,-2.546285,BS148AB
BS14 9EW,51.41349,-2.56657,BS149EW
BS14 9HY,51.41344,-2.560085,BS149HY
BS15 1AP,51.46339,-2.515612,BS151AP
BS15 1PR,51.46993,-2.507135,BS151PR
BS15 1TF,51.46587,-2.515798,BS151TF
BS15 3BX,51.45021,-2.509218,BS153BX
BS15 3DR,51.44911,-2.517508,BS153DR
BS15 3DS,51.44869,-2.516597,BS153DS
BS15 3FG,51.44258,-2.510773,BS153FG
BS15 8AH,51.45998,-2.520467,BS158AH
BS15 8BD,51.45736,-2.515328,BS158BD
BS15 8DB,51.45914,-2.51624,BS158DB
BS15 8DT,51.45976,-2.508907,BS158DT
BS15 8JF,51.46017,-2.511171,BS158JF
BS15 8LX,51.46184,-2.506814,BS158LX
BS15 8ND,51.46043,-2.507792,BS158ND
BS16 1AB,51.49802,-2.564767,BS161AB
BS16 1EJ,51.50223,-2.541839,BS161EJ
BS16 1NN,51.50238,-2.515073,BS161NN
BS16 2ED,51.48082,-2.533996,BS162ED
BS16 2NA,51.48462,-2.523312,BS162NA
BS16 2PU,51.48908,-2.51884,BS162PU
BS16 2QQ,51.48589,-2.52262,BS162QQ
BS16 3RY,51.47684,-2.525325,BS163RY
BS16 4QG,51.48027,-2.506731,BS164QG
BS16 4QR,51.47741,-2.507693,BS164QR
BS16 4QS,51.47691,-2.50593,BS164QS
BS16 4RE,51.47459,-2.508295,BS164RE
BS16 4RU,51.47505,-2.50496,BS164RU
BS16 5EL,51.481,-2.513507,BS165EL
BS16 5JN,51.48342,-2.50737,BS165JN
BS16 5LS,51.48115,-2.503673,BS165LS
BS16 5NJ,51.48072,-2.500803,BS165NJ
BS16 5PJ,51.48353,-2.498299,BS165PJ
BS16 5SE,51.4875,-2.503757,BS165SE
BS16 6FG,51.4969,-2.489527,BS166FG
BS16 6HN,51.48987,-2.504028,BS166HN
BS16 7HQ,51.49593,-2.47177,BS167HQ
BS16 7PS,51.50258,-2.470931,BS167PS
BS16 9HD,51.48408,-2.485631,BS169HD
BS2 0EZ,51.45636,-2.581207,BS20EZ
BS2 8PE,51.46038,-2.587275,BS28PE
BS2 8QU,51.46264,-2.58572,BS28QU
BS2 8YA,51.46516,-2.581304,BS28YA
BS2 9AT,51.46759,-2.578672,BS29AT
BS20 0DH,51.48013,-2.689338,BS200DH
BS20 7AN,51.48492,-2.760167,BS207AN
BS20 7NY,51.48775,-2.754093,BS207NY
BS21 6FW,51.43868,-2.840989,BS216FW
BS21 6GA,51.42936,-2.855044,BS216GA
BS21 6UP,51.42254,-2.848618,BS216UP
BS21 6UU,51.42209,-2.869535,BS216UU
BS21 7BT,51.45034,-2.852155,BS217BT
BS21 7NE,51.44092,-2.854253,BS217NE
BS21 7PD,51.44252,-2.856484,BS217PD
BS22 6HB,51.35984,-2.929612,BS226HB
BS22 6JE,51.36039,-2.926004,BS226JE
BS22 7SB,51.36225,-2.900532,BS227SB
BS22 8NG,51.34521,-2.942885,BS228NG
BS22 9QX,51.35946,-2.950129,BS229QX
BS23 1HL,51.3485,-2.980272,BS231HL
BS23 1NR,51.35042,-2.976048,BS231NR
BS23 1TR,51.34633,-2.976909,BS231TR
BS23 1UG,51.34663,-2.976456,BS231UG
BS23 3BB,51.34867,-2.969707,BS233BB
BS23 3NW,51.34145,-2.968622,BS233NW
BS23 4AF,51.33715,-2.974144,BS234AF
BS23 4BN,51.33514,-2.980633,BS234BN
BS24 0QE,51.30985,-2.956006,BS240QE
BS24 7FY,51.35636,-2.911633,BS247FY
BS24 7JN,51.3549,-2.912523,BS247JN
BS24 8EE,51.34172,-2.936339,BS248EE
BS24 8PA,51.32869,-2.898899,BS248PA
BS24 9AY,51.32677,-2.957878,BS249AY
BS24 9XL,51.3255,-2.947619,BS249XL
BS25 5AA,51.33163,-2.839231,BS255AA
BS26 2TT,51.26303,-2.912597,BS262TT
BS26 2UG,51.26843,-2.914539,BS262UG
BS27 3QT,51.27715,-2.766769,BS273QT
BS27 3RU,51.26307,-2.76149,BS273RU
BS28 4EB,51.2274,-2.808305,BS284EB
BS3 2ST,51.43094,-2.618085,BS32ST
BS3 3NJ,51.43826,-2.602128,BS33NJ
BS3 5QN,51.43212,-2.602407,BS35QN
BS30 7AU,51.44429,-2.493728,BS307AU
BS30 8EZ,51.44735,-2.485818,BS308EZ
BS30 8XG,51.45873,-2.474568,BS308XG
BS31 1HG,51.41428,-2.496207,BS311HG
BS31 2GJ,51.4227,-2.494055,BS312GJ
BS31 2UG,51.41662,-2.492508,BS312UG
BS31 3DJ,51.40208,-2.459331,BS313DJ
BS32 4AQ,51.54478,-2.570221,BS324AQ
BS32 4JT,51.54884,-2.552806,BS324JT
BS32 4NQ,51.54814,-2.553404,BS324NQ
BS32 4QL,51.54739,-2.557836,BS324QL
BS32 4QW,51.54896,-2.555476,BS324QW
BS32 4TD,51.54263,-2.572112,BS324TD
BS32 8FB,51.53539,-2.549659,BS328FB
BS32 9BT,51.53707,-2.55399,BS329BT
BS34 5BH,51.52901,-2.574262,BS345BH
BS34 5LP,51.53843,-2.582787,BS345LP
BS34 5NF,51.53559,-2.585691,BS345NF
BS34 5TY,51.52452,-2.58836,BS345TY
BS34 8AT,51.51363,-2.530619,BS348AT
BS34 8QB,51.51247,-2.538575,BS348QB
BS35 1HQ,51.61304,-2.530882,BS351HQ
BS35 2LW,51.60962,-2.515304,BS352LW
BS35 4PL,51.56002,-2.664871,BS354PL
BS36 2NY,51.53368,-2.448962,BS362NY
BS36 2UP,51.50798,-2.463566,BS362UP
BS37 4BB,51.53924,-2.413143,BS374BB
BS37 5AF,51.54064,-2.43898,BS375AF
BS37 5HZ,51.54122,-2.431041,BS375HZ
BS37 5NH,51.54596,-2.433436,BS375NH
BS37 5UY,51.54891,-2.417759,BS375UY
BS37 6AH,51.53791,-2.395093,BS376AH
BS37 6BA,51.53838,-2.395328,BS376BA
BS37 6FG,51.54033,-2.398055,BS376FG
BS37 7EP,51.56029,-2.422479,BS377EP
BS37 7LE,51.54914,-2.436236,BS377LE
BS39 7SX,51.29417,-2.501352,BS397SX
BS4 1BB,51.4287,-2.577878,BS41BB
BS4 1DQ,51.43054,-2.581354,BS41DQ
BS4 1ET,51.42016,-2.584385,BS41ET
BS4 1HA,51.42428,-2.582453,BS41HA
BS4 1NL,51.42544,-2.592422,BS41NL
BS4 1TN,51.41919,-2.597676,BS41TN
BS4 2NZ,51.43418,-2.554383,BS42NZ
BS4 2UG,51.42976,-2.5646,BS42UG
BS4 4ED,51.4519,-2.550914,BS44ED
BS4 5NL,51.4306,-2.541077,BS45NL
BS4 5QH,51.43649,-2.536428,BS45QH
BS4 5RG,51.43198,-2.535038,BS45RG
BS48 1RB,51.43233,-2.758992,BS481RB
BS49 4GB,51.39746,-2.838077,BS494GB
BS5 0AX,51.45626,-2.563675,BS50AX
BS5 0BT,51.45817,-2.565743,BS50BT
BS5 0BZ,51.45655,-2.566097,BS50BZ
BS5 0HE,51.4621,-2.567634,BS50HE
BS5 0NP,51.46611,-2.569224,BS50NP
BS5 0TG,51.46078,-2.577664,BS50TG
BS5 6AF,51.46305,-2.562837,BS56AF
BS5 6XX,51.47343,-2.567803,BS56XX
BS5 8AU,51.45565,-2.551937,BS58AU
BS5 8BL,51.45396,-2.534286,BS58BL
BS5 8FN,51.45771,-2.528113,BS58FN
BS5 8HX,51.45863,-2.536241,BS58HX
BS5 8NL,51.4579,-2.522905,BS58NL
BS5 9AP,51.46351,-2.553428,BS59AP
BS5 9FD,51.45296,-2.564714,BS59FD
BS5 9JJ,51.45821,-2.562821,BS59JJ
BS5 9PQ,51.45552,-2.552699,BS59PQ
BS6 5EA,51.46829,-2.589536,BS65EA
BS6 5ER,51.46841,-2.584844,BS65ER
BS6 5NJ,51.46524,-2.587539,BS65NJ
BS6 5QZ,51.46861,-2.592275,BS65QZ
BS6 7QQ,51.48029,-2.615094,BS67QQ
BS7 0FD,51.49912,-2.583854,BS70FD
BS7 0PB,51.4963,-2.580966,BS70PB
BS7 0RQ,51.50138,-2.576579,BS70RQ
BS7 8AT,51.47279,-2.59089,BS78AT
BS7 9FB,51.49007,-2.562522,BS79FB
BS8 1QU,51.45712,-2.607297,BS81QU
BS8 2XQ,51.46731,-2.619972,BS82XQ
BS8 3AU,51.45766,-2.613522,BS83AU
BS8 3RA,51.46898,-2.659787,BS83RA
BS8 4AE,51.45575,-2.618822,BS84AE
BS8 4JH,51.45603,-2.620683,BS84JH
BS9 2DR,51.48649,-2.64126,BS92DR
BS9 2HL,51.48458,-2.649932,BS92HL
BS9 3DH,51.49288,-2.619829,BS93DH
BS9 3EF,51.49419,-2.618104,BS93EF
BS9 3TL,51.48455,-2.619169,BS93TL
BS9 4PN,51.49149,-2.599414,BS94PN
CA1 1DB,54.89389,-2.931711,CA11DB
CA1 1RD,54.89052,-2.928359,CA11RD
CA1 2QL,54.88259,-2.911358,CA12QL
CA1 2QS,54.87966,-2.911105,CA12QS
CA1 2RU,54.89444,-2.903362,CA12RU
CA1 2ST,54.89295,-2.894598,CA12ST
CA1 2TX,54.89084,-2.906633,CA12TX
CA1 3AW,54.87626,-2.907631,CA13AW
CA1 3NQ,54.88268,-2.909131,CA13NQ
CA1 3RY,54.88412,-2.886982,CA13RY
CA11 0DT,54.64959,-2.771009,CA110DT
CA11 0JG,54.65082,-2.843642,CA110JG
CA11 7GN,54.6627,-2.751987,CA117GN
CA11 7LY,54.66626,-2.755433,CA117LY
CA11 7XF,54.6658,-2.753409,CA117XF
CA11 8ET,54.66212,-2.748675,CA118ET
CA11 8LD,54.66037,-2.741326,CA118LD
CA11 9BF,54.66447,-2.768609,CA119BF
CA11 9BS,54.66226,-2.763792,CA119BS
CA11 9FB,54.67003,-2.767675,CA119FB
CA11 9FY,54.66332,-2.769068,CA119FY
CA11 9GQ,54.65599,-2.760854,CA119GQ
CA14 1AX,54.65271,-3.549042,CA141AX
CA14 1BA,54.65168,-3.551127,CA141BA
CA14 2JD,54.64595,-3.562718,CA142JD
CA14 2LT,54.64263,-3.547853,CA142LT
CA14 3YA,54.63453,-3.563132,CA143YA
CA14 3YJ,54.64712,-3.551232,CA143YJ
CA14 3YP,54.63397,-3.568657,CA143YP
CA14 5HA,54.61848,-3.564297,CA145HA
CA15 8HP,54.70713,-3.491825,CA158HP
CA15 8NF,54.70626,-3.502239,CA158NF
CA15 8RP,54.68519,-3.52473,CA158RP
CA16 6AW,54.60131,-2.560273,CA166AW
CA2 4BS,54.87931,-2.935785,CA24BS
CA2 4NE,54.87382,-2.915399,CA24NE
CA2 5HD,54.88621,-2.941168,CA25HD
CA2 5XF,54.89243,-2.94242,CA25XF
CA25 5LB,54.52127,-3.514799,CA255LB
CA27 0DU,54.49615,-3.591104,CA270DU
CA28 7HZ,54.54621,-3.590967,CA287HZ
CA28 7JB,54.54692,-3.591242,CA287JB
CA28 8QD,54.53592,-3.568186,CA288QD
CA28 8YU,54.54326,-3.555529,CA288YU
CA28 9HD,54.53769,-3.594453,CA289HD
CA3 0JG,54.93095,-2.956741,CA30JG
CA3 0LJ,54.92981,-2.957448,CA30LJ
CA3 8QG,54.89752,-2.934648,CA38QG
CA3 8RY,54.89537,-2.937234,CA38RY
CA3 9DG,54.90495,-2.936879,CA39DG
CA3 9HP,54.90681,-2.940666,CA39HP
CA4 8RE,54.90383,-2.822039,CA48RE
CA4 8RR,54.90195,-2.815264,CA48RR
CA6 4SN,54.93142,-2.96131,CA64SN
CA6 5UE,55.00903,-2.972437,CA65UE
CA7 0DT,54.83059,-3.215419,CA70DT
CA7 4AA,54.86895,-3.387889,CA74AA
CA7 9JR,54.81891,-3.161624,CA79JR
CB1 2AW,52.20055,0.136537,CB12AW
CB1 2DR,52.20045,0.137366,CB12DR
CB1 2LD,52.20458,0.136511,CB12LD
CB1 7BN,52.18933,0.138251,CB17BN
CB1 8QD,52.18079,0.153318,CB18QD
CB1 8QJ,52.18106,0.15197,CB18QJ
CB10 1AX,52.02346,0.238806,CB101AX
CB10 1HL,52.02433,0.241881,CB101HL
CB10 1LR,52.02275,0.247706,CB101LR
CB10 1UD,52.05578,0.213481,CB101UD
CB10 2YY,52.02423,0.253786,CB102YY
CB11 3AQ,52.0207,0.255853,CB113AQ
CB11 3PG,51.98133,0.21368,CB113PG
CB11 3RP,51.98823,0.207451,CB113RP
CB11 4AY,52.00961,0.243214,CB114AY
CB11 4QU,51.97487,0.156605,CB114QU
CB2 3QJ,52.2048,0.119295,CB23QJ
CB2 9EH,52.16979,0.122106,CB29EH
CB21 4AF,52.09998,0.277506,CB214AF
CB21 4XN,52.09346,0.272619,CB214XN
CB21 5DQ,52.18732,0.2093,CB215DQ
CB21 5EP,52.18341,0.224423,CB215EP
CB21 5LS,52.13911,0.344011,CB215LS
CB22 3DR,52.12865,0.173129,CB223DR
CB22 3HE,52.11708,0.169103,CB223HE
CB22 4QJ,52.09399,0.125018,CB224QJ
CB22 5BX,52.14676,0.158224,CB225BX
CB22 5EG,52.15125,0.136208,CB225EG
CB22 5GA,52.15193,0.092108,CB225GA
CB22 7QL,52.14303,0.091442,CB227QL
CB23 2TA,52.20292,-0.054173,CB232TA
CB23 3UY,52.25111,-0.118624,CB233UY
CB23 6DP,52.22102,-0.072343,CB236DP
CB23 6DW,52.22267,-0.074482,CB236DW
CB23 6HJ,52.21981,-0.07036,CB236HJ
CB23 6JD,52.2196,-0.049887,CB236JD
CB23 7QJ,52.21765,0.009918,CB237QJ
CB24 4QG,52.3016,-0.003209,CB244QG
CB24 5ES,52.31251,0.056215,CB245ES
CB24 5LP,52.31876,0.053541,CB245LP
CB24 6AT,52.23795,0.158106,CB246AT
CB24 8QZ,52.28862,0.129598,CB248QZ
CB24 8RJ,52.28668,0.133083,CB248RJ
CB24 9AD,52.24368,0.109766,CB249AD
CB24 9LQ,52.2499,0.107204,CB249LQ
CB25 0AB,52.27892,0.332484,CB250AB
CB25 0HJ,52.27186,0.328727,CB250HJ
CB25 9GL,52.27234,0.18207,CB259GL
CB25 9PB,52.27195,0.185422,CB259PB
CB25 9PY,52.27053,0.18226,CB259PY
CB3 0AX,52.21392,0.113932,CB30AX
CB4 0PP,52.23182,0.151628,CB40PP
CB4 0WX,52.22936,0.156737,CB40WX
CB4 1UN,52.22323,0.160422,CB41UN
CB4 2HA,52.22646,0.115275,CB42HA
CB4 2HY,52.23482,0.129527,CB42HY
CB4 2PS,52.23118,0.135855,CB42PS
CB4 2RD,52.22618,0.135527,CB42RD
CB4 2YQ,52.23303,0.113713,CB42YQ
CB4 3EY,52.21851,0.111632,CB43EY
CB5 8LA,52.21354,0.150715,CB58LA
CB5 8NH,52.21012,0.158498,CB58NH
CB5 8RN,52.20975,0.166092,CB58RN
CB5 8UU,52.20738,0.167206,CB58UU
CB6 1BA,52.40243,0.256002,CB61BA
CB6 1LX,52.45611,0.309436,CB61LX
CB6 1RA,52.46547,0.277096,CB61RA
CB6 2PU,52.39108,0.122561,CB62PU
CB6 3NW,52.38368,0.223041,CB63NW
CB7 4EX,52.38731,0.260507,CB74EX
CB7 4FA,52.39954,0.273641,CB74FA
CB7 4FF,52.41375,0.274519,CB74FF
CB7 4JU,52.39928,0.264132,CB74JU
CB7 5DY,52.33545,0.335352,CB75DY
CB7 5HR,52.33117,0.334774,CB75HR
CB7 5LL,52.30076,0.386331,CB75LL
CB7 5XJ,52.30961,0.402902,CB75XJ
CB8 0AL,52.2558,0.393853,CB80AL
CB8 0AT,52.25501,0.390733,CB80AT
CB8 0QZ,52.24799,0.403834,CB80QZ
CB8 7PF,52.27472,0.374583,CB87PF
CB8 7PN,52.27077,0.492033,CB87PN
CB8 7RP,52.26416,0.38529,CB87RP
CB8 7SG,52.25966,0.395688,CB87SG
CB8 8EP,52.24386,0.407053,CB88EP
CB8 8FZ,52.23482,0.429661,CB88FZ
CB8 8LL,52.24547,0.408444,CB88LL
CB8 8NA,52.24415,0.406703,CB88NA
CB9 0AN,52.0858,0.445673,CB90AN
CB9 0BF,52.07617,0.454035,CB90BF
CB9 0HT,52.08365,0.444067,CB90HT
CB9 7LR,52.0923,0.399953,CB97LR
CB9 7TA,52.09236,0.444149,CB97TA
CB9 8DD,52.08231,0.439469,CB98DD
CB9 8DE,52.08167,0.436237,CB98DE
CB9 8LX,52.07809,0.426585,CB98LX
CB9 8PP,52.07418,0.44517,CB98PP
CB9 9QQ,52.08447,0.411385,CB99QQ
CH1 1DA,53.18985,-2.888091,CH11DA
CH1 2HU,53.19244,-2.892096,CH12HU
CH1 2LE,53.1899,-2.89327,CH12LE
CH1 2NW,53.18831,-2.896395,CH12NW
CH1 3AD,53.19436,-2.881074,CH13AD
CH1 3BQ,53.19502,-2.879082,CH13BQ
CH1 3DP,53.19458,-2.886243,CH13DP
CH1 4JE,53.1915,-2.90185,CH14JE
CH1 4QR,53.19523,-2.927374,CH14QR
CH1 4RJ,53.19506,-2.923374,CH14RJ
CH1 4RN,53.19504,-2.922236,CH14RN
CH1 5FD,53.20279,-2.921354,CH15FD
CH1 5HN,53.20846,-2.926701,CH15HN
CH1 6BS,53.20224,-2.948514,CH16BS
CH1 6HE,53.25628,-2.954475,CH16HE
CH1 6LT,53.24675,-2.932817,CH16LT
CH2 2AX,53.19846,-2.893343,CH22AX
CH2 2DX,53.19952,-2.889683,CH22DX
CH2 2FF,53.20911,-2.868499,CH22FF
CH2 3AD,53.19595,-2.87455,CH23AD
CH2 3BD,53.19953,-2.876629,CH23BD
CH2 4NE,53.26502,-2.875073,CH24NE
CH3 5AE,53.19241,-2.880705,CH35AE
CH3 5TF,53.18934,-2.866753,CH35TF
CH3 9QE,53.12133,-2.768823,CH39QE
CH3 9RJ,53.11987,-2.768528,CH39RJ
CH4 8BU,53.17891,-2.916952,CH48BU
CH4 8RQ,53.17993,-2.93053,CH48RQ
CH4 9EP,53.13659,-2.921103,CH49EP
CH41 1AL,53.39441,-3.014229,CH411AL
CH41 1BP,53.39868,-3.022677,CH411BP
CH41 1EL,53.39587,-3.010233,CH411EL
CH41 1EP,53.39649,-3.011601,CH411EP
CH41 1FN,53.39807,-3.020873,CH411FN
CH41 2AB,53.39075,-3.024638,CH412AB
CH41 2QQ,53.38831,-3.031511,CH412QQ
CH41 3RB,53.39627,-3.021597,CH413RB
CH41 4DB,53.38914,-3.033982,CH414DB
CH41 4NH,53.3913,-3.026846,CH414NH
CH41 5AR,53.39279,-3.016236,CH415AR
CH41 5AT,53.39372,-3.014273,CH415AT
CH41 5DL,53.39153,-3.014025,CH415DL
CH41 6EY,53.39092,-3.028206,CH416EY
CH41 6ND,53.39465,-3.017964,CH416ND
CH41 7AL,53.40154,-3.057325,CH417AL
CH41 8ER,53.40113,-3.055419,CH418ER
CH41 9HP,53.37904,-3.010737,CH419HP
CH42 3AB,53.3785,-3.016888,CH423AB
CH43 3EA,53.36731,-3.069778,CH433EA
CH43 4UY,53.39052,-3.040601,CH434UY
CH43 5RE,53.38523,-3.03739,CH435RE
CH44 0AE,53.42515,-3.030777,CH440AE
CH44 5UG,53.41746,-3.045652,CH445UG
CH45 0JA,53.43119,-3.059174,CH450JA
CH45 1HD,53.4303,-3.038999,CH451HD
CH45 1HG,53.43167,-3.039423,CH451HG
CH45 4JG,53.42108,-3.044492,CH454JG
CH45 4LD,53.42354,-3.04696,CH454LD
CH45 4PD,53.42811,-3.05255,CH454PD
CH46 0SJ,53.40108,-3.112136,CH460SJ
CH46 8TH,53.40162,-3.110511,CH468TH
CH46 9RE,53.39803,-3.101499,CH469RE
CH47 2BG,53.39318,-3.17667,CH472BG
CH47 3BW,53.39706,-3.17201,CH473BW
CH47 3DB,53.39738,-3.169522,CH473DB
CH47 5AQ,53.39816,-3.171123,CH475AQ
CH48 0QA,53.37259,-3.186475,CH480QA
CH48 5HW,53.37835,-3.178712,CH485HW
CH49 0AB,53.37709,-3.100478,CH490AB
CH60 7RJ,53.33534,-3.09685,CH607RJ
CH61 9ND,53.34369,-3.094451,CH619ND
CH62 0BL,53.31723,-2.96187,CH620BL
CH62 1AB,53.36042,-2.996757,CH621AB
CH62 3NX,53.33229,-2.972675,CH623NX
CH62 3PA,53.32782,-2.96879,CH623PA
CH62 7HP,53.33166,-2.978112,CH627HP
CH63 8PP,53.35467,-3.027123,CH638PP
CH64 7UF,53.2911,-3.030877,CH647UF
CH64 9TY,53.29039,-3.064629,CH649TY
CH64 9UH,53.28873,-3.063238,CH649UH
CH65 0BA,53.27668,-2.901121,CH650BA
CH65 1AD,53.29663,-2.919111,CH651AD
CH65 1AF,53.29899,-2.915815,CH651AF
CH65 2HH,53.28778,-2.904805,CH652HH
CH65 3AW,53.28543,-2.914775,CH653AW
CH65 3EN,53.2909,-2.905021,CH653EN
CH65 3EY,53.28989,-2.905119,CH653EY
CH65 6PJ,53.26506,-2.908163,CH656PJ
CH65 7AA,53.27398,-2.911036,CH657AA
CH65 7EU,53.27796,-2.910641,CH657EU
CH65 8AZ,53.28248,-2.905143,CH658AZ
CH65 9BF,53.26612,-2.890478,CH659BF
CH65 9EP,53.26601,-2.891526,CH659EP
CH66 1TW,53.29022,-2.922078,CH661TW
CH66 2LE,53.26584,-2.920669,CH662LE
CH66 7NZ,53.29936,-2.969916,CH667NZ
CM0 7PF,51.71814,0.826033,CM07PF
CM1 1GP,51.73722,0.474365,CM11GP
CM1 1HT,51.73623,0.469212,CM11HT
CM1 1JR,51.7361,0.470045,CM11JR
CM1 1LX,51.7425,0.500627,CM11LX
CM1 1PE,51.73829,0.477494,CM11PE
CM1 1QZ,51.73452,0.469003,CM11QZ
CM1 1TD,51.73619,0.46443,CM11TD
CM1 2JD,51.74931,0.440602,CM12JD
CM1 2PB,51.74111,0.461338,CM12PB
CM1 2QE,51.72913,0.457109,CM12QE
CM1 2SL,51.73223,0.449283,CM12SL
CM1 3AG,51.72439,0.449235,CM13AG
CM1 3NQ,51.72789,0.412194,CM13NQ
CM1 3SH,51.73096,0.370561,CM13SH
CM1 3ST,51.74,0.415432,CM13ST
CM1 4DB,51.75488,0.462101,CM14DB
CM1 6AS,51.76163,0.497989,CM16AS
CM1 7BU,51.75683,0.47338,CM17BU
CM1 7EQ,51.76181,0.471783,CM17EQ
CM1 7FA,51.77402,0.46977,CM17FA
CM11 2YA,51.60342,0.472876,CM112YA
CM12 0BZ,51.63149,0.411181,CM120BZ
CM12 0DG,51.6315,0.413016,CM120DG
CM12 0DU,51.63102,0.415158,CM120DU
CM12 0EQ,51.63025,0.410609,CM120EQ
CM12 9LD,51.62026,0.415281,CM129LD
CM13 1HT,51.63853,0.351473,CM131HT
CM13 1PZ,51.63476,0.361943,CM131PZ
CM13 1SE,51.63004,0.372738,CM131SE
CM13 1TG,51.63874,0.354793,CM131TG
CM13 2HG,51.62164,0.342885,CM132HG
CM13 2SS,51.62975,0.350079,CM132SS
CM13 3AB,51.60192,0.293535,CM133AB
CM13 3AP,51.60395,0.294143,CM133AP
CM13 3FR,51.60509,0.297464,CM133FR
CM13 3XL,51.56932,0.337756,CM133XL
CM14 4AN,51.6199,0.30126,CM144AN
CM14 4DR,51.61608,0.299247,CM144DR
CM14 4ED,51.62033,0.298971,CM144ED
CM14 4HL,51.61434,0.300604,CM144HL
CM14 4WB,51.6262,0.294225,CM144WB
CM15 0BB,51.6641,0.276675,CM150BB
CM15 8QE,51.6364,0.335119,CM158QE
CM16 4BD,51.69791,0.109056,CM164BD
CM16 4BP,51.70002,0.11212,CM164BP
CM16 4BZ,51.7015,0.114433,CM164BZ
CM16 5DQ,51.70113,0.11074,CM165DQ
CM16 6BL,51.7116,0.157101,CM166BL
CM16 6EG,51.72303,0.18074,CM166EG
CM16 6QB,51.74181,0.076799,CM166QB
CM17 0DW,51.78342,0.134036,CM170DW
CM17 0HH,51.78899,0.134836,CM170HH
CM17 9FT,51.77109,0.143181,CM179FT
CM17 9QT,51.76438,0.135226,CM179QT
CM18 6NS,51.75746,0.113149,CM186NS
CM18 6UJ,51.75428,0.100468,CM186UJ
CM18 7BL,51.7532,0.107445,CM187BL
CM18 7NF,51.75136,0.08893,CM187NF
CM19 4DH,51.76479,0.09055,CM194DH
CM19 4LU,51.75831,0.088222,CM194LU
CM19 4SN,51.75082,0.07843,CM194SN
CM19 4SP,51.74979,0.079397,CM194SP
CM19 5AN,51.76693,0.066895,CM195AN
CM19 5FN,51.76646,0.065656,CM195FN
CM19 5QE,51.76765,0.05971,CM195QE
CM19 5SL,51.74482,0.076952,CM195SL
CM2 0AU,51.72898,0.46466,CM20AU
CM2 0DG,51.73031,0.474914,CM20DG
CM2 0HY,51.72959,0.472022,CM20HY
CM2 0JD,51.72779,0.469259,CM20JD
CM2 0LR,51.73103,0.473969,CM20LR
CM2 0PD,51.73158,0.47187,CM20PD
CM2 5LB,51.7473,0.511932,CM25LB
CM2 5PF,51.75004,0.509303,CM25PF
CM2 6EE,51.73453,0.487051,CM26EE
CM2 6FD,51.73177,0.475834,CM26FD
CM2 6JL,51.73515,0.480465,CM26JL
CM2 6ND,51.73287,0.481688,CM26ND
CM2 6QR,51.7327,0.475639,CM26QR
CM2 6TS,51.74106,0.501518,CM26TS
CM2 7HJ,51.71576,0.50154,CM27HJ
CM2 7HY,51.71318,0.505567,CM27HY
CM2 7SY,51.69567,0.495874,CM27SY
CM2 8QL,51.69728,0.466917,CM28QL
CM2 8RL,51.70438,0.470792,CM28RL
CM2 9AE,51.72361,0.460937,CM29AE
CM2 9RA,51.72153,0.489204,CM29RA
CM2 9RP,51.71801,0.486578,CM29RP
CM20 1JQ,51.7668,0.092165,CM201JQ
CM20 1QR,51.772,0.090361,CM201QR
CM20 1YS,51.77086,0.092236,CM201YS
CM20 2BJ,51.78431,0.123828,CM202BJ
CM20 2NQ,51.78488,0.116968,CM202NQ
CM20 2QJ,51.77483,0.098638,CM202QJ
CM20 3BY,51.77647,0.122054,CM203BY
CM20 3PA,51.76723,0.107156,CM203PA
CM21 9JX,51.81223,0.159248,CM219JX
CM23 1JG,51.88646,0.140701,CM231JG
CM23 2LD,51.8722,0.158255,CM232LD
CM23 2YP,51.88185,0.14378,CM232YP
CM23 3AG,51.86842,0.161037,CM233AG
CM23 3BT,51.86888,0.163776,CM233BT
CM23 3DH,51.86371,0.164777,CM233DH
CM23 3JJ,51.86092,0.163946,CM233JJ
CM23 3YT,51.85848,0.166153,CM233YT
CM3 1LN,51.82351,0.412991,CM31LN
CM3 3HJ,51.75639,0.524261,CM33HJ
CM3 5TQ,51.64473,0.618432,CM35TQ
CM3 6AS,51.68238,0.765355,CM36AS
CM3 6DR,51.65582,0.770837,CM36DR
CM3 6EG,51.68068,0.776304,CM36EG
CM3 6FW,51.6443,0.676793,CM36FW
CM3 6JA,51.67284,0.673674,CM36JA
CM3 6RT,51.66394,0.658514,CM36RT
CM3 7BD,51.64262,0.600908,CM37BD
CM3 8AR,51.69442,0.573096,CM38AR
CM4 0BE,51.67058,0.385471,CM40BE
CM4 0DU,51.6809,0.393464,CM40DU
CM4 0EW,51.69238,0.406976,CM40EW
CM4 0NX,51.67844,0.327834,CM40NX
CM4 9ED,51.67212,0.388271,CM49ED
CM4 9NS,51.66142,0.389155,CM49NS
CM5 9AA,51.70641,0.244611,CM59AA
CM5 9FD,51.70813,0.244406,CM59FD
CM6 1AW,51.8707,0.364512,CM61AW
CM6 1DA,51.87258,0.358,CM61DA
CM6 1XJ,51.8676,0.364974,CM61XJ
CM6 3FF,51.86295,0.416089,CM63FF
CM6 3JP,51.85326,0.488107,CM63JP
CM7 1BJ,51.86557,0.556724,CM71BJ
CM7 1ER,51.87821,0.551411,CM71ER
CM7 1ES,51.87799,0.55134,CM71ES
CM7 1JS,51.87759,0.548731,CM71JS
CM7 1LB,51.87706,0.548556,CM71LB
CM7 2GB,51.87943,0.534857,CM72GB
CM7 2RF,51.88612,0.536222,CM72RF
CM7 2YN,51.88689,0.536178,CM72YN
CM7 3LP,51.87823,0.57918,CM73LP
CM7 3RG,51.8754,0.568774,CM73RG
CM7 5JN,51.90094,0.553135,CM75JN
CM7 9GD,51.88088,0.56525,CM79GD
CM7 9SE,51.89714,0.569012,CM79SE
CM77 6RL,51.87534,0.512063,CM776RL
CM77 6SZ,51.87228,0.511995,CM776SZ
CM77 7AU,51.85747,0.517444,CM777AU
CM77 7WT,51.85722,0.523007,CM777WT
CM77 8GR,51.86827,0.579264,CM778GR
CM77 8JT,51.84456,0.524462,CM778JT
CM77 8LQ,51.86017,0.556999,CM778LQ
CM77 8YG,51.87282,0.56809,CM778YG
CM8 1BA,51.79763,0.637001,CM81BA
CM8 1EP,51.7961,0.632082,CM81EP
CM8 1FX,51.79507,0.641957,CM81FX
CM8 1NY,51.79283,0.621478,CM81NY
CM8 2AF,51.80058,0.641249,CM82AF
CM8 2DT,51.8041,0.643559,CM82DT
CM8 2NA,51.81374,0.636854,CM82NA
CM8 3FN,51.85058,0.624444,CM83FN
CM8 3SY,51.84691,0.627105,CM83SY
CM8 3TT,51.84402,0.635038,CM83TT
CM9 4GD,51.7407,0.689545,CM94GD
CM9 5PS,51.73118,0.676408,CM95PS
CM9 6BE,51.72161,0.684198,CM96BE
CM9 6TR,51.72409,0.666099,CM96TR
CM9 8LS,51.78478,0.732056,CM98LS
CO1 1EG,51.8921,0.896594,CO11EG
CO1 1HQ,51.89032,0.89927,CO11HQ
CO1 1PR,51.89016,0.894522,CO11PR
CO1 1TG,51.89285,0.895218,CO11TG
CO1 2EB,51.88268,0.912047,CO12EB
CO1 2HS,51.88181,0.915449,CO12HS
CO1 2JS,51.88608,0.908531,CO12JS
CO1 2LY,51.88525,0.918986,CO12LY
CO1 2QW,51.89008,0.910796,CO12QW
CO1 2TJ,51.88886,0.918857,CO12TJ
CO1 2TX,51.88993,0.915743,CO12TX
CO1 2ZF,51.88857,0.917573,CO12ZF
CO10 0EW,52.03315,0.757899,CO100EW
CO10 0FD,52.07934,0.747522,CO100FD
CO10 0FY,52.03389,0.756749,CO100FY
CO10 1BD,52.03871,0.724482,CO101BD
CO10 2AW,52.03743,0.726373,CO102AW
CO10 2RN,52.03873,0.740204,CO102RN
CO10 2SP,52.03746,0.730166,CO102SP
CO10 2XH,52.03994,0.745324,CO102XH
CO10 2ZX,52.03969,0.743646,CO102ZX
CO10 7GB,52.03634,0.712279,CO107GB
CO10 7RP,52.09781,0.66801,CO107RP
CO10 9JQ,52.07988,0.718596,CO109JQ
CO11 1PW,51.96857,1.09064,CO111PW
CO11 2BZ,51.94274,1.048872,CO112BZ
CO11 2UJ,51.91671,1.14531,CO112UJ
CO12 4FY,51.93447,1.261995,CO124FY
CO12 4PF,51.94346,1.255735,CO124PF
CO13 0AU,51.84398,1.249621,CO130AU
CO13 0NF,51.8431,1.209394,CO130NF
CO13 9AH,51.83561,1.244358,CO139AH
CO14 8AL,51.84892,1.271383,CO148AL
CO14 8FA,51.85109,1.265876,CO148FA
CO15 1SD,51.79105,1.153423,CO151SD
CO15 2DN,51.78759,1.118275,CO152DN
CO15 3PL,51.79326,1.151881,CO153PL
CO15 4AE,51.80316,1.167225,CO154AE
CO15 4BS,51.80455,1.153975,CO154BS
CO15 4DF,51.80696,1.15468,CO154DF
CO15 4EU,51.80865,1.146862,CO154EU
CO15 4LP,51.81524,1.175967,CO154LP
CO15 4TN,51.81813,1.16263,CO154TN
CO15 4TR,51.81805,1.164265,CO154TR
CO15 4XD,51.8171,1.176867,CO154XD
CO15 6BP,51.79425,1.155533,CO156BP
CO15 6DU,51.79484,1.158199,CO156DU
CO15 6LF,51.80246,1.166059,CO156LF
CO15 6PH,51.78999,1.156845,CO156PH
CO15 6PW,51.79136,1.157622,CO156PW
CO16 0BL,51.8747,1.114724,CO160BL
CO16 0EA,51.85798,1.161633,CO160EA
CO16 0HY,51.84789,1.162887,CO160HY
CO16 8HJ,51.82472,1.095279,CO168HJ
CO16 9LG,51.82922,1.141023,CO169LG
CO2 7DU,51.8874,0.903269,CO27DU
CO2 7HT,51.87823,0.883307,CO27HT
CO2 7NL,51.87714,0.899599,CO27NL
CO2 7WE,51.88044,0.888185,CO27WE
CO2 8DZ,51.86867,0.92795,CO28DZ
CO2 8HG,51.87185,0.929101,CO28HG
CO2 8JW,51.87457,0.928435,CO28JW
CO2 8JX,51.88381,0.927336,CO28JX
CO2 8XG,51.85756,0.90136,CO28XG
CO2 9GT,51.86819,0.865681,CO29GT
CO2 9NP,51.86376,0.873142,CO29NP
CO3 0AB,51.87682,0.845175,CO30AB
CO3 0JU,51.89334,0.82693,CO30JU
CO3 0NJ,51.87685,0.837694,CO30NJ
CO3 0NW,51.8762,0.846182,CO30NW
CO3 0NY,51.88681,0.835617,CO30NY
CO3 3DA,51.88573,0.894731,CO33DA
CO3 3UE,51.87907,0.875557,CO33UE
CO3 4NW,51.88066,0.865079,CO34NW
CO3 8AY,51.88068,0.832718,CO38AY
CO3 8BG,51.8795,0.828866,CO38BG
CO3 8BX,51.88755,0.822976,CO38BX
CO3 9AJ,51.88989,0.851655,CO39AJ
CO4 3XH,51.88765,0.932382,CO43XH
CO4 3ZL,51.88046,0.942159,CO43ZL
CO4 3ZQ,51.87849,0.942204,CO43ZQ
CO4 5JN,51.91007,0.903569,CO45JN
CO4 5NE,51.93084,0.934268,CO45NE
CO4 5YQ,51.92454,0.916562,CO45YQ
CO4 5ZX,51.90313,0.879131,CO45ZX
CO4 9AD,51.92269,0.928864,CO49AD
CO4 9EB,51.90912,0.915635,CO49EB
CO4 9JU,51.90776,0.914819,CO49JU
CO4 9PD,51.91784,0.923312,CO49PD
CO4 9PE,51.91645,0.925404,CO49PE
CO4 9QQ,51.92326,0.923796,CO49QQ
CO4 9QR,51.9221,0.930847,CO49QR
CO4 9YQ,51.92381,0.92162,CO49YQ
CO5 0QW,51.81399,0.75659,CO50QW
CO5 0UH,51.81666,0.734348,CO50UH
CO5 7EZ,51.85445,0.948826,CO57EZ
CO5 7JQ,51.8586,0.947762,CO57JQ
CO5 8HE,51.78021,0.930467,CO58HE
CO5 8QT,51.77795,0.914923,CO58QT
CO5 8TH,51.77812,0.915571,CO58TH
CO5 9BE,51.83007,0.699584,CO59BE
CO5 9FB,51.84615,0.72057,CO59FB
CO5 9SH,51.8358,0.724039,CO59SH
CO6 1HS,51.87699,0.750519,CO61HS
CO6 2DY,51.92602,0.742914,CO62DY
CO6 2JX,51.90841,0.696474,CO62JX
CO6 3NY,51.9159,0.814707,CO63NY
CO6 3QH,51.89533,0.82422,CO63QH
CO6 3QJ,51.89511,0.823247,CO63QJ
CO6 4LT,51.97169,0.861423,CO64LT
CO7 0AE,51.81086,1.026871,CO70AE
CO7 6BL,51.95218,1.015147,CO76BL
CO7 6NN,51.99281,0.992893,CO76NN
CO7 6XA,51.97511,1.056357,CO76XA
CO7 7EE,51.88179,0.992427,CO77EE
CO7 7FD,51.87538,1.006924,CO77FD
CO7 7WX,51.92607,0.94267,CO77WX
CO7 8BZ,51.85634,0.993816,CO78BZ
CO7 8GH,51.85779,1.070794,CO78GH
CO7 8LA,51.8527,1.063897,CO78LA
CO7 9RZ,51.8658,0.954494,CO79RZ
CO9 1FT,51.93571,0.623695,CO91FT
CO9 1LR,51.93992,0.624333,CO91LR
CO9 2NR,51.96366,0.71061,CO92NR
CO9 3HX,51.97449,0.595804,CO93HX
CR0 0AY,51.34103,-0.002806,CR00AY
CR0 0BD,51.33714,-0.015007,CR00BD
CR0 0HZ,51.34304,-0.009295,CR00HZ
CR0 0LA,51.34414,-0.019803,CR00LA
CR0 0PG,51.34735,-0.017711,CR00PG
CR0 0SG,51.33611,-0.013472,CR00SG
CR0 0XZ,51.35652,-0.117713,CR00XZ
CR0 1BF,51.36565,-0.098721,CR01BF
CR0 1EA,51.37148,-0.098825,CR01EA
CR0 1ET,51.36462,-0.098419,CR01ET
CR0 1JG,51.36978,-0.096294,CR01JG
CR0 1LA,51.37413,-0.098571,CR01LA
CR0 1LE,51.3754,-0.096694,CR01LE
CR0 1NG,51.36812,-0.099466,CR01NG
CR0 1QQ,51.37114,-0.100016,CR01QQ
CR0 1ST,51.36955,-0.100499,CR01ST
CR0 1XT,51.37635,-0.103537,CR01XT
CR0 1XU,51.37462,-0.105448,CR01XU
CR0 1YB,51.37246,-0.100594,CR01YB
CR0 2AP,51.37895,-0.096834,CR02AP
CR0 2AU,51.38155,-0.094858,CR02AU
CR0 2DN,51.38487,-0.089963,CR02DN
CR0 2EH,51.38774,-0.091625,CR02EH
CR0 2HX,51.38763,-0.09541,CR02HX
CR0 2JG,51.38502,-0.097746,CR02JG
CR0 2LX,51.37502,-0.094956,CR02LX
CR0 2PE,51.38691,-0.104667,CR02PE
CR0 2QS,51.39125,-0.095964,CR02QS
CR0 2RD,51.37954,-0.101436,CR02RD
CR0 2UB,51.38176,-0.10054,CR02UB
CR0 2UP,51.38737,-0.099201,CR02UP
CR0 2XQ,51.38627,-0.09814,CR02XQ
CR0 2XR,51.38477,-0.102758,CR02XR
CR0 2XX,51.38475,-0.099281,CR02XX
CR0 3AA,51.38894,-0.128773,CR03AA
CR0 3QU,51.38819,-0.114431,CR03QU
CR0 3TB,51.38079,-0.109001,CR03TB
CR0 4EA,51.362,-0.112576,CR04EA
CR0 4HA,51.36783,-0.103875,CR04HA
CR0 4LH,51.37168,-0.109376,CR04LH
CR0 4LL,51.37105,-0.108454,CR04LL
CR0 4NG,51.36736,-0.115904,CR04NG
CR0 4WF,51.37415,-0.11633,CR04WF
CR0 5BB,51.35528,-0.04417,CR05BB
CR0 5HA,51.3677,-0.053007,CR05HA
CR0 5PE,51.37494,-0.090276,CR05PE
CR0 6AZ,51.38198,-0.080282,CR06AZ
CR0 6BF,51.38001,-0.087607,CR06BF
CR0 6EJ,51.38432,-0.08119,CR06EJ
CR0 6HR,51.38792,-0.078467,CR06HR
CR0 6JY,51.38628,-0.077113,CR06JY
CR0 6NA,51.38127,-0.083675,CR06NA
CR0 6NZ,51.38067,-0.080596,CR06NZ
CR0 6PQ,51.38073,-0.087908,CR06PQ
CR0 6RG,51.38254,-0.067971,CR06RG
CR0 6SR,51.37569,-0.090388,CR06SR
CR0 7BF,51.3881,-0.05713,CR07BF
CR0 7LE,51.37499,-0.067369,CR07LE
CR0 8AX,51.37133,-0.037365,CR08AX
CR0 9HE,51.34449,-0.035382,CR09HE
CR0 9UG,51.34392,-0.003355,CR09UG
CR2 0BS,51.35302,-0.093815,CR20BS
CR2 0JR,51.33972,-0.076735,CR20JR
CR2 6AH,51.35341,-0.098165,CR26AH
CR2 6AN,51.34974,-0.100729,CR26AN
CR2 6DT,51.35306,-0.107802,CR26DT
CR2 6EA,51.36161,-0.097897,CR26EA
CR2 6EB,51.36094,-0.097752,CR26EB
CR2 6HG,51.35393,-0.095759,CR26HG
CR2 6LB,51.36262,-0.105583,CR26LB
CR2 7BB,51.36183,-0.091237,CR27BB
CR2 7DZ,51.36339,-0.091617,CR27DZ
CR2 7NR,51.34785,-0.065955,CR27NR
CR2 8DD,51.34276,-0.066169,CR28DD
CR2 8HZ,51.3517,-0.05462,CR28HZ
CR2 8LD,51.34428,-0.060548,CR28LD
CR3 5EJ,51.2942,-0.087816,CR35EJ
CR3 5HH,51.29745,-0.092142,CR35HH
CR3 5HN,51.29773,-0.09325,CR35HN
CR3 5PJ,51.28496,-0.095271,CR35PJ
CR3 5QX,51.29122,-0.101967,CR35QX
CR3 5TQ,51.28776,-0.09699,CR35TQ
CR3 5UG,51.28808,-0.089835,CR35UG
CR3 5UJ,51.28913,-0.088658,CR35UJ
CR3 6HX,51.27804,-0.08337,CR36HX
CR3 6PH,51.28976,-0.076599,CR36PH
CR3 6PN,51.29559,-0.071579,CR36PN
CR3 6QD,51.28561,-0.078795,CR36QD
CR3 6TR,51.2828,-0.077981,CR36TR
CR4 1EB,51.40233,-0.150654,CR41EB
CR4 1LT,51.39997,-0.131054,CR41LT
CR4 1NT,51.41405,-0.146888,CR41NT
CR4 2AG,51.41558,-0.153442,CR42AG
CR4 2JD,51.40707,-0.163505,CR42JD
CR4 2PB,51.4044,-0.162505,CR42PB
CR4 3BN,51.40215,-0.174888,CR43BN
CR4 3DD,51.40418,-0.168595,CR43DD
CR4 3EP,51.4095,-0.16752,CR43EP
CR4 3FH,51.40502,-0.172214,CR43FH
CR4 3HD,51.40664,-0.164342,CR43HD
CR4 3TD,51.40537,-0.175852,CR43TD
CR4 3UD,51.40212,-0.168117,CR43UD
CR4 4DG,51.39888,-0.179115,CR44DG
CR4 4LP,51.39811,-0.16441,CR44LP
CR5 1AN,51.31354,-0.138672,CR51AN
CR5 1BD,51.30179,-0.122993,CR51BD
CR5 1BX,51.29836,-0.122946,CR51BX
CR5 1EN,51.30014,-0.116648,CR51EN
CR5 1HA,51.30745,-0.119061,CR51HA
CR5 2DP,51.32358,-0.142428,CR52DP
CR5 2HS,51.31638,-0.13418,CR52HS
CR5 2YH,51.32044,-0.138149,CR52YH
CR5 3BB,51.31943,-0.145021,CR53BB
CR5 3BY,51.31814,-0.152177,CR53BY
CR5 3GN,51.31683,-0.141882,CR53GN
CR7 6AW,51.39481,-0.115165,CR76AW
CR7 6DF,51.39352,-0.120234,CR76DF
CR7 6JB,51.3944,-0.114103,CR76JB
CR7 7DX,51.39889,-0.107909,CR77DX
CR7 7JP,51.39376,-0.112476,CR77JP
CR7 7ND,51.4013,-0.118017,CR77ND
CR7 8AA,51.40236,-0.103496,CR78AA
CR7 8BG,51.4085,-0.106305,CR78BG
CR7 8LZ,51.40354,-0.101463,CR78LZ
CR7 8NE,51.40294,-0.098828,CR78NE
CR7 8PY,51.40623,-0.096132,CR78PY
CR7 8QB,51.40087,-0.093925,CR78QB
CR7 8RW,51.39841,-0.095077,CR78RW
CR7 8SD,51.39679,-0.092772,CR78SD
CR8 2BL,51.34297,-0.108174,CR82BL
CR8 2JD,51.34629,-0.117831,CR82JD
CR8 3AL,51.33786,-0.122842,CR83AL
CR8 4LA,51.33407,-0.124375,CR84LA
CR8 5LY,51.32394,-0.110751,CR85LY
CR9 2ER,51.37633,-0.096626,CR92ER
CT1 1DL,51.28743,1.097533,CT11DL
CT1 1DN,51.28743,1.099556,CT11DN
CT1 1DX,51.29129,1.099587,CT11DX
CT1 1RT,51.27439,1.10265,CT11RT
CT1 1YS,51.28493,1.094827,CT11YS
CT1 2AA,51.28251,1.081612,CT12AA
CT1 2BJ,51.27475,1.075041,CT12BJ
CT1 2LU,51.2811,1.085189,CT12LU
CT1 2NF,51.276,1.082653,CT12NF
CT1 2NP,51.27874,1.078219,CT12NP
CT1 2NX,51.27695,1.077683,CT12NX
CT1 3AA,51.27005,1.106515,CT13AA
CT1 3AE,51.26706,1.060692,CT13AE
CT1 3AT,51.27407,1.08968,CT13AT
CT1 3HS,51.27434,1.085051,CT13HS
CT1 3RY,51.27242,1.069078,CT13RY
CT1 3SY,51.2735,1.073739,CT13SY
CT1 3ZR,51.26526,1.05835,CT13ZR
CT10 1QB,51.35556,1.440271,CT101QB
CT10 2QQ,51.35892,1.406301,CT102QQ
CT10 3JJ,51.3716,1.416152,CT103JJ
CT11 8JX,51.33643,1.425253,CT118JX
CT11 9DS,51.33281,1.419297,CT119DS
CT11 9RT,51.33469,1.416034,CT119RT
CT12 5GD,51.34973,1.324676,CT125GD
CT12 5HP,51.33032,1.381321,CT125HP
CT12 6FA,51.35021,1.392554,CT126FA
CT12 6PB,51.34919,1.388054,CT126PB
CT13 9FF,51.28776,1.344381,CT139FF
CT13 9ND,51.28645,1.346237,CT139ND
CT14 0EN,51.22932,1.345842,CT140EN
CT14 6EL,51.22378,1.402597,CT146EL
CT14 6ES,51.22304,1.403932,CT146ES
CT14 6PY,51.22997,1.399342,CT146PY
CT14 7EE,51.21627,1.402015,CT147EE
CT14 9DF,51.21107,1.392337,CT149DF
CT14 9FE,51.22356,1.397238,CT149FE
CT14 9JP,51.20562,1.384318,CT149JP
CT14 9PR,51.2178,1.380857,CT149PR
CT14 9QF,51.22331,1.390873,CT149QF
CT15 6DL,51.15338,1.383581,CT156DL
CT15 7HZ,51.13873,1.162757,CT157HZ
CT16 1AP,51.13215,1.306987,CT161AP
CT16 1BU,51.1265,1.312186,CT161BU
CT16 1PT,51.12629,1.315473,CT161PT
CT16 2HQ,51.15002,1.288857,CT162HQ
CT16 2LX,51.13486,1.306108,CT162LX
CT16 3EH,51.15398,1.291613,CT163EH
CT16 3GR,51.15699,1.283231,CT163GR
CT16 3PN,51.15224,1.290517,CT163PN
CT17 0HL,51.13129,1.279891,CT170HL
CT17 0TQ,51.13538,1.298625,CT170TQ
CT17 9JT,51.11956,1.288636,CT179JT
CT18 7LQ,51.10368,1.216214,CT187LQ
CT18 7SS,51.10976,1.161378,CT187SS
CT19 4DP,51.0867,1.151094,CT194DP
CT19 4DX,51.08755,1.147281,CT194DX
CT19 4RH,51.09473,1.150954,CT194RH
CT19 4RJ,51.09277,1.149249,CT194RJ
CT19 5AS,51.0841,1.173996,CT195AS
CT2 7JP,51.28772,1.079063,CT27JP
CT2 8AP,51.2823,1.071415,CT28AP
CT2 8LF,51.28297,1.066812,CT28LF
CT2 9EF,51.30361,1.0446,CT29EF
CT2 9JJ,51.31006,1.039889,CT29JJ
CT20 1DW,51.0791,1.178766,CT201DW
CT20 1JU,51.08095,1.184319,CT201JU
CT20 2RD,51.08004,1.168534,CT202RD
CT20 2SL,51.08052,1.172108,CT202SL
CT20 2TG,51.07828,1.170656,CT202TG
CT21 4JN,51.08392,1.034631,CT214JN
CT21 4PA,51.07454,1.013672,CT214PA
CT21 5AD,51.07151,1.082319,CT215AD
CT21 5AQ,51.07164,1.083683,CT215AQ
CT21 5BZ,51.07317,1.074234,CT215BZ
CT3 2AG,51.27801,1.286162,CT32AG
CT3 3AJ,51.22567,1.209415,CT33AJ
CT3 4GP,51.31539,1.176062,CT34GP
CT3 4NH,51.31694,1.17347,CT34NH
CT4 5DE,51.25732,1.134914,CT45DE
CT4 8DR,51.2437,0.967541,CT48DR
CT5 1DB,51.35603,1.024388,CT51DB
CT5 3QT,51.3565,1.056483,CT53QT
CT5 3QZ,51.35816,1.056191,CT53QZ
CT5 3RA,51.35776,1.056351,CT53RA
CT5 3SE,51.34084,1.012616,CT53SE
CT5 4HG,51.35202,1.023534,CT54HG
CT5 4NN,51.3484,1.023655,CT54NN
CT6 5LH,51.37103,1.122762,CT65LH
CT6 5SE,51.36685,1.132493,CT65SE
CT6 6ED,51.36718,1.143681,CT66ED
CT6 6LE,51.36459,1.147094,CT66LE
CT6 7GQ,51.35873,1.131623,CT67GQ
CT6 7LQ,51.33117,1.118989,CT67LQ
CT6 7NE,51.35187,1.131413,CT67NE
CT6 8HY,51.37061,1.103707,CT68HY
CT7 9JS,51.37853,1.301726,CT79JS
CT8 8QY,51.38162,1.338487,CT88QY
CT9 1LB,51.38582,1.382739,CT91LB
CT9 1XB,51.38374,1.380386,CT91XB
CT9 1XQ,51.38572,1.379914,CT91XQ
CT9 2JR,51.38948,1.40272,CT92JR
CT9 2JU,51.38801,1.402395,CT92JU
CT9 2QQ,51.38702,1.394228,CT92QQ
CT9 2QY,51.38839,1.39558,CT92QY
CT9 2RP,51.3874,1.397937,CT92RP
CT9 4JG,51.36805,1.387693,CT94JG
CT9 4NN,51.36426,1.390302,CT94NN
CT9 5QX,51.38173,1.370076,CT95QX
CV1 1ET,52.40474,-1.514539,CV11ET
CV1 2AQ,52.40269,-1.49566,CV12AQ
CV1 2DY,52.40511,-1.512757,CV12DY
CV1 2HW,52.40711,-1.494169,CV12HW
CV1 2HZ,52.40684,-1.492482,CV12HZ
CV1 2JZ,52.40634,-1.508892,CV12JZ
CV1 2NT,52.40506,-1.510832,CV12NT
CV1 2TE,52.40349,-1.513171,CV12TE
CV1 2UR,52.40648,-1.508729,CV12UR
CV1 3BL,52.40834,-1.523467,CV13BL
CV1 3BY,52.40912,-1.51996,CV13BY
CV1 3DB,52.40952,-1.519706,CV13DB
CV1 3EH,52.40471,-1.518435,CV13EH
CV1 3JQ,52.4096,-1.528202,CV13JQ
CV1 4DD,52.41285,-1.516097,CV14DD
CV1 4DX,52.41588,-1.513432,CV14DX
CV1 4EA,52.4207,-1.511409,CV14EA
CV1 4EH,52.41989,-1.509977,CV14EH
CV1 4EW,52.41757,-1.514252,CV14EW
CV1 4HA,52.41833,-1.509656,CV14HA
CV1 4JF,52.41742,-1.512225,CV14JF
CV1 4JH,52.41953,-1.506629,CV14JH
CV1 4LY,52.41363,-1.511649,CV14LY
CV1 4PB,52.42143,-1.508063,CV14PB
CV10 0TQ,52.55824,-1.494542,CV100TQ
CV10 7HW,52.51176,-1.487459,CV107HW
CV10 7RH,52.50888,-1.478342,CV107RH
CV10 7SD,52.49718,-1.477803,CV107SD
CV10 8BF,52.52007,-1.510058,CV108BF
CV10 8BG,52.51668,-1.508578,CV108BG
CV10 8RF,52.5208,-1.511612,CV108RF
CV10 9HE,52.52845,-1.503464,CV109HE
CV10 9HP,52.53281,-1.512511,CV109HP
CV10 9NY,52.53445,-1.526763,CV109NY
CV10 9PX,52.52008,-1.557056,CV109PX
CV10 9RF,52.52734,-1.530038,CV109RF
CV10 9RN,52.52794,-1.523517,CV109RN
CV11 4DX,52.52265,-1.465902,CV114DX
CV11 4JJ,52.51651,-1.458475,CV114JJ
CV11 5QJ,52.52209,-1.470875,CV115QJ
CV11 6RU,52.51711,-1.447076,CV116RU
CV11 6RY,52.51862,-1.45055,CV116RY
CV11 6WF,52.51254,-1.441136,CV116WF
CV12 0AX,52.48113,-1.49344,CV120AX
CV12 0GX,52.47712,-1.503556,CV120GX
CV12 0PB,52.4689,-1.512348,CV120PB
CV12 8BU,52.48266,-1.473764,CV128BU
CV12 8FB,52.48225,-1.476022,CV128FB
CV12 8HY,52.47934,-1.470741,CV128HY
CV12 8LL,52.47967,-1.470781,CV128LL
CV12 9DS,52.47962,-1.463405,CV129DS
CV12 9HG,52.47524,-1.466756,CV129HG
CV12 9JB,52.47645,-1.423131,CV129JB
CV12 9RA,52.47459,-1.421933,CV129RA
CV13 0JN,52.62487,-1.401608,CV130JN
CV13 6AH,52.55569,-1.43901,CV136AH
CV2 1AQ,52.42944,-1.454557,CV21AQ
CV2 1BL,52.4331,-1.462617,CV21BL
CV2 1DP,52.43265,-1.457886,CV21DP
CV2 1FT,52.43736,-1.464654,CV21FT
CV2 1PG,52.45114,-1.4772,CV21PG
CV2 1QT,52.44287,-1.46569,CV21QT
CV2 1UX,52.44123,-1.460282,CV21UX
CV2 2DH,52.42664,-1.437223,CV22DH
CV2 2EG,52.42785,-1.445547,CV22EG
CV2 2EH,52.42963,-1.447878,CV22EH
CV2 2FJ,52.43819,-1.455935,CV22FJ
CV2 2FT,52.4397,-1.454078,CV22FT
CV2 2UA,52.42493,-1.444863,CV22UA
CV2 3DW,52.41652,-1.469493,CV23DW
CV2 3EQ,52.4207,-1.471781,CV23EQ
CV2 3QJ,52.42347,-1.478865,CV23QJ
CV2 3QN,52.42381,-1.467023,CV23QN
CV2 4HG,52.4103,-1.485988,CV24HG
CV2 4HX,52.41148,-1.484857,CV24HX
CV2 4NL,52.41532,-1.481078,CV24NL
CV2 4PR,52.42102,-1.483055,CV24PR
CV2 5AL,52.4125,-1.454251,CV25AL
CV2 5GR,52.41168,-1.4627,CV25GR
CV21 2BW,52.37511,-1.271855,CV212BW
CV21 2LQ,52.37568,-1.265235,CV212LQ
CV21 2PN,52.37521,-1.260101,CV212PN
CV21 2RH,52.37529,-1.257176,CV212RH
CV21 3AE,52.3706,-1.254141,CV213AE
CV21 3AN,52.371,-1.261097,CV213AN
CV21 3AR,52.37784,-1.251697,CV213AR
CV21 3QP,52.37165,-1.245324,CV213QP
CV21 3TQ,52.36871,-1.243685,CV213TQ
CV21 4JJ,52.36195,-1.223197,CV214JJ
CV21 4PR,52.35822,-1.204863,CV214PR
CV22 5AD,52.36856,-1.25206,CV225AD
CV22 5FZ,52.35172,-1.261345,CV225FZ
CV22 5GE,52.34782,-1.267811,CV225GE
CV22 7AL,52.37,-1.270309,CV227AL
CV22 7AN,52.36943,-1.269716,CV227AN
CV22 7DX,52.36488,-1.284683,CV227DX
CV22 7JA,52.36681,-1.290453,CV227JA
CV22 7NG,52.36913,-1.280884,CV227NG
CV22 7PQ,52.36088,-1.280166,CV227PQ
CV22 7SA,52.35237,-1.302855,CV227SA
CV23 0GB,52.39907,-1.239845,CV230GB
CV23 0UZ,52.40284,-1.24466,CV230UZ
CV23 1BF,52.35881,-1.193663,CV231BF
CV23 8AF,52.25707,-1.244998,CV238AF
CV23 8UW,52.32836,-1.152586,CV238UW
CV23 9DD,52.37739,-1.299831,CV239DD
CV23 9FD,52.377,-1.300293,CV239FD
CV3 1EQ,52.39918,-1.473757,CV31EQ
CV3 1ER,52.39944,-1.474386,CV31ER
CV3 1EY,52.39881,-1.472232,CV31EY
CV3 1FZ,52.40213,-1.476647,CV31FZ
CV3 1JA,52.40716,-1.48992,CV31JA
CV3 1LD,52.40047,-1.468538,CV31LD
CV3 2AS,52.39704,-1.441846,CV32AS
CV3 2TQ,52.40076,-1.442961,CV32TQ
CV3 3DE,52.38804,-1.458225,CV33DE
CV3 3DN,52.38736,-1.461936,CV33DN
CV3 3HH,52.38544,-1.469747,CV33HH
CV3 4FE,52.39172,-1.483191,CV34FE
CV3 4FJ,52.37288,-1.465843,CV34FJ
CV3 5QL,52.39208,-1.505332,CV35QL
CV3 6EF,52.37943,-1.524174,CV36EF
CV31 1XH,52.25863,-1.475873,CV311XH
CV31 2FS,52.28086,-1.529758,CV312FS
CV31 2QE,52.26518,-1.519579,CV312QE
CV31 3JZ,52.28085,-1.543405,CV313JZ
CV31 3RZ,52.27537,-1.535928,CV313RZ
CV32 4JG,52.29129,-1.530748,CV324JG
CV32 5AA,52.2882,-1.536029,CV325AA
CV32 5PZ,52.29345,-1.537484,CV325PZ
CV32 5QL,52.29284,-1.539631,CV325QL
CV32 5TN,52.29757,-1.536092,CV325TN
CV32 7DB,52.30471,-1.523068,CV327DB
CV33 9HL,52.23717,-1.454453,CV339HL
CV34 4JA,52.2829,-1.583416,CV344JA
CV34 4NX,52.28595,-1.575765,CV344NX
CV34 5AE,52.29158,-1.589595,CV345AE
CV34 5AH,52.29259,-1.604306,CV345AH
CV34 5LZ,52.28677,-1.604637,CV345LZ
CV34 5NP,52.29216,-1.569547,CV345NP
CV34 6RT,52.27519,-1.548431,CV346RT
CV34 6TN,52.26749,-1.605937,CV346TN
CV34 6TT,52.27396,-1.546158,CV346TT
CV34 6WE,52.27464,-1.548056,CV346WE
CV36 4PE,52.08827,-1.647506,CV364PE
CV36 4PP,52.06284,-1.623959,CV364PP
CV37 0AQ,52.19653,-1.711174,CV370AQ
CV37 0NQ,52.21641,-1.661644,CV370NQ
CV37 6GD,52.18492,-1.709756,CV376GD
CV37 6HX,52.19024,-1.708976,CV376HX
CV37 6PG,52.19098,-1.713945,CV376PG
CV37 6PH,52.19283,-1.715074,CV376PH
CV37 6PP,52.19374,-1.713737,CV376PP
CV37 7AY,52.20055,-1.673792,CV377AY
CV37 8GA,52.17882,-1.696809,CV378GA
CV37 8NE,52.15654,-1.701945,CV378NE
CV37 9FZ,52.19826,-1.7321,CV379FZ
CV37 9NQ,52.20123,-1.726069,CV379NQ
CV4 8AQ,52.39196,-1.596338,CV48AQ
CV4 8JA,52.3875,-1.575411,CV48JA
CV4 9AP,52.39807,-1.571078,CV49AP
CV4 9SW,52.4016,-1.577702,CV49SW
CV4 9WN,52.41007,-1.598012,CV49WN
CV4 9YR,52.39831,-1.576572,CV49YR
CV47 0JR,52.25632,-1.389274,CV470JR
CV47 1PN,52.25254,-1.384975,CV471PN
CV5 6DP,52.39922,-1.530238,CV56DP
CV5 6ET,52.39912,-1.533443,CV56ET
CV5 6HH,52.406,-1.533459,CV56HH
CV5 6HJ,52.40499,-1.534469,CV56HJ
CV5 6JQ,52.40434,-1.524436,CV56JQ
CV5 6JU,52.4027,-1.526894,CV56JU
CV5 6JW,52.40381,-1.526632,CV56JW
CV5 6NE,52.40055,-1.528195,CV56NE
CV5 6UB,52.40326,-1.55239,CV56UB
CV5 8EN,52.40578,-1.542722,CV58EN
CV5 8HN,52.41658,-1.546653,CV58HN
CV5 8NY,52.40693,-1.543415,CV58NY
CV5 9EL,52.44582,-1.555504,CV59EL
CV5 9LN,52.4177,-1.567932,CV59LN
CV5 9QF,52.42281,-1.561956,CV59QF
CV6 1EX,52.42063,-1.536598,CV61EX
CV6 1LU,52.41809,-1.522392,CV61LU
CV6 2EE,52.43321,-1.533024,CV62EE
CV6 2NZ,52.43893,-1.527977,CV62NZ
CV6 3FN,52.4307,-1.515079,CV63FN
CV6 3FY,52.42794,-1.514448,CV63FY
CV6 4AB,52.43413,-1.50554,CV64AB
CV6 4DH,52.4438,-1.509168,CV64DH
CV6 4DT,52.44026,-1.509796,CV64DT
CV6 4DW,52.44082,-1.512055,CV64DW
CV6 5AQ,52.42662,-1.501138,CV65AQ
CV6 5FD,52.42381,-1.490243,CV65FD
CV6 5NX,52.42472,-1.503101,CV65NX
CV6 5SF,52.42665,-1.503108,CV65SF
CV6 6BH,52.45143,-1.485393,CV66BH
CV6 6ED,52.44853,-1.48631,CV66ED
CV6 6EF,52.4576,-1.470825,CV66EF
CV6 6EX,52.44197,-1.494124,CV66EX
CV6 7FT,52.43211,-1.484971,CV67FT
CV6 7PH,52.44024,-1.484185,CV67PH
CV7 7FR,52.38559,-1.658591,CV77FR
CV7 7FW,52.38546,-1.648278,CV77FW
CV7 8JQ,52.46191,-1.5325,CV78JQ
CV7 8RE,52.45863,-1.524308,CV78RE
CV7 9AJ,52.4593,-1.507333,CV79AJ
CV7 9EJ,52.46379,-1.475152,CV79EJ
CV8 1EB,52.34293,-1.579829,CV81EB
CV8 1FN,52.33318,-1.579613,CV81FN
CV8 1JB,52.34229,-1.577736,CV81JB
CV8 1JJ,52.34291,-1.574838,CV81JJ
CV8 1RX,52.34444,-1.578861,CV81RX
CV8 2GF,52.35056,-1.572754,CV82GF
CV9 1QZ,52.56895,-1.531083,CV91QZ
CV9 2PG,52.59131,-1.594541,CV92PG
CV9 2QX,52.58237,-1.552621,CV92QX
CW1 2AZ,53.09963,-2.436296,CW12AZ
CW1 2BB,53.09647,-2.439295,CW12BB
CW1 2BJ,53.09846,-2.43945,CW12BJ
CW1 2EW,53.09684,-2.441674,CW12EW
CW1 4AD,53.1,-2.431237,CW14AD
CW1 4FZ,53.10925,-2.425533,CW14FZ
CW1 5UE,53.07972,-2.394624,CW15UE
CW1 6DD,53.08615,-2.427694,CW16DD
CW1 6UZ,53.08279,-2.400236,CW16UZ
CW1 6ZF,53.09092,-2.417782,CW16ZF
CW1 6ZG,53.08994,-2.420311,CW16ZG
CW1 6ZQ,53.09076,-2.412181,CW16ZQ
CW10 0GW,53.19537,-2.429767,CW100GW
CW10 0RP,53.17532,-2.432634,CW100RP
CW10 9GJ,53.19626,-2.439819,CW109GJ
CW10 9HW,53.19172,-2.451537,CW109HW
CW10 9LT,53.21724,-2.397713,CW109LT
CW11 1AB,53.14452,-2.365182,CW111AB
CW11 2UN,53.1506,-2.308249,CW112UN
CW11 3AE,53.14882,-2.398427,CW113AE
CW11 3PA,53.15849,-2.402928,CW113PA
CW11 3RX,53.12741,-2.373571,CW113RX
CW12 1DY,53.1651,-2.211413,CW121DY
CW12 1EZ,53.16428,-2.207401,CW121EZ
CW12 1JY,53.16419,-2.218768,CW121JY
CW12 4AB,53.16207,-2.211623,CW124AB
CW12 4BB,53.16114,-2.235742,CW124BB
CW12 4BH,53.16169,-2.216018,CW124BH
CW12 4LH,53.16399,-2.238271,CW124LH
CW2 5FE,53.0596,-2.383742,CW25FE
CW2 6NA,53.08113,-2.445111,CW26NA
CW2 6RB,53.07555,-2.463471,CW26RB
CW2 7EA,53.09542,-2.44154,CW27EA
CW2 7EP,53.09332,-2.441832,CW27EP
CW2 7RS,53.0948,-2.458064,CW27RS
CW2 8PS,53.09128,-2.471241,CW28PS
CW2 8QN,53.08884,-2.467422,CW28QN
CW3 9DN,53.0025,-2.340989,CW39DN
CW4 8DP,53.21174,-2.351842,CW48DP
CW5 5BX,53.06418,-2.52792,CW55BX
CW5 5EW,53.06771,-2.527396,CW55EW
CW5 5RP,53.06599,-2.519466,CW55RP
CW5 6GD,53.07627,-2.517276,CW56GD
CW5 6LZ,53.06433,-2.503463,CW56LZ
CW5 6PF,53.0799,-2.512885,CW56PF
CW5 6PQ,53.07671,-2.516952,CW56PQ
CW5 7JW,53.05101,-2.492657,CW57JW
CW6 0QJ,53.20873,-2.712664,CW60QJ
CW6 9UR,53.15344,-2.670356,CW69UR
CW7 1TL,53.18426,-2.549251,CW71TL
CW7 2BP,53.1938,-2.532789,CW72BP
CW7 2GN,53.186,-2.558133,CW72GN
CW7 3BS,53.19866,-2.511622,CW73BS
CW7 3QF,53.207,-2.498276,CW73QF
CW7 3QG,53.20333,-2.499791,CW73QG
CW8 1AQ,53.26101,-2.517358,CW81AQ
CW8 2AB,53.24195,-2.556777,CW82AB
CW8 4AZ,53.25382,-2.537386,CW84AZ
CW8 4DU,53.26858,-2.533583,CW84DU
CW9 5BF,53.26155,-2.50948,CW95BF
CW9 5FQ,53.25834,-2.515182,CW95FQ
CW9 5HH,53.25526,-2.513586,CW95HH
CW9 5HQ,53.25665,-2.512419,CW95HQ
CW9 6NX,53.33561,-2.507644,CW96NX
CW9 7LN,53.2476,-2.481424,CW97LN
CW9 7LP,53.24703,-2.480773,CW97LP
CW9 7LU,53.26653,-2.490782,CW97LU
CW9 7TB,53.24628,-2.433888,CW97TB
CW9 8BU,53.24329,-2.502788,CW98BU
CW9 8SQ,53.24965,-2.518914,CW98SQ
DA1 1BX,51.44517,0.216434,DA11BX
DA1 1DZ,51.44608,0.220235,DA11DZ
DA1 1EX,51.44388,0.218632,DA11EX
DA1 1HD,51.44358,0.217279,DA11HD
DA1 1RX,51.44366,0.222262,DA11RX
DA1 1TH,51.44529,0.222269,DA11TH
DA1 1UP,51.4452,0.221458,DA11UP
DA1 1XR,51.44463,0.235405,DA11XR
DA1 1YU,51.4386,0.237197,DA11YU
DA1 2AU,51.446,0.213323,DA12AU
DA1 2DE,51.44497,0.216065,DA12DE
DA1 2EL,51.44535,0.211824,DA12EL
DA1 2EN,51.44571,0.210747,DA12EN
DA1 2JH,51.44434,0.212293,DA12JH
DA1 2JS,51.44304,0.212101,DA12JS
DA1 3QG,51.44757,0.180382,DA13QG
DA1 4AP,51.44893,0.188248,DA14AP
DA1 4RB,51.46249,0.180705,DA14RB
DA1 4SB,51.46374,0.185026,DA14SB
DA1 4SL,51.46372,0.186148,DA14SL
DA1 5BU,51.45655,0.207125,DA15BU
DA1 5DQ,51.44997,0.231952,DA15DQ
DA1 5FS,51.45022,0.214894,DA15FS
DA1 5GA,51.46088,0.230915,DA15GA
DA1 5NZ,51.4558,0.234943,DA15NZ
DA1 5TU,51.45007,0.225581,DA15TU
DA1 5TW,51.44937,0.223676,DA15TW
DA1 5XF,51.44935,0.218824,DA15XF
DA10 0LH,51.45043,0.30764,DA100LH
DA10 1DN,51.43275,0.30544,DA101DN
DA10 1DR,51.43246,0.311483,DA101DR
DA11 0BH,51.44444,0.36938,DA110BH
DA11 0BQ,51.44444,0.369668,DA110BQ
DA11 0DF,51.44473,0.366099,DA110DF
DA11 0DN,51.44396,0.369067,DA110DN
DA11 0JB,51.43734,0.358653,DA110JB
DA11 0LU,51.4357,0.35487,DA110LU
DA11 0LZ,51.43543,0.358295,DA110LZ
DA11 0NH,51.44182,0.369072,DA110NH
DA11 0PR,51.43856,0.365637,DA110PR
DA11 0RZ,51.44078,0.364845,DA110RZ
DA11 0SQ,51.43819,0.363257,DA110SQ
DA11 7ED,51.4323,0.353846,DA117ED
DA11 7JG,51.42333,0.35491,DA117JG
DA11 7RQ,51.41644,0.367543,DA117RQ
DA11 8AE,51.43102,0.347911,DA118AE
DA11 8HN,51.43653,0.333085,DA118HN
DA11 8QX,51.4343,0.352611,DA118QX
DA11 9GP,51.44419,0.350529,DA119GP
DA11 9GW,51.43825,0.348669,DA119GW
DA11 9HU,51.44337,0.331951,DA119HU
DA11 9PN,51.43913,0.338886,DA119PN
DA12 1AU,51.44003,0.368547,DA121AU
DA12 1DP,51.44116,0.372664,DA121DP
DA12 2AX,51.44244,0.373708,DA122AX
DA12 2BE,51.44436,0.372729,DA122BE
DA12 2DL,51.44344,0.375142,DA122DL
DA12 2EE,51.44274,0.371321,DA122EE
DA12 2LH,51.43709,0.394338,DA122LH
DA12 2PN,51.43999,0.386043,DA122PN
DA12 4JA,51.42994,0.389073,DA124JA
DA12 5FG,51.42338,0.38289,DA125FG
DA12 5PA,51.43082,0.376645,DA125PA
DA14 4EF,51.43068,0.108378,DA144EF
DA14 5JL,51.41811,0.12923,DA145JL
DA14 5RH,51.41811,0.121161,DA145RH
DA14 5TA,51.41811,0.121161,DA145TA
DA14 6AU,51.42209,0.094664,DA146AU
DA14 6PE,51.42849,0.09208,DA146PE
DA14 6QL,51.43046,0.085767,DA146QL
DA15 8PW,51.45056,0.101768,DA158PW
DA15 9AD,51.43497,0.104015,DA159AD
DA15 9NB,51.45059,0.104662,DA159NB
DA15 9PS,51.45094,0.103599,DA159PS
DA16 1BB,51.47651,0.119335,DA161BB
DA16 2PL,51.45673,0.094494,DA162PL
DA16 3PA,51.46245,0.106806,DA163PA
DA16 3PG,51.46317,0.102318,DA163PG
DA16 3QR,51.46392,0.09966,DA163QR
DA17 5BP,51.48651,0.146879,DA175BP
DA17 5BQ,51.48571,0.144205,DA175BQ
DA17 6LN,51.4782,0.152465,DA176LN
DA18 4AL,51.49586,0.142204,DA184AL
DA18 4DB,51.49412,0.13198,DA184DB
DA18 4HX,51.49254,0.14091,DA184HX
DA2 6BH,51.44379,0.246805,DA26BH
DA2 6EG,51.43932,0.247362,DA26EG
DA2 6HH,51.43842,0.245779,DA26HH
DA2 6PA,51.44724,0.243045,DA26PA
DA2 6QD,51.45565,0.248813,DA26QD
DA2 7DE,51.42725,0.197167,DA27DE
DA2 7QT,51.42192,0.241115,DA27QT
DA2 7SL,51.42233,0.212121,DA27SL
DA2 7WQ,51.43301,0.175717,DA27WQ
DA3 7PJ,51.396,0.311095,DA37PJ
DA3 7QA,51.39639,0.300735,DA37QA
DA4 9LW,51.40299,0.246515,DA49LW
DA5 1AH,51.44138,0.149206,DA51AH
DA5 1LW,51.4434,0.151632,DA51LW
DA6 7AT,51.45555,0.153586,DA67AT
DA6 7ER,51.45704,0.140039,DA67ER
DA6 7EZ,51.45676,0.141983,DA67EZ
DA6 8LX,51.45045,0.137385,DA68LX
DA6 8NW,51.45623,0.136244,DA68NW
DA7 4AL,51.46184,0.135153,DA74AL
DA7 4BT,51.45947,0.136655,DA74BT
DA7 4DU,51.46517,0.138289,DA74DU
DA7 4HD,51.46286,0.128593,DA74HD
DA7 4HT,51.45795,0.146516,DA74HT
DA7 4LP,51.46038,0.146601,DA74LP
DA7 5PB,51.47615,0.141006,DA75PB
DA7 6BA,51.45381,0.163968,DA76BA
DA7 6ST,51.46692,0.175517,DA76ST
DA8 1AB,51.48268,0.176282,DA81AB
DA8 1AT,51.48495,0.172184,DA81AT
DA8 1QL,51.48194,0.170874,DA81QL
DA8 1QX,51.48076,0.166253,DA81QX
DA8 1RB,51.48014,0.179027,DA81RB
DA8 1TA,51.48012,0.179127,DA81TA
DA8 2BD,51.47735,0.185706,DA82BD
DA8 2DR,51.4654,0.189958,DA82DR
DA8 2HJ,51.47218,0.18445,DA82HJ
DA8 2HN,51.47264,0.187338,DA82HN
DA8 2JD,51.47278,0.194473,DA82JD
DA8 2LQ,51.47123,0.188278,DA82LQ
DA8 3FP,51.4742,0.180918,DA83FP
DA8 3PS,51.47055,0.179361,DA83PS
DA9 9DD,51.44547,0.263682,DA99DD
DE1 1BT,52.92434,-1.488973,DE11BT
DE1 1BX,52.92389,-1.484665,DE11BX
DE1 1DA,52.92419,-1.485524,DE11DA
DE1 1DB,52.92244,-1.48968,DE11DB
DE1 1DJ,52.92529,-1.489557,DE11DJ
DE1 1EE,52.92429,-1.483634,DE11EE
DE1 1FR,52.92458,-1.490502,DE11FR
DE1 1GU,52.92374,-1.495569,DE11GU
DE1 1JQ,52.92131,-1.483848,DE11JQ
DE1 1LR,52.92109,-1.490662,DE11LR
DE1 1NN,52.92055,-1.477253,DE11NN
DE1 1PL,52.91887,-1.480024,DE11PL
DE1 1RZ,52.91834,-1.478023,DE11RZ
DE1 1TJ,52.91463,-1.481711,DE11TJ
DE1 1TQ,52.9144,-1.482814,DE11TQ
DE1 1UL,52.92329,-1.491737,DE11UL
DE1 1UP,52.92307,-1.490936,DE11UP
DE1 2BU,52.92863,-1.46881,DE12BU
DE1 2FS,52.92321,-1.473993,DE12FS
DE1 2GG,52.91486,-1.477083,DE12GG
DE1 2JH,52.9175,-1.474107,DE12JH
DE1 2JT,52.91868,-1.47619,DE12JT
DE1 2SX,52.91321,-1.463719,DE12SX
DE1 3AF,52.92449,-1.475197,DE13AF
DE1 3BY,52.92775,-1.47733,DE13BY
DE1 3DS,52.92576,-1.478707,DE13DS
DE1 3DY,52.92513,-1.477406,DE13DY
DE1 3FG,52.92995,-1.477943,DE13FG
DE1 3GP,52.92449,-1.478113,DE13GP
DE1 3RL,52.93021,-1.475619,DE13RL
DE11 0AH,52.77413,-1.560252,DE110AH
DE11 0EG,52.78186,-1.562028,DE110EG
DE11 8ED,52.76817,-1.545609,DE118ED
DE11 8HL,52.77195,-1.552492,DE118HL
DE11 9BX,52.77263,-1.563158,DE119BX
DE11 9HZ,52.75538,-1.580547,DE119HZ
DE12 7NB,52.70938,-1.507944,DE127NB
DE12 7PD,52.71021,-1.512523,DE127PD
DE13 9PD,52.81775,-1.760098,DE139PD
DE14 1DP,52.80518,-1.634287,DE141DP
DE14 1EF,52.80307,-1.639081,DE141EF
DE14 1EX,52.80277,-1.629664,DE141EX
DE14 1HJ,52.80077,-1.630141,DE141HJ
DE14 1NA,52.80457,-1.634277,DE141NA
DE14 1PN,52.81031,-1.634615,DE141PN
DE14 2DA,52.80708,-1.643884,DE142DA
DE14 2DH,52.80634,-1.644646,DE142DH
DE14 2EG,52.80898,-1.64418,DE142EG
DE14 2ND,52.81139,-1.642825,DE142ND
DE14 2PY,52.81546,-1.637643,DE142PY
DE14 2UE,52.80399,-1.65892,DE142UE
DE14 2WF,52.79536,-1.669072,DE142WF
DE14 2WQ,52.79929,-1.66615,DE142WQ
DE14 3HL,52.79516,-1.648281,DE143HL
DE14 3JZ,52.79043,-1.669777,DE143JZ
DE14 3NT,52.79874,-1.648104,DE143NT
DE15 0DG,52.80724,-1.592763,DE150DG
DE15 0ES,52.80591,-1.59377,DE150ES
DE15 0YZ,52.79192,-1.57047,DE150YZ
DE15 9QP,52.78792,-1.621754,DE159QP
DE15 9RJ,52.79031,-1.623201,DE159RJ
DE21 4AS,52.93651,-1.469443,DE214AS
DE21 4BP,52.9378,-1.452539,DE214BP
DE21 4NU,52.93773,-1.430058,DE214NU
DE21 4SZ,52.9364,-1.466825,DE214SZ
DE21 6AH,52.92672,-1.457826,DE216AH
DE21 6AL,52.92972,-1.458353,DE216AL
DE21 6ET,52.93056,-1.448376,DE216ET
DE21 6SY,52.91907,-1.425365,DE216SY
DE21 6UE,52.92895,-1.420965,DE216UE
DE21 7NF,52.91481,-1.408899,DE217NF
DE21 7SR,52.91689,-1.42239,DE217SR
DE21 7SS,52.91693,-1.42166,DE217SS
DE22 1JX,52.94001,-1.489339,DE221JX
DE22 1LD,52.93719,-1.491723,DE221LD
DE22 3EX,52.92281,-1.505204,DE223EX
DE22 3LR,52.91914,-1.500843,DE223LR
DE22 3SJ,52.92135,-1.482865,DE223SJ
DE22 3UD,52.91605,-1.484282,DE223UD
DE22 3UE,52.91453,-1.487319,DE223UE
DE22 3WZ,52.91988,-1.493398,DE223WZ
DE22 4BH,52.92548,-1.511807,DE224BH
DE22 4FF,52.92947,-1.518427,DE224FF
DE22 4FS,52.92157,-1.521712,DE224FS
DE22 4LD,52.92574,-1.532093,DE224LD
DE22 4NB,52.93551,-1.536719,DE224NB
DE23 1FZ,52.89241,-1.504702,DE231FZ
DE23 6AD,52.91222,-1.488149,DE236AD
DE23 6QD,52.90596,-1.477622,DE236QD
DE23 6RH,52.91138,-1.476976,DE236RH
DE23 6UQ,52.91448,-1.478456,DE236UQ
DE23 6XX,52.90539,-1.502726,DE236XX
DE23 8AD,52.89407,-1.488184,DE238AD
DE23 8BL,52.89422,-1.48955,DE238BL
DE23 8JQ,52.91182,-1.464287,DE238JQ
DE24 0AB,52.89124,-1.443672,DE240AB
DE24 0FF,52.89091,-1.431771,DE240FF
DE24 0JG,52.8964,-1.427567,DE240JG
DE24 0JL,52.89338,-1.425659,DE240JL
DE24 3GL,52.86985,-1.489866,DE243GL
DE24 3HB,52.87871,-1.50263,DE243HB
DE24 5AG,52.88428,-1.417383,DE245AG
DE24 8AA,52.90854,-1.461561,DE248AA
DE24 8AJ,52.91038,-1.446237,DE248AJ
DE24 8AN,52.91191,-1.447289,DE248AN
DE24 8BF,52.89832,-1.460335,DE248BF
DE24 8DS,52.89618,-1.464108,DE248DS
DE24 8DZ,52.91311,-1.455512,DE248DZ
DE24 8GJ,52.90081,-1.468065,DE248GJ
DE24 8GU,52.89335,-1.454362,DE248GU
DE24 8GW,52.89804,-1.452252,DE248GW
DE24 8GX,52.91131,-1.45372,DE248GX
DE24 8HL,52.89711,-1.449231,DE248HL
DE24 8HQ,52.89539,-1.440869,DE248HQ
DE24 8HY,52.91584,-1.453485,DE248HY
DE24 8JY,52.91233,-1.45228,DE248JY
DE24 8LP,52.89464,-1.450288,DE248LP
DE24 8NZ,52.89605,-1.436341,DE248NZ
DE24 8QN,52.8976,-1.42987,DE248QN
DE24 8RQ,52.90048,-1.438707,DE248RQ
DE24 8UQ,52.90703,-1.452376,DE248UQ
DE24 9FY,52.88695,-1.437722,DE249FY
DE24 9GT,52.88763,-1.480992,DE249GT
DE3 0HP,52.91983,-1.552964,DE30HP
DE3 0PS,52.91254,-1.546109,DE30PS
DE3 9DT,52.91338,-1.527081,DE39DT
DE4 2HJ,53.16829,-1.598004,DE42HJ
DE4 2JW,53.15233,-1.599364,DE42JW
DE4 2RH,53.15435,-1.580055,DE42RH
DE4 3AG,53.14236,-1.551393,DE43AG
DE4 3AQ,53.13859,-1.554856,DE43AQ
DE4 5DD,53.08413,-1.479306,DE45DD
DE5 3EH,53.04896,-1.403532,DE53EH
DE5 3FJ,53.05049,-1.406927,DE53FJ
DE5 3HR,53.04706,-1.405721,DE53HR
DE5 3WT,53.06108,-1.401992,DE53WT
DE55 2BP,53.10714,-1.341977,DE552BP
DE55 5NU,53.14339,-1.342425,DE555NU
DE55 5NX,53.14163,-1.345412,DE555NX
DE55 6HD,53.14196,-1.401886,DE556HD
DE55 7AL,53.09557,-1.398423,DE557AL
DE55 7DQ,53.09649,-1.391316,DE557DQ
DE55 7GR,53.09597,-1.378839,DE557GR
DE56 0SU,53.01031,-1.462638,DE560SU
DE56 1AX,53.02424,-1.484605,DE561AX
DE56 1JR,53.02508,-1.473637,DE561JR
DE56 1LR,53.01903,-1.47055,DE561LR
DE56 2HS,53.06249,-1.442083,DE562HS
DE6 1HE,53.01298,-1.730192,DE61HE
DE6 1TH,53.00452,-1.719933,DE61TH
DE6 2BW,53.0326,-1.809534,DE62BW
DE6 3FA,52.97977,-1.654442,DE63FA
DE65 5BU,52.88272,-1.707536,DE655BU
DE65 5UA,52.86525,-1.619003,DE655UA
DE7 5AT,52.96217,-1.298591,DE75AT
DE7 5FH,52.96689,-1.311066,DE75FH
DE7 5GF,52.97038,-1.310519,DE75GF
DE7 5NY,52.964,-1.302135,DE75NY
DE7 5QE,52.96977,-1.30977,DE75QE
DE7 6EE,52.99894,-1.394937,DE76EE
DE7 6GY,52.97291,-1.371653,DE76GY
DE7 8EF,52.97687,-1.319933,DE78EF
DE7 8FF,52.97601,-1.309119,DE78FF
DE7 8PF,52.98869,-1.305879,DE78PF
DE7 8RP,52.99334,-1.311525,DE78RP
DE72 2DF,52.85726,-1.387892,DE722DF
DE72 2GP,52.86916,-1.352872,DE722GP
DE72 3UY,52.88528,-1.408542,DE723UY
DE73 6TF,52.87083,-1.434499,DE736TF
DE73 6UX,52.86564,-1.431387,DE736UX
DE74 2ED,52.83568,-1.278391,DE742ED
DE74 2NJ,52.84614,-1.336866,DE742NJ
DE74 2TZ,52.82601,-1.310711,DE742TZ
DE75 7AB,53.02388,-1.367455,DE757AB
DE75 7HW,53.01408,-1.337444,DE757HW
DE75 7QL,53.01189,-1.364589,DE757QL
DE75 7RF,53.01225,-1.331182,DE757RF
DH1 1TW,54.78722,-1.539153,DH11TW
DH1 2LH,54.77905,-1.555119,DH12LH
DH1 4DX,54.77308,-1.590844,DH14DX
DH1 5EJ,54.79472,-1.590502,DH15EJ
DH1 5JZ,54.80576,-1.584587,DH15JZ
DH2 1AN,54.87129,-1.591161,DH21AN
DH3 3AZ,54.85285,-1.573187,DH33AZ
DH3 3PD,54.85184,-1.572964,DH33PD
DH3 3PJ,54.85232,-1.568348,DH33PJ
DH3 3QD,54.85564,-1.573126,DH33QD
DH5 0AF,54.8146,-1.447112,DH50AF
DH5 0AX,54.81601,-1.449832,DH50AX
DH5 8JY,54.83313,-1.468468,DH58JY
DH5 9NE,54.82154,-1.455515,DH59NE
DH6 1PA,54.77299,-1.480696,DH61PA
DH6 4LG,54.71843,-1.505532,DH64LG
DH7 6DJ,54.83562,-1.63228,DH76DJ
DH7 6FE,54.81698,-1.626147,DH76FE
DH7 6JS,54.81849,-1.627207,DH76JS
DH7 8EJ,54.75741,-1.610067,DH78EJ
DH7 8RE,54.74477,-1.611416,DH78RE
DH7 8XL,54.74649,-1.609955,DH78XL
DH7 9UZ,54.79824,-1.681226,DH79UZ
DH7 9XA,54.79907,-1.672151,DH79XA
DH8 5HE,54.85314,-1.830627,DH85HE
DH8 5HJ,54.85486,-1.831742,DH85HJ
DH8 5XP,54.84907,-1.837964,DH85XP
DH8 6BN,54.8615,-1.817694,DH86BN
DH8 6BP,54.86063,-1.818212,DH86BP
DH8 6TJ,54.8638,-1.822778,DH86TJ
DH8 7PW,54.85786,-1.811728,DH87PW
DH9 0EJ,54.87572,-1.691135,DH90EJ
DH9 0JL,54.87304,-1.696921,DH90JL
DH9 0JQ,54.87224,-1.697036,DH90JQ
DH9 8LD,54.86363,-1.745723,DH98LD
DL1 1GL,54.52358,-1.54461,DL11GL
DL1 1GY,54.52882,-1.549666,DL11GY
DL1 1QL,54.52982,-1.550706,DL11QL
DL1 1RW,54.5294,-1.513997,DL11RW
DL1 2AF,54.54573,-1.532384,DL12AF
DL1 4PT,54.52324,-1.506361,DL14PT
DL1 4UB,54.51627,-1.532782,DL14UB
DL1 4WD,54.51681,-1.503658,DL14WD
DL1 5QT,54.52373,-1.552812,DL15QT
DL1 5RF,54.52338,-1.55518,DL15RF
DL1 5SF,54.52219,-1.555625,DL15SF
DL10 4DQ,54.40576,-1.735277,DL104DQ
DL10 4QA,54.40362,-1.738911,DL104QA
DL10 5NY,54.46079,-1.704134,DL105NY
DL10 7EU,54.39659,-1.715776,DL107EU
DL12 0QB,54.62339,-2.08353,DL120QB
DL14 6FQ,54.649,-1.681958,DL146FQ
DL14 6JU,54.65081,-1.6854,DL146JU
DL14 6XB,54.64761,-1.668007,DL146XB
DL14 6XG,54.64651,-1.669085,DL146XG
DL14 7EQ,54.66236,-1.675545,DL147EQ
DL15 0PW,54.70972,-1.693358,DL150PW
DL15 9ES,54.71545,-1.745564,DL159ES
DL16 6DB,54.69878,-1.602064,DL166DB
DL16 6DL,54.70266,-1.593833,DL166DL
DL16 7RS,54.6983,-1.588973,DL167RS
DL17 8JP,54.68742,-1.557502,DL178JP
DL17 8LH,54.69075,-1.561902,DL178LH
DL2 1DL,54.50807,-1.53496,DL21DL
DL2 2DR,54.48338,-1.543205,DL22DR
DL3 0PH,54.54637,-1.572305,DL30PH
DL3 7AP,54.52654,-1.562902,DL37AP
DL3 7NR,54.5258,-1.557533,DL37NR
DL3 7TR,54.52506,-1.560384,DL37TR
DL3 8BA,54.52262,-1.592082,DL38BA
DL3 8QF,54.51715,-1.565953,DL38QF
DL3 9LN,54.53055,-1.567835,DL39LN
DL4 2RF,54.62468,-1.64253,DL42RF
DL5 6AH,54.59618,-1.57553,DL56AH
DL5 6XP,54.60263,-1.570107,DL56XP
DL5 6ZE,54.60051,-1.568783,DL56ZE
DL5 7EA,54.62078,-1.591551,DL57EA
DL5 7ER,54.62293,-1.593032,DL57ER
DL5 7LJ,54.62386,-1.600442,DL57LJ
DL6 1HN,54.33673,-1.422685,DL61HN
DL6 1HQ,54.34003,-1.419209,DL61HQ
DL6 2NA,54.35019,-1.441205,DL62NA
DL6 2NJ,54.3502,-1.438374,DL62NJ
DL6 2NQ,54.34912,-1.440158,DL62NQ
DL6 2RB,54.36059,-1.42903,DL62RB
DL7 8PY,54.34021,-1.433449,DL78PY
DL7 8TG,54.33426,-1.440052,DL78TG
DL7 9QJ,54.32364,-1.489795,DL79QJ
DL8 3HF,54.30587,-2.103951,DL83HF
DL8 5AB,54.31165,-1.832282,DL85AB
DL8 5BX,54.30632,-1.819702,DL85BX
DL9 4AT,54.37994,-1.719694,DL94AT
DL9 4QJ,54.37641,-1.692131,DL94QJ
DL9 4QN,54.37701,-1.689356,DL94QN
DN1 1LD,53.52419,-1.134678,DN11LD
DN1 2AA,53.52096,-1.128499,DN12AA
DN1 2DJ,53.5215,-1.125758,DN12DJ
DN1 2PZ,53.52597,-1.127643,DN12PZ
DN1 2QP,53.5268,-1.128259,DN12QP
DN1 2QQ,53.52409,-1.128134,DN12QQ
DN1 3LW,53.52195,-1.132476,DN13LW
DN10 5BU,53.41712,-0.971041,DN105BU
DN11 0LP,53.47596,-1.075073,DN110LP
DN11 8DE,53.41766,-1.057259,DN118DE
DN11 8JU,53.41622,-1.067974,DN118JU
DN11 8LJ,53.41688,-1.078672,DN118LJ
DN12 1AB,53.48385,-1.18874,DN121AB
DN12 1BS,53.48486,-1.188555,DN121BS
DN12 1EX,53.48137,-1.194423,DN121EX
DN12 1JN,53.4798,-1.186512,DN121JN
DN12 3JD,53.48427,-1.229677,DN123JD
DN12 3JX,53.48269,-1.238069,DN123JX
DN14 5DS,53.7039,-0.869231,DN145DS
DN14 5DX,53.70398,-0.869956,DN145DX
DN14 6AR,53.70815,-0.880767,DN146AR
DN14 6SQ,53.70385,-0.877852,DN146SQ
DN14 8QP,53.69785,-0.960287,DN148QP
DN14 9DJ,53.68993,-1.016998,DN149DJ
DN15 6HL,53.59335,-0.648007,DN156HL
DN15 6JH,53.58773,-0.64944,DN156JH
DN15 6LB,53.5899,-0.65212,DN156LB
DN15 7PA,53.58709,-0.653403,DN157PA
DN15 9YG,53.61796,-0.658847,DN159YG
DN15 9YH,53.61501,-0.662206,DN159YH
DN16 1EU,53.58009,-0.637554,DN161EU
DN16 2HF,53.57211,-0.64595,DN162HF
DN16 2SH,53.56704,-0.649026,DN162SH
DN16 3RN,53.56915,-0.619693,DN163RN
DN17 1QQ,53.57345,-0.677396,DN171QQ
DN17 2PG,53.55726,-0.660449,DN172PG
DN17 3HJ,53.57879,-0.739398,DN173HJ
DN18 5QA,53.68681,-0.444292,DN185QA
DN19 7BW,53.67551,-0.380216,DN197BW
DN2 5BE,53.52772,-1.120094,DN25BE
DN2 5BQ,53.52853,-1.119036,DN25BQ
DN2 5YL,53.54303,-1.086532,DN25YL
DN20 0AF,53.56376,-0.549039,DN200AF
DN20 9RU,53.50864,-0.524035,DN209RU
DN21 1DY,53.38972,-0.748177,DN211DY
DN21 2JR,53.40178,-0.775861,DN212JR
DN21 3DL,53.44202,-0.811592,DN213DL
DN21 4LX,53.47609,-0.589174,DN214LX
DN21 5JZ,53.35089,-0.68569,DN215JZ
DN22 6RS,53.32759,-0.936828,DN226RS
DN22 6TQ,53.33409,-0.936997,DN226TQ
DN22 7GR,53.33417,-0.961233,DN227GR
DN22 7SW,53.31509,-0.950212,DN227SW
DN22 7UX,53.3242,-0.946521,DN227UX
DN22 7WF,53.33608,-0.960195,DN227WF
DN3 1HP,53.5617,-1.072332,DN31HP
DN3 1HR,53.5586,-1.074423,DN31HR
DN3 1QL,53.55853,-1.078002,DN31QL
DN3 1QS,53.55811,-1.076124,DN31QS
DN3 2AQ,53.53912,-1.069249,DN32AQ
DN3 2FP,53.53344,-1.071304,DN32FP
DN3 2FS,53.53555,-1.072918,DN32FS
DN31 1NB,53.56456,-0.084114,DN311NB
DN31 2AB,53.56351,-0.094506,DN312AB
DN31 2AW,53.56315,-0.094627,DN312AW
DN31 2BN,53.56845,-0.109521,DN312BN
DN31 2QE,53.57314,-0.097123,DN312QE
DN31 3AG,53.57425,-0.076095,DN313AG
DN31 3EF,53.57494,-0.07401,DN313EF
DN31 3EW,53.57508,-0.071617,DN313EW
DN32 0LT,53.56288,-0.081789,DN320LT
DN32 7DH,53.57412,-0.072023,DN327DH
DN32 7DS,53.57216,-0.074543,DN327DS
DN32 7QN,53.57229,-0.066866,DN327QN
DN32 9DZ,53.56755,-0.072125,DN329DZ
DN32 9RU,53.55261,-0.070162,DN329RU
DN32 9SJ,53.55772,-0.066985,DN329SJ
DN33 2LY,53.53732,-0.092875,DN332LY
DN33 3GL,53.54206,-0.111905,DN333GL
DN35 7ET,53.56572,-0.041932,DN357ET
DN35 7LB,53.56335,-0.037949,DN357LB
DN35 8HP,53.55822,-0.030622,DN358HP
DN36 4AW,53.53492,-0.045767,DN364AW
DN36 4QS,53.52244,-0.062407,DN364QS
DN36 4SP,53.52464,-0.052818,DN364SP
DN37 9BN,53.57179,-0.120035,DN379BN
DN37 9TT,53.58564,-0.130102,DN379TT
DN4 0AB,53.50636,-1.15413,DN40AB
DN4 0RP,53.50422,-1.158198,DN40RP
DN4 5HP,53.51679,-1.112554,DN45HP
DN4 5HX,53.51292,-1.130595,DN45HX
DN4 5JW,53.50979,-1.112956,DN45JW
DN4 5NL,53.50937,-1.120791,DN45NL
DN4 8BE,53.50767,-1.143459,DN48BE
DN4 8DE,53.50299,-1.127843,DN48DE
DN4 8QG,53.49802,-1.152502,DN48QG
DN4 8QP,53.49483,-1.145978,DN48QP
DN4 9BW,53.49109,-1.164848,DN49BW
DN4 9PE,53.50229,-1.178815,DN49PE
DN40 1PU,53.61369,-0.218557,DN401PU
DN5 0HP,53.55655,-1.149401,DN50HP
DN5 9AB,53.54227,-1.152132,DN59AB
DN6 0AA,53.61264,-1.151857,DN60AA
DN6 0HP,53.62223,-1.098945,DN60HP
DN6 7FE,53.57466,-1.207649,DN67FE
DN6 7JL,53.55436,-1.185884,DN67JL
DN6 7SU,53.56922,-1.199868,DN67SU
DN6 7SY,53.56789,-1.202536,DN67SY
DN7 4FG,53.56192,-1.036546,DN74FG
DN8 4AG,53.61404,-0.963724,DN84AG
DN8 4FD,53.6211,-0.9533,DN84FD
DN8 4PR,53.62894,-0.949749,DN84PR
DN8 5BB,53.61185,-0.960346,DN85BB
DN9 1RL,53.49083,-0.776524,DN91RL
DN9 3QR,53.48966,-1.009891,DN93QR
DN9 3RH,53.48256,-1.014998,DN93RH
DT1 1AQ,50.71293,-2.439697,DT11AQ
DT1 1DH,50.71336,-2.437718,DT11DH
DT1 1HY,50.71624,-2.436413,DT11HY
DT1 1NJ,50.71315,-2.426087,DT11NJ
DT1 1PF,50.71097,-2.423476,DT11PF
DT1 1PW,50.7107,-2.435568,DT11PW
DT1 1RX,50.71366,-2.442805,DT11RX
DT1 1UP,50.71484,-2.440579,DT11UP
DT1 1UW,50.71509,-2.438867,DT11UW
DT1 1XJ,50.71671,-2.440681,DT11XJ
DT1 3AE,50.71248,-2.46302,DT13AE
DT1 3AZ,50.71188,-2.4663,DT13AZ
DT1 3BN,50.71217,-2.468356,DT13BN
DT1 3DA,50.71535,-2.464861,DT13DA
DT1 3EX,50.71398,-2.461363,DT13EX
DT1 3GR,50.71063,-2.460424,DT13GR
DT1 3SQ,50.71504,-2.469802,DT13SQ
DT1 3WA,50.71047,-2.461216,DT13WA
DT1 3WB,50.71246,-2.462637,DT13WB
DT1 3WE,50.71452,-2.463026,DT13WE
DT10 2NJ,50.956,-2.372921,DT102NJ
DT11 7BX,50.86,-2.164345,DT117BX
DT11 7DX,50.85584,-2.163379,DT117DX
DT11 7HX,50.86174,-2.161751,DT117HX
DT3 4LS,50.62444,-2.497694,DT34LS
DT4 0AB,50.61103,-2.460566,DT40AB
DT4 0JX,50.61113,-2.469852,DT40JX
DT4 0SY,50.61269,-2.482065,DT40SY
DT4 7BS,50.61875,-2.458309,DT47BS
DT4 7PY,50.62043,-2.457223,DT47PY
DT4 8QB,50.5992,-2.45956,DT48QB
DT4 9DN,50.60692,-2.489638,DT49DN
DT4 9NR,50.5918,-2.478404,DT49NR
DT5 1FA,50.5676,-2.448478,DT51FA
DT5 2DP,50.52949,-2.442136,DT52DP
DT5 2NA,50.52841,-2.452791,DT52NA
DT6 3JP,50.73498,-2.756967,DT63JP
DT6 3NR,50.73289,-2.757954,DT63NR
DT6 5HZ,50.76751,-2.759691,DT65HZ
DT8 3AX,50.80908,-2.738508,DT83AX
DT9 4FS,50.95144,-2.524573,DT94FS
DT9 4HP,50.95155,-2.517669,DT94HP
DY1 1DU,52.51069,-2.086191,DY11DU
DY1 1HH,52.51223,-2.083365,DY11HH
DY1 1JJ,52.51119,-2.08659,DY11JJ
DY1 1QJ,52.50969,-2.084893,DY11QJ
DY1 2DL,52.50518,-2.101414,DY12DL
DY1 2LH,52.50806,-2.109037,DY12LH
DY1 2UF,52.52433,-2.111244,DY12UF
DY1 3AD,52.51101,-2.089154,DY13AD
DY1 4FA,52.52461,-2.08554,DY14FA
DY10 1AL,52.38279,-2.248683,DY101AL
DY10 1AQ,52.38263,-2.24999,DY101AQ
DY10 2BX,52.39145,-2.237578,DY102BX
DY10 2JA,52.39002,-2.248386,DY102JA
DY10 2NX,52.40299,-2.222324,DY102NX
DY10 3TU,52.41958,-2.227422,DY103TU
DY10 4TU,52.36737,-2.237655,DY104TU
DY11 5HP,52.39793,-2.263127,DY115HP
DY11 6RX,52.38765,-2.257659,DY116RX
DY11 6YX,52.38904,-2.261399,DY116YX
DY11 7FH,52.37142,-2.260017,DY117FH
DY11 7NN,52.37424,-2.272798,DY117NN
DY11 7QL,52.36401,-2.265202,DY117QL
DY11 7QN,52.3589,-2.266316,DY117QN
DY12 2AP,52.37562,-2.316302,DY122AP
DY12 2ET,52.37166,-2.320357,DY122ET
DY13 0JN,52.32533,-2.290398,DY130JN
DY13 8ES,52.34266,-2.278666,DY138ES
DY13 9AW,52.34072,-2.27293,DY139AW
DY13 9BZ,52.34071,-2.271711,DY139BZ
DY14 8LF,52.41182,-2.458373,DY148LF
DY2 0AL,52.48296,-2.088905,DY20AL
DY2 0DX,52.47583,-2.085254,DY20DX
DY2 0LY,52.48967,-2.08531,DY20LY
DY2 0PH,52.49399,-2.0866,DY20PH
DY2 0TQ,52.49815,-2.106479,DY20TQ
DY2 7DN,52.50879,-2.076404,DY27DN
DY2 7DT,52.50897,-2.076965,DY27DT
DY2 8NZ,52.50945,-2.08308,DY28NZ
DY2 8PS,52.50843,-2.084493,DY28PS
DY2 8ST,52.50227,-2.082006,DY28ST
DY2 9AF,52.50028,-2.087924,DY29AF
DY3 1HP,52.54016,-2.11699,DY31HP
DY3 1UH,52.53197,-2.117794,DY31UH
DY3 2ND,52.51863,-2.130314,DY32ND
DY4 0NZ,52.53758,-2.051612,DY40NZ
DY4 7PG,52.52989,-2.051573,DY47PG
DY4 7UF,52.51501,-2.062725,DY47UF
DY4 8BJ,52.52826,-2.070999,DY48BJ
DY4 8TF,52.52977,-2.058,DY48TF
DY4 8XP,52.5175,-2.063834,DY48XP
DY4 9DD,52.53401,-2.072129,DY49DD
DY4 9ET,52.53976,-2.072109,DY49ET
DY4 9RY,52.5347,-2.062238,DY49RY
DY5 1HA,52.48454,-2.121245,DY51HA
DY5 1LA,52.49303,-2.112535,DY51LA
DY5 1RU,52.48174,-2.117836,DY51RU
DY5 1TA,52.47668,-2.1137,DY51TA
DY5 1XN,52.48711,-2.114758,DY51XN
DY5 3DY,52.48256,-2.124199,DY53DY
DY5 3JA,52.48603,-2.129923,DY53JA
DY5 3LQ,52.4739,-2.138323,DY53LQ
DY5 3QD,52.47759,-2.128219,DY53QD
DY5 3XT,52.48701,-2.132105,DY53XT
DY6 0JT,52.50529,-2.180587,DY60JT
DY6 7YB,52.50089,-2.152815,DY67YB
DY6 7YD,52.50141,-2.153568,DY67YD
DY6 8AP,52.49753,-2.163276,DY68AP
DY6 8XF,52.49965,-2.145269,DY68XF
DY7 6HF,52.44809,-2.22854,DY76HF
DY7 6HT,52.44785,-2.235836,DY76HT
DY8 1DW,52.45715,-2.146777,DY81DW
DY8 1HE,52.45686,-2.145495,DY81HE
DY8 1PA,52.45444,-2.146959,DY81PA
DY8 2JL,52.44677,-2.140798,DY82JL
DY8 3SS,52.46123,-2.157328,DY83SS
DY8 4HF,52.46733,-2.15314,DY84HF
DY8 5YW,52.47462,-2.154785,DY85YW
DY9 0NJ,52.41907,-2.143739,DY90NJ
DY9 8AY,52.45294,-2.11024,DY98AY
DY9 8SS,52.45623,-2.107349,DY98SS
DY9 8XP,52.45095,-2.111176,DY98XP
E1 0AG,51.51339,-0.054008,E10AG
E1 0FB,51.51515,-0.048254,E10FB
E1 0SG,51.51421,-0.050341,E10SG
E1 1BJ,51.51932,-0.057301,E11BJ
E1 1DU,51.51702,-0.068267,E11DU
E1 1EJ,51.51579,-0.065494,E11EJ
E1 1EW,51.51676,-0.067672,E11EW
E1 1NL,51.51467,-0.063033,E11NL
E1 1PX,51.51495,-0.062502,E11PX
E1 1RD,51.515,-0.063797,E11RD
E1 2AS,51.51567,-0.060339,E12AS
E1 2BJ,51.51657,-0.05762,E12BJ
E1 2DA,51.51498,-0.060974,E12DA
E1 2DE,51.51519,-0.059552,E12DE
E1 3BG,51.51741,-0.054557,E13BG
E1 3BS,51.51976,-0.052871,E13BS
E1 3FT,51.52046,-0.041886,E13FT
E1 3JG,51.51933,-0.049517,E13JG
E1 4DG,51.52505,-0.042179,E14DG
E1 4UN,51.52038,-0.051735,E14UN
E1 4UT,51.52029,-0.051335,E14UT
E1 5AW,51.52113,-0.066118,E15AW
E1 5HU,51.51942,-0.065369,E15HU
E1 5HZ,51.51988,-0.066834,E15HZ
E1 5NF,51.51787,-0.06702,E15NF
E1 6PJ,51.52245,-0.078229,E16PJ
E1 8FA,51.51477,-0.072095,E18FA
E1 8HY,51.51009,-0.065822,E18HY
E10 5ES,51.56544,-0.014631,E105ES
E10 5LL,51.56185,-0.013446,E105LL
E10 5RU,51.56996,-0.015993,E105RU
E10 6AW,51.57703,-0.009609,E106AW
E10 6JQ,51.56942,-0.005396,E106JQ
E10 6RA,51.57082,-0.008711,E106RA
E10 7ES,51.57434,-0.01635,E107ES
E10 7JQ,51.56814,-0.023445,E107JQ
E10 7PS,51.56903,-0.037044,E107PS
E11 1DA,51.56935,0.001455,E111DA
E11 1HG,51.56824,0.009127,E111HG
E11 1HP,51.56951,0.009716,E111HP
E11 1HT,51.57018,0.012199,E111HT
E11 2AA,51.57965,0.024394,E112AA
E11 3AW,51.57021,0.01435,E113AW
E11 3HG,51.56107,0.010051,E113HG
E11 4PB,51.56067,0.007985,E114PB
E12 5BP,51.55163,0.046864,E125BP
E12 5LU,51.55429,0.061712,E125LU
E12 6BT,51.55233,0.053228,E126BT
E12 6BW,51.55283,0.05038,E126BW
E12 6RH,51.54591,0.049246,E126RH
E12 6SG,51.54069,0.053281,E126SG
E12 6SJ,51.54086,0.050447,E126SJ
E12 6SL,51.54252,0.049945,E126SL
E13 0AD,51.53102,0.020752,E130AD
E13 0PG,51.53703,0.025805,E130PG
E13 0TD,51.53058,0.016191,E130TD
E13 8BF,51.5218,0.027003,E138BF
E13 8EB,51.5231,0.022434,E138EB
E13 8EE,51.52214,0.021699,E138EE
E13 8HD,51.5212,0.01729,E138HD
E13 8QE,51.52532,0.028673,E138QE
E13 8QP,51.52245,0.028401,E138QP
E14 0EA,51.51139,-0.013682,E140EA
E14 3AA,51.48986,-0.018969,E143AA
E14 5RE,51.50369,-0.014911,E145RE
E14 5SH,51.50598,-0.009768,E145SH
E14 6FF,51.51628,-0.015603,E146FF
E14 6PX,51.51789,-0.01128,E146PX
E14 6RN,51.51889,-0.009579,E146RN
E14 7FF,51.51398,-0.029798,E147FF
E14 7HA,51.51156,-0.028706,E147HA
E14 8DP,51.51007,-0.039896,E148DP
E14 8JQ,51.50825,-0.026745,E148JQ
E14 8LH,51.49914,-0.02371,E148LH
E14 8PX,51.49611,-0.024576,E148PX
E14 9GE,51.49885,-0.014574,E149GE
E14 9NH,51.49772,-0.018052,E149NH
E14 9PN,51.51104,-0.008869,E149PN
E14 9RP,51.49639,-0.01762,E149RP
E14 9SH,51.50055,-0.017237,E149SH
E14 9SZ,51.49679,-0.018337,E149SZ
E14 9TS,51.4992,-0.01283,E149TS
E14 9XL,51.50115,-0.020324,E149XL
E15 1BZ,51.54663,-0.00185,E151BZ
E15 1DA,51.54003,-0.001432,E151DA
E15 1EN,51.54465,0.004741,E151EN
E15 1HF,51.54833,0.008206,E151HF
E15 1HJ,51.54831,0.00959,E151HJ
E15 1HP,51.54422,0.004881,E151HP
E15 1HR,51.54665,0.007007,E151HR
E15 1QL,51.54611,0.001099,E151QL
E15 1XH,51.54093,0.000973,E151XH
E15 2GE,51.53558,-0.006933,E152GE
E15 2LS,51.53544,-0.004762,E152LS
E15 2QS,51.53134,-0.008892,E152QS
E15 2SJ,51.54465,-0.021406,E152SJ
E15 2ST,51.53685,-0.000403,E152ST
E15 3ET,51.53363,0.012663,E153ET
E15 3HX,51.53587,0.008003,E153HX
E15 4BQ,51.54095,0.002718,E154BQ
E15 4EQ,51.54295,0.010623,E154EQ
E15 4LJ,51.5424,0.005234,E154LJ
E15 4PH,51.53948,0.004168,E154PH
E15 4QZ,51.53904,-0.000163,E154QZ
E16 1AG,51.50598,0.015796,E161AG
E16 1AH,51.50598,0.015796,E161AH
E16 1HN,51.51075,0.014018,E161HN
E16 1JQ,51.514,0.011942,E161JQ
E16 1PN,51.51519,0.024,E161PN
E16 2DQ,51.50267,0.04539,E162DQ
E16 2LJ,51.50094,0.062675,E162LJ
E16 2XR,51.5068,0.07833,E162XR
E16 3DJ,51.51105,0.032319,E163DJ
E16 3EZ,51.51201,0.038055,E163EZ
E16 3RN,51.51556,0.034279,E163RN
E16 3RU,51.51389,0.036453,E163RU
E16 3TE,51.51553,0.04121,E163TE
E17 3AB,51.58538,-0.018295,E173AB
E17 3DB,51.58871,-0.01213,E173DB
E17 3LQ,51.58921,-0.001844,E173LQ
E17 3NU,51.58581,-0.001676,E173NU
E17 4DR,51.59822,0.000759,E174DR
E17 4JP,51.59665,-0.00933,E174JP
E17 4TA,51.59599,-0.00699,E174TA
E17 5EG,51.60158,-0.031035,E175EG
E17 5PX,51.59791,-0.040839,E175PX
E17 5RQ,51.59483,-0.03459,E175RQ
E17 6BU,51.5905,-0.037347,E176BU
E17 6DS,51.58909,-0.039789,E176DS
E17 6QU,51.58767,-0.027998,E176QU
E17 8JU,51.5757,-0.018023,E178JU
E17 9DZ,51.57941,-0.005565,E179DZ
E18 1AN,51.59272,0.026736,E181AN
E18 1ET,51.59728,0.037451,E181ET
E18 1HB,51.59491,0.035872,E181HB
E18 2BF,51.6003,0.01903,E182BF
E1W 1AW,51.50887,-0.069015,E1W1AW
E1W 3TH,51.50615,-0.052918,E1W3TH
E2 6HG,51.52637,-0.061484,E26HG
E2 8JF,51.53017,-0.075481,E28JF
E2 9DA,51.53186,-0.057026,E29DA
E2 9NG,51.53244,-0.055127,E29NG
E3 2AD,51.5271,-0.026608,E32AD
E3 3AN,51.51852,-0.022525,E33AN
E3 3HN,51.52688,-0.01406,E33HN
E3 3YD,51.52184,-0.018013,E33YD
E3 4JN,51.52145,-0.033137,E34JN
E3 4QJ,51.52478,-0.030038,E34QJ
E3 4RR,51.51946,-0.035875,E34RR
E3 4SW,51.52473,-0.033082,E34SW
E3 5EL,51.53313,-0.029865,E35EL
E3 5NT,51.53606,-0.029363,E35NT
E4 6AB,51.63333,0.008662,E46AB
E4 6LE,51.6199,0.007506,E46LE
E4 6SE,51.62218,-0.005121,E46SE
E4 6ST,51.61975,-0.016915,E46ST
E4 7AA,51.63472,0.006311,E47AA
E4 7BJ,51.63116,0.00361,E47BJ
E4 7ES,51.631,-5.3e-05,E47ES
E4 7PR,51.63499,-0.012767,E47PR
E4 7QB,51.64391,-0.010223,E47QB
E4 8JR,51.61391,-0.017198,E48JR
E4 8LU,51.61042,-0.018246,E48LU
E4 8PD,51.6124,-0.02515,E48PD
E4 9EF,51.60803,-0.00151,E49EF
E4 9FA,51.62034,-0.008062,E49FA
E5 0SR,51.55556,-0.036988,E50SR
E5 8RJ,51.56197,-0.062828,E58RJ
E5 9AL,51.57158,-0.064022,E59AL
E5 9DD,51.5636,-0.058026,E59DD
E5 9QD,51.55892,-0.052815,E59QD
E5 9UQ,51.5647,-0.052972,E59UQ
E6 1DQ,51.53943,0.046331,E61DQ
E6 2JA,51.53899,0.051517,E62JA
E6 2JG,51.53819,0.049938,E62JG
E6 2RL,51.53254,0.058869,E62RL
E6 5YA,51.51589,0.053766,E65YA
E6 6DQ,51.52703,0.062859,E66DQ
E6 6HE,51.52468,0.061715,E66HE
E7 0AN,51.55506,0.017201,E70AN
E7 0EL,51.54893,0.024531,E70EL
E7 0LA,51.55148,0.02737,E70LA
E7 0QH,51.5486,0.02528,E70QH
E7 8AS,51.54673,0.038034,E78AS
E7 9AR,51.54783,0.020559,E79AR
E7 9DE,51.54974,0.016677,E79DE
E7 9HZ,51.54591,0.022695,E79HZ
E8 1DY,51.54532,-0.057953,E81DY
E8 1HE,51.54531,-0.054939,E81HE
E8 2AQ,51.54972,-0.060362,E82AQ
E8 3DY,51.54469,-0.074003,E83DY
E8 3NJ,51.54366,-0.058946,E83NJ
E8 3RH,51.5394,-0.056647,E83RH
E8 4AA,51.54153,-0.075939,E84AA
E8 4DL,51.53863,-0.076984,E84DL
E8 4EB,51.53711,-0.076082,E84EB
E8 4RT,51.53579,-0.056888,E84RT
E9 5DG,51.54529,-0.035209,E95DG
E9 5HB,51.54266,-0.024954,E95HB
E9 5JF,51.54676,-0.029882,E95JF
E9 6AS,51.5489,-0.04055,E96AS
E9 6PE,51.54463,-0.050122,E96PE
EC1M 6AN,51.52194,-0.100709,EC1M6AN
EC1N 6SN,51.5191,-0.107371,EC1N6SN
EC1N 7SU,51.51958,-0.109052,EC1N7SU
EC1N 7TJ,51.52045,-0.109737,EC1N7TJ
EC1R 0NE,51.5249,-0.107101,EC1R0NE
EC1V 2NX,51.52731,-0.088894,EC1V2NX
EC1V 2NZ,51.53044,-0.101249,EC1V2NZ
EC2A 2AP,51.52169,-0.081634,EC2A2AP
EC2A 2DT,51.52245,-0.086027,EC2A2DT
EC2A 2EW,51.52106,-0.080031,EC2A2EW
EC2A 3QT,51.52579,-0.080971,EC2A3QT
EC2A 4LT,51.52444,-0.084531,EC2A4LT
EC2A 4NE,51.52562,-0.083602,EC2A4NE
EC2M 1NH,51.51695,-0.083779,EC2M1NH
EC2Y 9DT,51.51794,-0.090151,EC2Y9DT
EC3A 7LP,51.51436,-0.077704,EC3A7LP
EC3A 8AA,51.51525,-0.080362,EC3A8AA
EC3N 1LJ,51.51351,-0.076054,EC3N1LJ
EC3R 5AR,51.50978,-0.081255,EC3R5AR
EC3R 6HD,51.50922,-0.085429,EC3R6HD
EC3R 7LP,51.51143,-0.07911,EC3R7LP
EC3V 3DG,51.51348,-0.087672,EC3V3DG
EC4Y 8DP,51.51283,-0.108135,EC4Y8DP
EN1 1BJ,51.64241,-0.067769,EN11BJ
EN1 1FS,51.64405,-0.058955,EN11FS
EN1 1NU,51.65005,-0.074701,EN11NU
EN1 1PJ,51.65203,-0.074386,EN11PJ
EN1 1PL,51.65177,-0.07204,EN11PL
EN1 1SJ,51.65119,-0.056149,EN11SJ
EN1 1XH,51.6431,-0.066122,EN11XH
EN1 1YB,51.6522,-0.072326,EN11YB
EN1 1YT,51.65241,-0.079805,EN11YT
EN1 2AF,51.65167,-0.079837,EN12AF
EN1 2QN,51.64334,-0.071416,EN12QN
EN1 3GN,51.65787,-0.058813,EN13GN
EN1 3JL,51.65875,-0.07961,EN13JL
EN1 3LY,51.65986,-0.069933,EN13LY
EN1 3PN,51.65913,-0.059381,EN13PN
EN1 3TF,51.65279,-0.077245,EN13TF
EN1 3UZ,51.65925,-0.080065,EN13UZ
EN1 4DB,51.66771,-0.056165,EN14DB
EN1 4EY,51.66504,-0.053518,EN14EY
EN1 4UR,51.66185,-0.061202,EN14UR
EN11 0ES,51.77055,0.003242,EN110ES
EN11 0FJ,51.76512,0.003523,EN110FJ
EN11 0LB,51.77029,0.003433,EN110LB
EN11 8SX,51.7581,-0.012829,EN118SX
EN2 0BX,51.66384,-0.080754,EN20BX
EN2 0JA,51.66157,-0.086113,EN20JA
EN2 0QN,51.66006,-0.087536,EN20QN
EN2 6AZ,51.65209,-0.084691,EN26AZ
EN2 6DU,51.64866,-0.080267,EN26DU
EN2 6TZ,51.64853,-0.082253,EN26TZ
EN2 8EN,51.65823,-0.096027,EN28EN
EN2 8JQ,51.66397,-0.105186,EN28JQ
EN2 9AA,51.66748,-0.074179,EN29AA
EN2 9BQ,51.67741,-0.097292,EN29BQ
EN3 4FN,51.64545,-0.048821,EN34FN
EN3 4HF,51.64793,-0.046806,EN34HF
EN3 4NZ,51.64029,-0.045719,EN34NZ
EN3 4SA,51.64688,-0.049135,EN34SA
EN3 5BN,51.65893,-0.047461,EN35BN
EN3 5JN,51.66178,-0.045531,EN35JN
EN3 6AG,51.67133,-0.035922,EN36AG
EN3 6GS,51.66859,-0.016966,EN36GS
EN3 6NE,51.67286,-0.037621,EN36NE
EN3 7DA,51.64837,-0.035787,EN37DA
EN3 7EH,51.65048,-0.036563,EN37EH
EN3 7EN,51.6491,-0.036522,EN37EN
EN3 7GD,51.67387,-0.021653,EN37GD
EN3 7HP,51.65683,-0.043142,EN37HP
EN3 7LX,51.65442,-0.037578,EN37LX
EN3 7NJ,51.65942,-0.029829,EN37NJ
EN3 7SB,51.65496,-0.032524,EN37SB
EN3 7SY,51.64835,-0.032044,EN37SY
EN3 7XU,51.67455,-0.022144,EN37XU
EN4 8FH,51.64013,-0.161937,EN48FH
EN4 9DQ,51.65563,-0.164491,EN49DQ
EN4 9EB,51.65054,-0.149547,EN49EB
EN4 9RT,51.64969,-0.160842,EN49RT
EN5 1AD,51.6459,-0.186825,EN51AD
EN5 1AH,51.64529,-0.186156,EN51AH
EN5 2UA,51.64347,-0.194987,EN52UA
EN5 2UP,51.64325,-0.200878,EN52UP
EN5 4DJ,51.65535,-0.214914,EN54DJ
EN5 5SU,51.65781,-0.201473,EN55SU
EN5 5TH,51.65452,-0.200562,EN55TH
EN5 5YL,51.65479,-0.199409,EN55YL
EN6 1AE,51.69827,-0.19126,EN61AE
EN6 1BZ,51.7026,-0.186587,EN61BZ
EN6 3LT,51.69382,-0.241009,EN63LT
EN6 4RY,51.70725,-0.108184,EN64RY
EN6 5AJ,51.69366,-0.177669,EN65AJ
EN6 5BL,51.69821,-0.175099,EN65BL
EN6 5BS,51.69283,-0.17967,EN65BS
EN6 5HA,51.70071,-0.172885,EN65HA
EN8 0BS,51.70941,-0.036603,EN80BS
EN8 0DW,51.70792,-0.038405,EN80DW
EN8 0NL,51.71888,-0.035933,EN80NL
EN8 7BY,51.68638,-0.032638,EN87BY
EN8 7HP,51.68652,-0.028697,EN87HP
EN8 7NY,51.68411,-0.024085,EN87NY
EN8 7QU,51.69076,-0.029656,EN87QU
EN8 8JJ,51.6957,-0.034158,EN88JJ
EN8 9DE,51.70618,-0.035137,EN89DE
EN8 9SH,51.70781,-0.024297,EN89SH
EN9 1JH,51.68177,-0.003356,EN91JH
EN9 1NP,51.68533,0.002008,EN91NP
EN9 1QF,51.69104,0.008511,EN91QF
EX1 1NS,50.7225,-3.526205,EX11NS
EX1 2JY,50.72501,-3.523878,EX12JY
EX1 2QL,50.72133,-3.506106,EX12QL
EX1 3QS,50.72768,-3.471029,EX13QS
EX10 0DZ,50.69896,-3.29695,EX100DZ
EX10 8RW,50.67965,-3.246409,EX108RW
EX10 9TZ,50.6983,-3.237119,EX109TZ
EX11 1BT,50.75134,-3.279231,EX111BT
EX11 1RH,50.74287,-3.290069,EX111RH
EX12 2LE,50.70527,-3.070318,EX122LE
EX12 2WH,50.71983,-3.071825,EX122WH
EX13 5DZ,50.78292,-2.997234,EX135DZ
EX13 5GL,50.79761,-2.931123,EX135GL
EX14 1HG,50.79856,-3.188539,EX141HG
EX14 1HL,50.8014,-3.181444,EX141HL
EX14 1LW,50.79923,-3.190982,EX141LW
EX14 1PJ,50.8003,-3.18634,EX141PJ
EX14 1SF,50.79334,-3.20976,EX141SF
EX14 1ST,50.79068,-3.215182,EX141ST
EX14 3HL,50.80866,-3.325123,EX143HL
EX14 4PB,50.86611,-3.222684,EX144PB
EX15 1AA,50.85789,-3.393211,EX151AA
EX15 1AB,50.85794,-3.392417,EX151AB
EX15 1BS,50.86172,-3.379628,EX151BS
EX15 3DG,50.89602,-3.334554,EX153DG
EX15 3XG,50.90545,-3.324512,EX153XG
EX16 4AL,50.90211,-3.469695,EX164AL
EX16 5DH,50.90129,-3.490916,EX165DH
EX16 5JJ,50.90239,-3.494862,EX165JJ
EX16 6NU,50.90352,-3.489266,EX166NU
EX16 9NS,50.99141,-3.485994,EX169NS
EX17 3LB,50.79108,-3.662874,EX173LB
EX17 6BE,50.84484,-3.827249,EX176BE
EX17 6HX,50.79646,-3.813227,EX176HX
EX2 4QD,50.71455,-3.517504,EX24QD
EX2 5JL,50.70819,-3.489666,EX25JL
EX2 5TU,50.70961,-3.486369,EX25TU
EX2 6FU,50.70672,-3.509334,EX26FU
EX2 6HD,50.70108,-3.49393,EX26HD
EX2 7DR,50.69355,-3.481188,EX27DR
EX2 7HU,50.71532,-3.468729,EX27HU
EX2 7NL,50.72472,-3.469378,EX27NL
EX2 8LB,50.69701,-3.514927,EX28LB
EX2 8NL,50.69683,-3.517513,EX28NL
EX2 8PW,50.69931,-3.523923,EX28PW
EX20 1FA,50.73369,-4.004867,EX201FA
EX20 1FJ,50.74197,-3.972861,EX201FJ
EX20 1UA,50.74161,-3.981279,EX201UA
EX20 4ER,50.68441,-4.100194,EX204ER
EX21 5PJ,50.86893,-4.159475,EX215PJ
EX22 6EB,50.8101,-4.352855,EX226EB
EX23 0LZ,50.80812,-4.555151,EX230LZ
EX23 8QN,50.82086,-4.53114,EX238QN
EX3 0LX,50.68924,-3.472501,EX30LX
EX31 1BS,51.0813,-4.059083,EX311BS
EX31 3TA,51.06409,-4.084253,EX313TA
EX31 3TD,51.06493,-4.088658,EX313TD
EX31 3UD,51.06436,-4.089874,EX313UD
EX31 3YB,51.0612,-4.083709,EX313YB
EX32 0AE,51.05397,-4.047982,EX320AE
EX32 7BZ,51.0811,-4.055919,EX327BZ
EX32 7ES,51.08218,-4.059023,EX327ES
EX32 8DJ,51.07729,-4.038361,EX328DJ
EX33 1EE,51.10829,-4.164273,EX331EE
EX33 2JB,51.10878,-4.161296,EX332JB
EX34 7AR,51.17673,-4.196079,EX347AR
EX34 9DS,51.20937,-4.120544,EX349DS
EX34 9NH,51.2073,-4.124773,EX349NH
EX36 3BS,51.02682,-3.839786,EX363BS
EX36 4EY,51.01537,-3.841614,EX364EY
EX38 8EP,50.95255,-4.141365,EX388EP
EX39 1BJ,51.03793,-4.2329,EX391BJ
EX39 1LZ,51.0467,-4.191504,EX391LZ
EX39 2ND,51.02057,-4.20848,EX392ND
EX39 2QE,51.01968,-4.20647,EX392QE
EX39 3BE,51.00655,-4.233843,EX393BE
EX39 3BT,51.00623,-4.233187,EX393BT
EX39 3BU,51.01522,-4.21286,EX393BU
EX39 3DX,51.00719,-4.233675,EX393DX
EX39 3FP,51.01593,-4.226866,EX393FP
EX39 3HN,51.01013,-4.233987,EX393HN
EX39 3PG,51.02894,-4.213613,EX393PG
EX39 4PG,51.02276,-4.149149,EX394PG
EX39 5XX,51.01147,-4.211997,EX395XX
EX4 3AJ,50.72063,-3.536118,EX43AJ
EX4 3SR,50.72674,-3.535014,EX43SR
EX4 7HT,50.7305,-3.509971,EX47HT
EX4 8JN,50.7366,-3.479344,EX48JN
EX5 1DP,50.71044,-3.423196,EX51DP
EX5 1FY,50.7034,-3.448134,EX51FY
EX5 1HQ,50.66551,-3.397697,EX51HQ
EX5 4JZ,50.81758,-3.481533,EX54JZ
EX6 7LU,50.65485,-3.65435,EX67LU
EX6 8AT,50.68322,-3.500624,EX68AT
EX6 8DB,50.67902,-3.495097,EX68DB
EX6 8DG,50.677,-3.495217,EX68DG
EX7 0BQ,50.58481,-3.468181,EX70BQ
EX7 0DE,50.58527,-3.466416,EX70DE
EX7 9AW,50.58203,-3.475454,EX79AW
EX7 9LQ,50.58188,-3.472299,EX79LQ
EX7 9QQ,50.57972,-3.4713,EX79QQ
EX8 1PN,50.62101,-3.411913,EX81PN
EX8 1QS,50.62265,-3.409488,EX81QS
EX8 2FA,50.6146,-3.404328,EX82FA
EX8 2JW,50.62094,-3.40292,EX82JW
EX8 2TS,50.62772,-3.385788,EX82TS
EX8 5EQ,50.64325,-3.381337,EX85EQ
EX9 6JP,50.6288,-3.328838,EX96JP
FY1 1EG,53.81799,-3.053031,FY11EG
FY1 1HP,53.81775,-3.05266,FY11HP
FY1 2JF,53.82857,-3.054268,FY12JF
FY1 2JL,53.8315,-3.053035,FY12JL
FY1 2PW,53.82965,-3.049676,FY12PW
FY1 3AD,53.81829,-3.049317,FY13AD
FY1 3PB,53.81857,-3.041501,FY13PB
FY1 4BT,53.81239,-3.048653,FY14BT
FY1 6RN,53.80664,-3.031881,FY16RN
FY2 0AS,53.85339,-3.03905,FY20AS
FY2 0HJ,53.85212,-3.040554,FY20HJ
FY2 0JW,53.85268,-3.021306,FY20JW
FY2 0PH,53.86041,-3.025098,FY20PH
FY2 0PJ,53.85268,-3.025061,FY20PJ
FY3 7FH,53.83509,-3.027702,FY37FH
FY3 7UN,53.83635,-3.024131,FY37UN
FY3 9JS,53.80638,-3.029794,FY39JS
FY3 9LT,53.80405,-3.005471,FY39LT
FY3 9TH,53.80539,-3.006779,FY39TH
FY4 1EQ,53.79032,-3.051822,FY41EQ
FY4 1EW,53.79802,-3.050679,FY41EW
FY4 2DP,53.77715,-3.035043,FY42DP
FY4 2RF,53.77605,-3.025896,FY42RF
FY4 2RH,53.7752,-3.027985,FY42RH
FY4 2RP,53.77691,-3.028709,FY42RP
FY4 3ET,53.79541,-3.039394,FY43ET
FY4 3RS,53.77814,-3.025127,FY43RS
FY4 4QU,53.79798,-3.007877,FY44QU
FY4 5GU,53.78785,-2.990999,FY45GU
FY4 5LW,53.79093,-2.990449,FY45LW
FY4 5PU,53.78613,-2.990367,FY45PU
FY5 1BQ,53.87923,-3.04188,FY51BQ
FY5 1JN,53.88406,-3.041483,FY51JN
FY5 2AA,53.87749,-3.039403,FY52AA
FY5 2AP,53.88152,-3.038012,FY52AP
FY5 4AD,53.87343,-3.010328,FY54AD
FY5 5EJ,53.86617,-3.006701,FY55EJ
FY5 5LR,53.87898,-2.985089,FY55LR
FY6 0EJ,53.92406,-2.969262,FY60EJ
FY6 7XJ,53.85094,-2.987911,FY67XJ
FY6 8JX,53.84501,-2.966873,FY68JX
FY7 6LQ,53.92289,-3.016456,FY76LQ
FY7 6SR,53.92083,-3.015157,FY76SR
FY7 6TP,53.91961,-3.019391,FY76TP
FY7 7PN,53.90621,-3.028654,FY77PN
FY7 8SF,53.91308,-3.036328,FY78SF
FY8 1JD,53.74414,-3.020767,FY81JD
FY8 1PF,53.75043,-3.029427,FY81PF
FY8 1QR,53.75111,-3.029792,FY81QR
FY8 1TG,53.75343,-3.025375,FY81TG
FY8 1UY,53.75588,-3.020339,FY81UY
FY8 3DU,53.76606,-3.013425,FY83DU
FY8 3QY,53.75398,-2.998862,FY83QY
FY8 4NN,53.74612,-2.942904,FY84NN
FY8 5FT,53.73751,-2.947077,FY85FT
FY8 5PP,53.73651,-2.982257,FY85PP
GL1 1DL,51.86222,-2.248676,GL11DL
GL1 1HX,51.86173,-2.244621,GL11HX
GL1 1JJ,51.86146,-2.246638,GL11JJ
GL1 1PX,51.86267,-2.239994,GL11PX
GL1 1UB,51.86194,-2.249691,GL11UB
GL1 2BS,51.86982,-2.244476,GL12BS
GL1 2EP,51.86375,-2.249759,GL12EP
GL1 2FB,51.8642,-2.252114,GL12FB
GL1 2HT,51.8654,-2.248853,GL12HT
GL1 2NG,51.86615,-2.246504,GL12NG
GL1 2RU,51.86889,-2.254115,GL12RU
GL1 2TG,51.86646,-2.248597,GL12TG
GL1 2UF,51.87444,-2.250806,GL12UF
GL1 3AA,51.86756,-2.242576,GL13AA
GL1 3AJ,51.86753,-2.242997,GL13AJ
GL1 3EJ,51.86802,-2.239485,GL13EJ
GL1 3NU,51.86761,-2.237508,GL13NU
GL1 4HY,51.85952,-2.234299,GL14HY
GL1 4SY,51.85462,-2.236219,GL14SY
GL1 5RZ,51.85599,-2.250761,GL15RZ
GL1 5SQ,51.85462,-2.255617,GL15SQ
GL1 5TG,51.85126,-2.256832,GL15TG
GL10 2BQ,51.74353,-2.286405,GL102BQ
GL10 2JY,51.7434,-2.27599,GL102JY
GL10 2LQ,51.74112,-2.264867,GL102LQ
GL10 3NJ,51.72782,-2.283554,GL103NJ
GL10 3RF,51.74546,-2.302103,GL103RF
GL10 3SL,51.76114,-2.315741,GL103SL
GL12 7BX,51.63799,-2.352728,GL127BX
GL13 9BE,51.6913,-2.456931,GL139BE
GL14 1HJ,51.80689,-2.467324,GL141HJ
GL14 2AB,51.82304,-2.496771,GL142AB
GL14 2RX,51.82371,-2.499738,GL142RX
GL14 2SE,51.8246,-2.499139,GL142SE
GL14 2SH,51.82407,-2.499075,GL142SH
GL14 3NN,51.8171,-2.478441,GL143NN
GL15 4PA,51.75461,-2.552462,GL154PA
GL15 5HE,51.72581,-2.532449,GL155HE
GL16 7HN,51.78897,-2.600103,GL167HN
GL16 8BA,51.79467,-2.617463,GL168BA
GL17 0DR,51.87589,-2.482319,GL170DR
GL17 9AY,51.8515,-2.526658,GL179AY
GL17 9QX,51.84511,-2.575475,GL179QX
GL18 1AH,51.93041,-2.405545,GL181AH
GL2 0PN,51.87054,-2.210958,GL20PN
GL2 0XE,51.88026,-2.203739,GL20XE
GL2 2AP,51.81012,-2.26987,GL22AP
GL2 2AT,51.81242,-2.270856,GL22AT
GL2 2FP,51.81786,-2.26259,GL22FP
GL2 2SN,51.81918,-2.275989,GL22SN
GL2 4AL,51.82855,-2.273783,GL24AL
GL2 4NZ,51.83492,-2.275548,GL24NZ
GL2 4WL,51.82762,-2.286213,GL24WL
GL2 5DR,51.84921,-2.262105,GL25DR
GL2 5EA,51.83766,-2.275086,GL25EA
GL2 5EN,51.83662,-2.273628,GL25EN
GL2 5FD,51.85965,-2.261106,GL25FD
GL2 5FW,51.84383,-2.260579,GL25FW
GL2 5JQ,51.86209,-2.25672,GL25JQ
GL2 5QY,51.8609,-2.251994,GL25QY
GL2 5RG,51.86069,-2.253808,GL25RG
GL2 7HE,51.77447,-2.367345,GL27HE
GL2 7LZ,51.77936,-2.309723,GL27LZ
GL2 8DN,51.87897,-2.30618,GL28DN
GL2 8EY,51.89308,-2.271341,GL28EY
GL2 8HB,51.88939,-2.273077,GL28HB
GL2 9GU,51.8952,-2.220955,GL29GU
GL2 9QL,51.89819,-2.169769,GL29QL
GL2 9RT,51.88316,-2.22187,GL29RT
GL20 8BT,51.99587,-2.139317,GL208BT
GL20 8DN,52.00432,-2.124295,GL208DN
GL20 8SD,52.00253,-2.12732,GL208SD
GL3 1DL,51.88736,-2.215018,GL31DL
GL3 3SH,51.8512,-2.176763,GL33SH
GL3 4ET,51.84833,-2.157792,GL34ET
GL4 0BH,51.8299,-2.238194,GL40BH
GL4 0RJ,51.83564,-2.261359,GL40RJ
GL4 3GG,51.86611,-2.204431,GL43GG
GL4 3HX,51.86655,-2.209211,GL43HX
GL4 6ED,51.83299,-2.221144,GL46ED
GL5 1QJ,51.74762,-2.216656,GL51QJ
GL5 1SB,51.7494,-2.217548,GL51SB
GL5 2AY,51.73802,-2.207602,GL52AY
GL5 2AZ,51.73143,-2.204183,GL52AZ
GL5 2HL,51.74464,-2.21402,GL52HL
GL5 2JT,51.74455,-2.21567,GL52JT
GL5 3DP,51.74508,-2.217947,GL53DP
GL5 4EX,51.74497,-2.227839,GL54EX
GL50 1HR,51.89872,-2.076827,GL501HR
GL50 1HX,51.89894,-2.074691,GL501HX
GL50 1JN,51.89816,-2.073862,GL501JN
GL50 2EA,51.89301,-2.083343,GL502EA
GL50 2LH,51.89507,-2.090743,GL502LH
GL50 3DA,51.9001,-2.078966,GL503DA
GL50 3ER,51.90111,-2.089418,GL503ER
GL50 3SH,51.90063,-2.083051,GL503SH
GL50 4SL,51.92955,-2.074379,GL504SL
GL51 0GS,51.91635,-2.125376,GL510GS
GL51 0LA,51.90923,-2.119018,GL510LA
GL51 0SN,51.91603,-2.108582,GL510SN
GL51 6PN,51.89093,-2.12545,GL516PN
GL51 6SX,51.89861,-2.160905,GL516SX
GL51 8DW,51.90543,-2.084994,GL518DW
GL51 8HF,51.90103,-2.097151,GL518HF
GL51 8PL,51.89963,-2.099996,GL518PL
GL51 9TU,51.91694,-2.101692,GL519TU
GL51 9TX,51.91817,-2.099921,GL519TX
GL52 3EY,51.91059,-2.056045,GL523EY
GL52 5JF,51.91092,-2.046567,GL525JF
GL52 5JS,51.91012,-2.047147,GL525JS
GL52 8EU,51.95189,-2.056941,GL528EU
GL52 8RN,51.94768,-2.060398,GL528RN
GL52 9QG,51.94437,-2.036083,GL529QG
GL53 9GA,51.87772,-2.073959,GL539GA
GL53 9HD,51.88004,-2.072263,GL539HD
GL53 9NS,51.81702,-2.011014,GL539NS
GL53 9PQ,51.79829,-2.048959,GL539PQ
GL53 9QU,51.84975,-2.083669,GL539QU
GL54 1AF,51.93035,-1.722408,GL541AF
GL54 1EJ,51.9351,-1.725346,GL541EJ
GL54 1FF,51.93543,-1.722653,GL541FF
GL55 6HB,52.05161,-1.778969,GL556HB
GL55 6HR,52.05688,-1.780358,GL556HR
GL56 0LW,51.98721,-1.701073,GL560LW
GL6 0AG,51.69659,-2.217468,GL60AG
GL6 0PL,51.6864,-2.227154,GL60PL
GL6 6NU,51.75263,-2.222387,GL66NU
GL6 6UL,51.7818,-2.199265,GL66UL
GL6 7DW,51.73909,-2.157368,GL67DW
GL6 9EY,51.70608,-2.197817,GL69EY
GL7 1AJ,51.71772,-1.955099,GL71AJ
GL7 1GG,51.70959,-1.95146,GL71GG
GL7 1LF,51.70898,-1.957641,GL71LF
GL7 1QD,51.71625,-1.970054,GL71QD
GL7 1YD,51.707,-1.963938,GL71YD
GL7 1YG,51.705,-1.960177,GL71YG
GL7 2AG,51.71797,-1.968808,GL72AG
GL7 3AD,51.69388,-1.693051,GL73AD
GL7 3AE,51.69416,-1.692702,GL73AE
GL7 6JJ,51.70907,-1.983243,GL76JJ
GL8 8HZ,51.64133,-2.156884,GL88HZ
GL8 8JG,51.63615,-2.160074,GL88JG
GU1 1FF,51.2491,-0.552992,GU11FF
GU1 1QD,51.252,-0.571014,GU11QD
GU1 2PX,51.24174,-0.542578,GU12PX
GU1 2RP,51.24279,-0.539938,GU12RP
GU1 3QT,51.2352,-0.571635,GU13QT
GU1 3UY,51.23378,-0.573784,GU13UY
GU1 4HD,51.23746,-0.570777,GU14HD
GU10 1PH,51.22168,-0.754965,GU101PH
GU10 1PL,51.22541,-0.756999,GU101PL
GU10 3RB,51.20055,-0.777406,GU103RB
GU10 5BB,51.24513,-0.849221,GU105BB
GU10 5EH,51.20628,-0.820915,GU105EH
GU10 5HY,51.19012,-0.876693,GU105HY
GU10 5QQ,51.23199,-0.862941,GU105QQ
GU11 1BB,51.24952,-0.773442,GU111BB
GU11 1FG,51.24835,-0.756795,GU111FG
GU11 1SJ,51.24801,-0.759555,GU111SJ
GU11 1TQ,51.24785,-0.757625,GU111TQ
GU11 3HU,51.24902,-0.768641,GU113HU
GU11 3PD,51.24651,-0.778809,GU113PD
GU11 3SW,51.23483,-0.748967,GU113SW
GU11 4FE,51.25578,-0.75916,GU114FE
GU12 4BP,51.23476,-0.744972,GU124BP
GU12 4DT,51.23976,-0.739349,GU124DT
GU12 4ES,51.24183,-0.744235,GU124ES
GU12 4FW,51.2532,-0.73815,GU124FW
GU12 4NE,51.24279,-0.75057,GU124NE
GU12 4SY,51.25004,-0.743108,GU124SY
GU14 0EX,51.292,-0.769901,GU140EX
GU14 6BN,51.27938,-0.749721,GU146BN
GU14 6BS,51.27782,-0.749663,GU146BS
GU14 6BU,51.27542,-0.749384,GU146BU
GU14 6DA,51.27476,-0.750004,GU146DA
GU14 6DQ,51.27989,-0.751586,GU146DQ
GU14 6EJ,51.27473,-0.748227,GU146EJ
GU14 6HD,51.27531,-0.742792,GU146HD
GU14 7LP,51.28917,-0.758017,GU147LP
GU14 7NA,51.29596,-0.752484,GU147NA
GU14 7PG,51.29329,-0.757303,GU147PG
GU14 7PL,51.29354,-0.758473,GU147PL
GU14 7QU,51.28756,-0.76503,GU147QU
GU14 8AA,51.29829,-0.750298,GU148AA
GU14 8PE,51.29964,-0.765164,GU148PE
GU14 9LE,51.30933,-0.787042,GU149LE
GU14 9LN,51.30746,-0.776432,GU149LN
GU14 9RW,51.29712,-0.783003,GU149RW
GU15 2EG,51.33645,-0.738552,GU152EG
GU15 2QN,51.32712,-0.755285,GU152QN
GU15 2QR,51.32771,-0.757063,GU152QR
GU15 3DX,51.33139,-0.760882,GU153DX
GU15 3HD,51.33947,-0.743149,GU153HD
GU15 3HL,51.33561,-0.761788,GU153HL
GU15 3HZ,51.33484,-0.764335,GU153HZ
GU15 3RB,51.33825,-0.744231,GU153RB
GU15 3XD,51.3363,-0.745117,GU153XD
GU15 3YL,51.32642,-0.76192,GU153YL
GU16 6JG,51.29222,-0.730212,GU166JG
GU16 7ER,51.31659,-0.74828,GU167ER
GU16 7HJ,51.31343,-0.744679,GU167HJ
GU16 7HY,51.31409,-0.743283,GU167HY
GU16 9FH,51.30785,-0.723239,GU169FH
GU17 0EU,51.33854,-0.792675,GU170EU
GU17 9AB,51.33302,-0.777762,GU179AB
GU19 5AH,51.362,-0.692159,GU195AH
GU19 5HD,51.3628,-0.693142,GU195HD
GU19 5HL,51.36256,-0.69233,GU195HL
GU2 4BB,51.23227,-0.576065,GU24BB
GU2 8LX,51.24382,-0.61604,GU28LX
GU2 8XG,51.24656,-0.588333,GU28XG
GU2 9JX,51.26026,-0.58939,GU29JX
GU21 2BP,51.31735,-0.6037,GU212BP
GU21 2EP,51.31333,-0.611369,GU212EP
GU21 2ER,51.31885,-0.614977,GU212ER
GU21 3DL,51.3213,-0.587506,GU213DL
GU21 3QZ,51.32302,-0.603255,GU213QZ
GU21 3RE,51.32532,-0.600487,GU213RE
GU21 4HX,51.32695,-0.561569,GU214HX
GU21 5AB,51.31938,-0.55641,GU215AB
GU21 5EN,51.32695,-0.545737,GU215EN
GU21 5SB,51.3292,-0.533336,GU215SB
GU21 6BG,51.31873,-0.557492,GU216BG
GU21 6BS,51.32071,-0.558061,GU216BS
GU21 6JD,51.32102,-0.557564,GU216JD
GU21 6NL,51.3171,-0.573615,GU216NL
GU21 6QX,51.31884,-0.560186,GU216QX
GU21 7SG,51.30858,-0.593062,GU217SG
GU22 7SG,51.30955,-0.56085,GU227SG
GU22 8AR,51.32232,-0.5433,GU228AR
GU22 8UE,51.32655,-0.501657,GU228UE
GU22 9AX,51.29467,-0.565374,GU229AX
GU22 9LT,51.30253,-0.545934,GU229LT
GU23 6ER,51.29387,-0.502691,GU236ER
GU23 7EF,51.29583,-0.525519,GU237EF
GU24 0AD,51.30394,-0.644333,GU240AD
GU25 4BB,51.40115,-0.563325,GU254BB
GU26 6BN,51.10015,-0.746133,GU266BN
GU26 6NL,51.12167,-0.752524,GU266NL
GU27 1HS,51.08804,-0.729383,GU271HS
GU27 1LX,51.0887,-0.753439,GU271LX
GU27 2PE,51.08953,-0.716019,GU272PE
GU29 9FP,50.98065,-0.745066,GU299FP
GU29 9LT,50.98491,-0.739808,GU299LT
GU3 1HF,51.22258,-0.589697,GU31HF
GU3 1LZ,51.20474,-0.58317,GU31LZ
GU3 3EF,51.24854,-0.6307,GU33EF
GU32 2JQ,51.01237,-0.935703,GU322JQ
GU32 3DL,51.00554,-0.936671,GU323DL
GU32 3DY,51.00533,-0.938059,GU323DY
GU32 3EL,51.00575,-0.939189,GU323EL
GU32 3LA,51.00311,-0.940105,GU323LA
GU32 3QG,51.00077,-0.950547,GU323QG
GU33 7AD,51.04343,-0.893837,GU337AD
GU33 7AW,51.04759,-0.896634,GU337AW
GU33 7LE,51.04142,-0.891061,GU337LE
GU34 1BX,51.15067,-0.973146,GU341BX
GU34 1HA,51.14882,-0.976862,GU341HA
GU34 1HN,51.1492,-0.97754,GU341HN
GU34 1ND,51.14592,-0.979928,GU341ND
GU34 2QW,51.15408,-0.962776,GU342QW
GU34 2RX,51.14681,-0.970887,GU342RX
GU34 2UU,51.15461,-0.966038,GU342UU
GU34 4BY,51.18469,-0.982864,GU344BY
GU34 4GL,51.16246,-0.955723,GU344GL
GU34 5AJ,51.10344,-1.040195,GU345AJ
GU34 5AP,51.10283,-1.029353,GU345AP
GU34 5HR,51.11077,-1.045257,GU345HR
GU35 0AX,51.11113,-0.864508,GU350AX
GU35 0DJ,51.11307,-0.865275,GU350DJ
GU35 0HL,51.11755,-0.861665,GU350HL
GU4 7BU,51.2564,-0.538948,GU47BU
GU4 7NB,51.26162,-0.550105,GU47NB
GU4 7XS,51.25036,-0.534339,GU47XS
GU46 7AG,51.34015,-0.814484,GU467AG
GU51 2UJ,51.29715,-0.820038,GU512UJ
GU51 2UY,51.29826,-0.8247,GU512UY
GU51 2UZ,51.29825,-0.828932,GU512UZ
GU51 3FS,51.28464,-0.83761,GU513FS
GU51 3HS,51.27784,-0.816145,GU513HS
GU51 3PJ,51.28639,-0.835687,GU513PJ
GU51 4AL,51.28053,-0.847664,GU514AL
GU51 4LG,51.28362,-0.849866,GU514LG
GU52 0AE,51.2535,-0.845716,GU520AE
GU6 7HJ,51.14156,-0.478517,GU67HJ
GU6 8GP,51.14146,-0.511214,GU68GP
GU6 8HP,51.09731,-0.516159,GU68HP
GU6 8HT,51.10286,-0.527379,GU68HT
GU6 8PF,51.15541,-0.503529,GU68PF
GU6 8RL,51.14254,-0.494095,GU68RL
GU6 8RT,51.14309,-0.495736,GU68RT
GU6 8RZ,51.14315,-0.498751,GU68RZ
GU6 8TR,51.13813,-0.516495,GU68TR
GU7 1AQ,51.18528,-0.61569,GU71AQ
GU7 1BD,51.18513,-0.611373,GU71BD
GU7 1BH,51.1829,-0.609209,GU71BH
GU7 1EW,51.18634,-0.615573,GU71EW
GU7 1HP,51.18646,-0.61006,GU71HP
GU7 3HY,51.19321,-0.598222,GU73HY
GU8 5JB,51.17123,-0.643447,GU85JB
GU8 6DB,51.18613,-0.704739,GU86DB
GU8 6LB,51.18447,-0.685283,GU86LB
GU9 7UQ,51.21607,-0.791327,GU97UQ
GU9 8HT,51.20479,-0.770752,GU98HT
GU9 8QT,51.20736,-0.805141,GU98QT
GU9 9RL,51.22333,-0.786626,GU99RL
HA0 1HD,51.53485,-0.297899,HA01HD
HA0 1TX,51.54065,-0.289347,HA01TX
HA0 2DW,51.55202,-0.30121,HA02DW
HA0 2JF,51.55963,-0.304014,HA02JF
HA0 2LX,51.55505,-0.319922,HA02LX
HA0 2PH,51.55556,-0.320754,HA02PH
HA0 2RH,51.55761,-0.323536,HA02RH
HA0 2RJ,51.55728,-0.325019,HA02RJ
HA0 2TN,51.55677,-0.330981,HA02TN
HA0 3AF,51.55479,-0.309517,HA03AF
HA0 3DJ,51.55671,-0.311437,HA03DJ
HA0 3HS,51.56175,-0.31907,HA03HS
HA0 3NS,51.56231,-0.310508,HA03NS
HA0 3QR,51.56151,-0.308359,HA03QR
HA0 4LY,51.53922,-0.295183,HA04LY
HA1 1BA,51.57984,-0.334942,HA11BA
HA1 1BD,51.57988,-0.337005,HA11BD
HA1 1BE,51.58023,-0.335996,HA11BE
HA1 1BQ,51.58021,-0.339533,HA11BQ
HA1 1LJ,51.58097,-0.334251,HA11LJ
HA1 1LQ,51.58114,-0.334476,HA11LQ
HA1 1PD,51.58037,-0.340162,HA11PD
HA1 1RG,51.5851,-0.342068,HA11RG
HA1 1UX,51.59046,-0.332504,HA11UX
HA1 2AA,51.58069,-0.33429,HA12AA
HA1 2BE,51.58499,-0.326613,HA12BE
HA1 2BN,51.578,-0.332426,HA12BN
HA1 2DR,51.58062,-0.333759,HA12DR
HA1 2EN,51.58014,-0.332997,HA12EN
HA1 2LU,51.58088,-0.325811,HA12LU
HA1 2NU,51.58105,-0.326541,HA12NU
HA1 2SP,51.58853,-0.328749,HA12SP
HA1 3EX,51.57813,-0.342033,HA13EX
HA1 3NZ,51.5631,-0.338872,HA13NZ
HA1 4ED,51.57954,-0.34764,HA14ED
HA1 4ES,51.58116,-0.34442,HA14ES
HA1 4HN,51.58429,-0.358842,HA14HN
HA1 4HX,51.58059,-0.346432,HA14HX
HA1 4LS,51.58277,-0.348158,HA14LS
HA1 4QG,51.58587,-0.350282,HA14QG
HA1 4QX,51.58527,-0.349222,HA14QX
HA1 4SZ,51.58852,-0.343358,HA14SZ
HA1 4TY,51.59325,-0.344976,HA14TY
HA2 0DU,51.56474,-0.351827,HA20DU
HA2 0HY,51.5702,-0.341586,HA20HY
HA2 6DZ,51.58668,-0.361209,HA26DZ
HA2 6QQ,51.59703,-0.349733,HA26QQ
HA2 7BU,51.58149,-0.362666,HA27BU
HA2 7HJ,51.57625,-0.370157,HA27HJ
HA2 7SE,51.58533,-0.361215,HA27SE
HA2 7SW,51.58459,-0.362541,HA27SW
HA2 8DU,51.56473,-0.353674,HA28DU
HA2 9BP,51.56623,-0.364312,HA29BP
HA2 9DP,51.56491,-0.367981,HA29DP
HA3 0AN,51.58107,-0.318371,HA30AN
HA3 0DA,51.57716,-0.30772,HA30DA
HA3 0EY,51.58268,-0.315497,HA30EY
HA3 0QH,51.57441,-0.293102,HA30QH
HA3 0TW,51.58261,-0.294917,HA30TW
HA3 5LS,51.59964,-0.34844,HA35LS
HA3 5RN,51.59858,-0.340393,HA35RN
HA3 6TY,51.61039,-0.345364,HA36TY
HA3 7TB,51.59505,-0.329881,HA37TB
HA3 8ES,51.58459,-0.315585,HA38ES
HA3 8NT,51.59048,-0.3268,HA38NT
HA3 8PS,51.59954,-0.319681,HA38PS
HA3 8RR,51.5971,-0.313418,HA38RR
HA3 8UJ,51.59135,-0.310065,HA38UJ
HA3 9ED,51.58825,-0.301721,HA39ED
HA3 9NS,51.58777,-0.289064,HA39NS
HA3 9QX,51.58546,-0.283724,HA39QX
HA4 7AR,51.57673,-0.427117,HA47AR
HA4 9UU,51.57597,-0.397458,HA49UU
HA5 1AZ,51.59456,-0.384632,HA51AZ
HA5 1QZ,51.57693,-0.397525,HA51QZ
HA5 1RJ,51.57855,-0.399806,HA51RJ
HA5 1TU,51.58046,-0.392782,HA51TU
HA5 2EX,51.5894,-0.402471,HA52EX
HA5 4PH,51.60904,-0.374557,HA54PH
HA5 5ET,51.5775,-0.371614,HA55ET
HA5 5LL,51.58356,-0.380649,HA55LL
HA6 1BN,51.60585,-0.416897,HA61BN
HA6 1NW,51.6,-0.410112,HA61NW
HA6 2RN,51.61493,-0.445802,HA62RN
HA6 3EZ,51.61918,-0.406986,HA63EZ
HA7 1BT,51.60513,-0.298044,HA71BT
HA7 1DA,51.60098,-0.294589,HA71DA
HA7 1EP,51.59412,-0.287338,HA71EP
HA7 1FW,51.60503,-0.297037,HA71FW
HA7 1GB,51.60518,-0.296482,HA71GB
HA7 1JS,51.60347,-0.297254,HA71JS
HA7 2PD,51.60045,-0.309597,HA72PD
HA7 3FT,51.62415,-0.340861,HA73FT
HA7 3NF,51.61568,-0.331435,HA73NF
HA7 3QD,51.61243,-0.315074,HA73QD
HA7 4HB,51.61811,-0.308464,HA74HB
HA7 4RY,51.61715,-0.302101,HA74RY
HA7 4SF,51.61585,-0.297209,HA74SF
HA8 0AX,51.60177,-0.268351,HA80AX
HA8 0BF,51.60363,-0.269638,HA80BF
HA8 0FT,51.59983,-0.265969,HA80FT
HA8 5AW,51.60661,-0.274998,HA85AW
HA8 5HY,51.59943,-0.267256,HA85HY
HA8 6NB,51.60611,-0.290123,HA86NB
HA8 6RW,51.60766,-0.295927,HA86RW
HA8 6SD,51.61176,-0.298186,HA86SD
HA8 7AR,51.61444,-0.27538,HA87AR
HA8 7DD,51.61005,-0.278998,HA87DD
HA8 7EL,51.61237,-0.280817,HA87EL
HA8 7FR,51.61258,-0.277964,HA87FR
HA8 7JU,51.61481,-0.276088,HA87JU
HA8 8FX,51.63141,-0.269766,HA88FX
HA8 8YD,51.62092,-0.264199,HA88YD
HA8 9AW,51.60915,-0.275812,HA89AW
HA8 9JN,51.61165,-0.263455,HA89JN
HA8 9QW,51.61681,-0.261063,HA89QW
HA9 0AB,51.5583,-0.284905,HA90AB
HA9 0FJ,51.55904,-0.28166,HA90FJ
HA9 6EB,51.55084,-0.281161,HA96EB
HA9 6NA,51.55273,-0.275724,HA96NA
HA9 7BS,51.55267,-0.296757,HA97BS
HA9 7LY,51.56379,-0.305591,HA97LY
HA9 7ND,51.56345,-0.300453,HA97ND
HA9 7NG,51.56448,-0.299808,HA97NG
HA9 7QE,51.55838,-0.298117,HA97QE
HA9 7QP,51.55834,-0.293805,HA97QP
HA9 7QU,51.56026,-0.293704,HA97QU
HA9 7RG,51.56551,-0.300361,HA97RG
HA9 7SE,51.55573,-0.291407,HA97SE
HA9 8BU,51.55683,-0.28698,HA98BU
HA9 8RN,51.57189,-0.301033,HA98RN
HA9 8TL,51.57352,-0.304912,HA98TL
HA9 9FN,51.56352,-0.269429,HA99FN
HA9 9SE,51.57386,-0.284825,HA99SE
HD1 1RD,53.64965,-1.780647,HD11RD
HD1 1RL,53.6493,-1.780467,HD11RL
HD1 2TG,53.64404,-1.786257,HD12TG
HD1 2TW,53.64405,-1.783187,HD12TW
HD1 3LG,53.64054,-1.794427,HD13LG
HD1 4HT,53.64682,-1.797967,HD14HT
HD1 5DX,53.65512,-1.786791,HD15DX
HD1 5EY,53.65729,-1.78961,HD15EY
HD1 5JP,53.64789,-1.78651,HD15JP
HD1 5QP,53.65286,-1.795215,HD15QP
HD1 6BH,53.65207,-1.779968,HD16BH
HD1 6BL,53.65259,-1.77986,HD16BL
HD1 6ER,53.66124,-1.780965,HD16ER
HD2 1DH,53.6667,-1.770978,HD21DH
HD2 1GN,53.67867,-1.7651,HD21GN
HD2 1JG,53.66938,-1.775338,HD21JG
HD2 1JJ,53.67067,-1.763132,HD21JJ
HD2 1NZ,53.67321,-1.774909,HD21NZ
HD2 1SA,53.68007,-1.754192,HD21SA
HD2 1SY,53.67929,-1.744871,HD21SY
HD2 1YF,53.66006,-1.768442,HD21YF
HD2 2GN,53.67783,-1.793595,HD22GN
HD3 3HR,53.6544,-1.82574,HD33HR
HD3 3HZ,53.65705,-1.821628,HD33HZ
HD3 3LX,53.66106,-1.820219,HD33LX
HD3 3XE,53.65678,-1.845869,HD33XE
HD3 4AB,53.65018,-1.810659,HD34AB
HD3 4BU,53.6541,-1.82332,HD34BU
HD4 5QP,53.63567,-1.815926,HD45QP
HD4 6AW,53.63594,-1.784014,HD46AW
HD4 6EN,53.63062,-1.798845,HD46EN
HD4 6PD,53.63845,-1.778633,HD46PD
HD4 6QA,53.63249,-1.775745,HD46QA
HD4 6SD,53.63116,-1.745146,HD46SD
HD4 7NR,53.61831,-1.798904,HD47NR
HD5 8LE,53.63447,-1.76654,HD58LE
HD5 9AF,53.64377,-1.769317,HD59AF
HD5 9RA,53.6529,-1.752913,HD59RA
HD5 9UZ,53.64931,-1.739681,HD59UZ
HD6 1NY,53.70198,-1.778679,HD61NY
HD6 1PE,53.70231,-1.774694,HD61PE
HD6 1PP,53.70081,-1.776959,HD61PP
HD6 3DH,53.69879,-1.783376,HD63DH
HD7 5HA,53.62056,-1.886017,HD75HA
HD7 5QG,53.625,-1.856371,HD75QG
HD7 6AE,53.60254,-1.923995,HD76AE
HD8 9DA,53.59162,-1.650689,HD89DA
HD8 9LA,53.58682,-1.628085,HD89LA
HD9 4AP,53.59747,-1.833467,HD94AP
HD9 4DS,53.5928,-1.836749,HD94DS
HD9 6QZ,53.60975,-1.788244,HD96QZ
HG1 1BB,53.99584,-1.538759,HG11BB
HG1 1HS,53.98928,-1.538587,HG11HS
HG1 2BW,54.0034,-1.552849,HG12BW
HG1 2BY,54.00657,-1.55016,HG12BY
HG1 2PW,53.99292,-1.550963,HG12PW
HG1 3HE,54.00705,-1.548537,HG13HE
HG1 4BT,54.00118,-1.528173,HG14BT
HG1 4DP,54.00098,-1.530052,HG14DP
HG1 4HN,54.0063,-1.532098,HG14HN
HG1 4QE,54.00156,-1.502997,HG14QE
HG1 5BJ,53.99498,-1.536709,HG15BJ
HG1 5BW,53.99538,-1.536689,HG15BW
HG1 5HB,53.99664,-1.537652,HG15HB
HG1 5JR,53.9968,-1.54035,HG15JR
HG1 5LT,53.99563,-1.533422,HG15LT
HG1 5NR,53.99526,-1.533289,HG15NR
HG1 5NX,53.99635,-1.541972,HG15NX
HG1 5PD,53.99212,-1.534727,HG15PD
HG2 0DJ,53.98566,-1.543583,HG20DJ
HG2 0PL,53.98777,-1.552085,HG20PL
HG2 7BU,53.98992,-1.513079,HG27BU
HG2 7DZ,54.00117,-1.504161,HG27DZ
HG2 7LW,54.00148,-1.495599,HG27LW
HG2 7SX,53.99382,-1.517579,HG27SX
HG2 8DB,53.9777,-1.53719,HG28DB
HG2 8NA,53.97688,-1.518812,HG28NA
HG2 8PB,53.9789,-1.520176,HG28PB
HG2 8RB,53.97868,-1.524128,HG28RB
HG2 9HB,53.9728,-1.533921,HG29HB
HG3 1DH,53.98535,-1.491386,HG31DH
HG3 2AE,54.01466,-1.555154,HG32AE
HG3 2GP,54.01802,-1.591488,HG32GP
HG3 2XA,54.00134,-1.555907,HG32XA
HG3 3BF,54.06491,-1.585467,HG33BF
HG3 3JN,54.07042,-1.593037,HG33JN
HG4 1AE,54.14727,-1.515309,HG41AE
HG4 1LE,54.13818,-1.521752,HG41LE
HG4 2SZ,54.14189,-1.532272,HG42SZ
HG4 4ER,54.22358,-1.659403,HG44ER
HG4 5DF,54.14367,-1.462936,HG45DF
HG5 0HW,54.01028,-1.470177,HG50HW
HG5 0LD,54.01368,-1.464549,HG50LD
HG5 0SJ,54.00752,-1.46089,HG50SJ
HG5 8LF,54.00402,-1.448973,HG58LF
HP1 1AL,51.74631,-0.474512,HP11AL
HP1 1GQ,51.75508,-0.472318,HP11GQ
HP1 1LA,51.75666,-0.472497,HP11LA
HP1 1LF,51.75368,-0.471844,HP11LF
HP1 1LS,51.75765,-0.472536,HP11LS
HP1 2LW,51.7553,-0.499564,HP12LW
HP1 2NG,51.75652,-0.503131,HP12NG
HP1 2TN,51.75866,-0.503872,HP12TN
HP1 3AF,51.75958,-0.472065,HP13AF
HP1 3LG,51.76506,-0.489719,HP13LG
HP10 0DF,51.59729,-0.684328,HP100DF
HP10 8AG,51.64454,-0.696171,HP108AG
HP10 8HY,51.64287,-0.707997,HP108HY
HP11 1BG,51.62745,-0.750174,HP111BG
HP11 1EX,51.61872,-0.717451,HP111EX
HP11 1EZ,51.61757,-0.715085,HP111EZ
HP11 1JU,51.61126,-0.704634,HP111JU
HP11 1QX,51.62308,-0.734345,HP111QX
HP11 2GG,51.63233,-0.760486,HP112GG
HP12 3AE,51.63672,-0.76973,HP123AE
HP12 3AH,51.6356,-0.769341,HP123AH
HP12 3PR,51.62201,-0.768019,HP123PR
HP12 3RL,51.62598,-0.771234,HP123RL
HP12 3YZ,51.61917,-0.770364,HP123YZ
HP12 4EF,51.61608,-0.787708,HP124EF
HP12 4RB,51.61916,-0.791352,HP124RB
HP13 5GA,51.63702,-0.753913,HP135GA
HP13 5HW,51.63316,-0.758787,HP135HW
HP13 6HP,51.63041,-0.737537,HP136HP
HP13 6SE,51.63087,-0.751091,HP136SE
HP13 6SR,51.63414,-0.749498,HP136SR
HP13 7DE,51.62048,-0.717184,HP137DE
HP14 3FE,51.65992,-0.914919,HP143FE
HP14 3JY,51.64688,-0.864124,HP143JY
HP14 3UW,51.64486,-0.89081,HP143UW
HP14 4EA,51.67517,-0.821128,HP144EA
HP15 6XB,51.66818,-0.69484,HP156XB
HP15 7DQ,51.6569,-0.71565,HP157DQ
HP16 0DZ,51.68219,-0.706891,HP160DZ
HP17 8FA,51.77615,-0.935455,HP178FA
HP17 8LJ,51.7756,-0.932902,HP178LJ
HP18 0GU,51.8349,-0.856423,HP180GU
HP19 7BG,51.8201,-0.848107,HP197BG
HP19 8DB,51.81963,-0.828111,HP198DB
HP19 8DP,51.81891,-0.82533,HP198DP
HP19 8EF,51.81882,-0.819862,HP198EF
HP19 8HL,51.82052,-0.83749,HP198HL
HP19 8HT,51.81966,-0.816475,HP198HT
HP19 8JR,51.82223,-0.843134,HP198JR
HP19 8RS,51.82359,-0.850238,HP198RS
HP19 8TE,51.82272,-0.85026,HP198TE
HP19 9AG,51.82116,-0.817465,HP199AG
HP19 9JL,51.82595,-0.828005,HP199JL
HP19 9TY,51.82699,-0.840951,HP199TY
HP2 4BF,51.76052,-0.439299,HP24BF
HP2 4QL,51.75562,-0.441656,HP24QL
HP2 4TZ,51.75558,-0.425633,HP24TZ
HP2 4XH,51.75931,-0.439414,HP24XH
HP2 5NB,51.76353,-0.450716,HP25NB
HP2 6EJ,51.77639,-0.449608,HP26EJ
HP2 6EZ,51.7943,-0.491641,HP26EZ
HP2 6LG,51.77995,-0.448776,HP26LG
HP2 7AP,51.75786,-0.444535,HP27AP
HP2 7BT,51.76482,-0.43605,HP27BT
HP2 7DA,51.76149,-0.440034,HP27DA
HP2 7DN,51.7631,-0.444195,HP27DN
HP2 7DX,51.76687,-0.435196,HP27DX
HP2 7TG,51.76062,-0.437543,HP27TG
HP20 1GF,51.81696,-0.799339,HP201GF
HP20 1JF,51.81641,-0.793536,HP201JF
HP20 1JX,51.81386,-0.787815,HP201JX
HP20 1LZ,51.81648,-0.797495,HP201LZ
HP20 1RS,51.81764,-0.811885,HP201RS
HP20 1SN,51.81705,-0.812814,HP201SN
HP20 2HU,51.81684,-0.813908,HP202HU
HP20 2RQ,51.81636,-0.814153,HP202RQ
HP21 7LZ,51.80737,-0.801798,HP217LZ
HP21 7QY,51.81155,-0.806677,HP217QY
HP21 7SZ,51.81074,-0.805872,HP217SZ
HP21 8DA,51.8025,-0.810412,HP218DA
HP21 8DJ,51.80541,-0.813178,HP218DJ
HP21 8JW,51.80738,-0.825006,HP218JW
HP21 8LY,51.81167,-0.821848,HP218LY
HP21 9LR,51.79731,-0.81938,HP219LR
HP21 9QF,51.80292,-0.794171,HP219QF
HP22 4ND,51.87975,-0.773551,HP224ND
HP22 5AH,51.80281,-0.738104,HP225AH
HP22 5TF,51.78915,-0.778865,HP225TF
HP22 6EZ,51.76616,-0.741574,HP226EZ
HP22 7DA,51.82518,-0.767603,HP227DA
HP23 5EF,51.79834,-0.658801,HP235EF
HP27 0JQ,51.72641,-0.828481,HP270JQ
HP27 9SG,51.73713,-0.859239,HP279SG
HP3 0FR,51.73464,-0.468649,HP30FR
HP3 8EH,51.74587,-0.452827,HP38EH
HP3 9HL,51.74494,-0.471574,HP39HL
HP3 9HN,51.74405,-0.471532,HP39HN
HP3 9HS,51.74201,-0.468776,HP39HS
HP3 9QU,51.73362,-0.461718,HP39QU
HP3 9QX,51.74068,-0.467952,HP39QX
HP4 3JE,51.75987,-0.578453,HP43JE
HP5 1EP,51.7048,-0.613045,HP51EP
HP5 1TU,51.67722,-0.558017,HP51TU
HP5 2DA,51.72151,-0.616834,HP52DA
HP5 2NY,51.71168,-0.615932,HP52NY
HP5 2PY,51.71479,-0.618023,HP52PY
HP5 3EL,51.71418,-0.605665,HP53EL
HP6 6AA,51.67776,-0.60343,HP66AA
HP7 0HL,51.66619,-0.613575,HP70HL
HP7 0HS,51.6651,-0.612539,HP70HS
HP7 0PX,51.65339,-0.667496,HP70PX
HP9 1LU,51.60268,-0.638081,HP91LU
HP9 1TF,51.61965,-0.653015,HP91TF
HP9 2FY,51.61346,-0.64745,HP92FY
HP9 2JH,51.60186,-0.634843,HP92JH
HP9 2SE,51.58789,-0.628189,HP92SE
HR1 1LN,52.07381,-2.70952,HR11LN
HR1 2EA,52.05951,-2.711263,HR12EA
HR1 2HU,52.05593,-2.71144,HR12HU
HR1 2SY,52.05337,-2.704705,HR12SY
HR2 6BQ,52.03757,-2.679411,HR26BQ
HR2 6DR,52.04164,-2.703909,HR26DR
HR2 6FE,52.03856,-2.686161,HR26FE
HR2 6FJ,52.03844,-2.68285,HR26FJ
HR2 6JT,52.04101,-2.692556,HR26JT
HR2 7PH,52.04322,-2.720686,HR27PH
HR2 8BP,52.0131,-2.738663,HR28BP
HR2 9LS,52.04438,-2.848303,HR29LS
HR4 0BU,52.05544,-2.718214,HR40BU
HR4 0EL,52.06131,-2.727279,HR40EL
HR4 0HS,52.05919,-2.73531,HR40HS
HR4 0LE,52.05955,-2.72741,HR40LE
HR4 9AP,52.05537,-2.717207,HR49AP
HR4 9AR,52.05528,-2.717613,HR49AR
HR4 9HN,52.06127,-2.714296,HR49HN
HR4 9HP,52.05794,-2.716868,HR49HP
HR4 9NS,52.06651,-2.729362,HR49NS
HR4 9TA,52.06931,-2.717444,HR49TA
HR4 9YJ,52.06064,-2.719347,HR49YJ
HR5 3AR,52.20321,-3.036898,HR53AR
HR5 3DJ,52.20349,-3.028491,HR53DJ
HR5 3DP,52.20347,-3.027656,HR53DP
HR5 3DQ,52.20414,-3.023838,HR53DQ
HR6 0LA,52.21485,-2.732197,HR60LA
HR6 8AA,52.22649,-2.737748,HR68AA
HR6 8BT,52.22849,-2.739377,HR68BT
HR6 8DQ,52.22749,-2.741146,HR68DQ
HR6 8LS,52.22834,-2.740223,HR68LS
HR6 8NJ,52.22918,-2.737002,HR68NJ
HR6 8NW,52.22731,-2.733135,HR68NW
HR7 4DU,52.1899,-2.50711,HR74DU
HR8 1BY,52.0396,-2.427642,HR81BY
HR8 2AS,52.0362,-2.432872,HR82AS
HR8 2EY,52.03484,-2.422334,HR82EY
HR8 2JN,52.03873,-2.460334,HR82JN
HR9 5BS,51.9138,-2.582808,HR95BS
HR9 5HL,51.91442,-2.5852,HR95HL
HR9 5NG,51.91259,-2.572397,HR95NG
HR9 5UF,51.9039,-2.593479,HR95UF
HR9 7BW,51.91645,-2.574293,HR97BW
HU1 1EL,53.7434,-0.332448,HU11EL
HU1 2AS,53.74395,-0.335307,HU12AS
HU1 2RH,53.74129,-0.347755,HU12RH
HU1 3EN,53.74613,-0.339164,HU13EN
HU1 4BG,53.73933,-0.329198,HU14BG
HU10 6BP,53.7584,-0.447276,HU106BP
HU10 6RJ,53.74758,-0.422925,HU106RJ
HU10 6SP,53.74523,-0.430671,HU106SP
HU10 7BY,53.74665,-0.431361,HU107BY
HU12 0NB,53.68396,-0.015175,HU120NB
HU12 8EN,53.73967,-0.200863,HU128EN
HU12 8TX,53.76633,-0.200831,HU128TX
HU13 0EG,53.7182,-0.428494,HU130EG
HU13 0LZ,53.72749,-0.441745,HU130LZ
HU13 0RD,53.72293,-0.436775,HU130RD
HU13 9AR,53.73205,-0.437589,HU139AR
HU13 9PB,53.72067,-0.426538,HU139PB
HU14 3HH,53.72368,-0.531234,HU143HH
HU16 5GX,53.78391,-0.415553,HU165GX
HU17 0AB,53.84153,-0.427683,HU170AB
HU17 0GA,53.83873,-0.409747,HU170GA
HU17 0LF,53.84047,-0.401185,HU170LF
HU17 0LS,53.84803,-0.410307,HU170LS
HU17 7DH,53.84624,-0.441658,HU177DH
HU17 7GA,53.90472,-0.527543,HU177GA
HU17 8DY,53.8461,-0.400059,HU178DY
HU17 8HL,53.83946,-0.432046,HU178HL
HU17 9DH,53.84566,-0.424093,HU179DH
HU17 9FS,53.85926,-0.421073,HU179FS
HU17 9JL,53.84595,-0.425587,HU179JL
HU17 9UN,53.85706,-0.422631,HU179UN
HU18 1LN,53.91439,-0.165512,HU181LN
HU18 1XR,53.87863,-0.13726,HU181XR
HU19 2DB,53.73803,-0.011552,HU192DB
HU19 2DL,53.73124,0.032548,HU192DL
HU19 2HH,53.72876,0.035687,HU192HH
HU2 8AE,53.74802,-0.333766,HU28AE
HU2 8DT,53.74899,-0.339946,HU28DT
HU2 8HD,53.74728,-0.339998,HU28HD
HU2 8NH,53.74702,-0.346818,HU28NH
HU2 9LG,53.75413,-0.342853,HU29LG
HU3 1XR,53.75289,-0.348483,HU31XR
HU3 1YA,53.75332,-0.347738,HU31YA
HU3 2AA,53.73784,-0.351408,HU32AA
HU3 2RA,53.73885,-0.354826,HU32RA
HU3 2TR,53.74197,-0.364226,HU32TR
HU3 4AA,53.73633,-0.358669,HU34AA
HU3 4AJ,53.73168,-0.367112,HU34AJ
HU3 4HH,53.7307,-0.368424,HU34HH
HU3 6SH,53.7435,-0.38156,HU36SH
HU4 6BD,53.73982,-0.389798,HU46BD
HU4 7DW,53.7253,-0.407375,HU47DW
HU4 7DY,53.72395,-0.409851,HU47DY
HU4 7RY,53.74463,-0.413361,HU47RY
HU5 2TG,53.75998,-0.354895,HU52TG
HU5 4HP,53.76105,-0.382675,HU54HP
HU5 4QZ,53.76929,-0.384027,HU54QZ
HU5 5NA,53.75511,-0.39883,HU55NA
HU6 0AG,53.80156,-0.374558,HU60AG
HU6 7ER,53.77703,-0.357613,HU67ER
HU6 7JP,53.77626,-0.355306,HU67JP
HU6 7JZ,53.7724,-0.353666,HU67JZ
HU6 7TQ,53.77203,-0.364393,HU67TQ
HU6 8LA,53.77342,-0.375508,HU68LA
HU6 8QG,53.77058,-0.376998,HU68QG
HU6 9BX,53.78757,-0.375766,HU69BX
HU6 9DQ,53.78878,-0.373063,HU69DQ
HU6 9NP,53.7826,-0.362723,HU69NP
HU6 9NX,53.78174,-0.365488,HU69NX
HU7 0BY,53.77116,-0.326341,HU70BY
HU7 4FL,53.77789,-0.302004,HU74FL
HU7 4TD,53.77998,-0.302557,HU74TD
HU7 4WD,53.79303,-0.321144,HU74WD
HU8 0TX,53.77114,-0.28909,HU80TX
HU8 8HL,53.76392,-0.323792,HU88HL
HU8 8QP,53.75801,-0.309829,HU88QP
HU8 9AR,53.76599,-0.290406,HU89AR
HU9 1DN,53.74699,-0.323495,HU91DN
HU9 1ND,53.74613,-0.317509,HU91ND
HU9 2LP,53.75518,-0.307288,HU92LP
HU9 2TD,53.75329,-0.297975,HU92TD
HU9 3DW,53.75892,-0.305044,HU93DW
HU9 5BS,53.75267,-0.261007,HU95BS
HU9 5HE,53.75414,-0.265663,HU95HE
HU9 5LW,53.74786,-0.269259,HU95LW
HX1 1QR,53.72272,-1.854616,HX11QR
HX1 1TS,53.72371,-1.860614,HX11TS
HX1 1UR,53.72395,-1.859826,HX11UR
HX1 2AF,53.72031,-1.862641,HX12AF
HX1 2EJ,53.71923,-1.865766,HX12EJ
HX1 2EQ,53.71955,-1.866311,HX12EQ
HX1 2JP,53.71864,-1.858267,HX12JP
HX1 2QR,53.71981,-1.863309,HX12QR
HX1 2SH,53.72107,-1.866291,HX12SH
HX1 3BE,53.71705,-1.878137,HX13BE
HX1 5BA,53.7237,-1.865631,HX15BA
HX1 5BD,53.72381,-1.865933,HX15BD
HX1 5ER,53.72116,-1.870761,HX15ER
HX1 5PG,53.72516,-1.878099,HX15PG
HX1 5PN,53.72587,-1.875066,HX15PN
HX2 8DB,53.7424,-1.885539,HX28DB
HX2 9BJ,53.75692,-1.897497,HX29BJ
HX3 0HA,53.71208,-1.880455,HX30HA
HX3 0HE,53.71147,-1.879865,HX30HE
HX3 0JE,53.70548,-1.872414,HX30JE
HX3 5WP,53.72786,-1.86104,HX35WP
HX3 6AE,53.72794,-1.855675,HX36AE
HX3 6DY,53.73013,-1.861912,HX36DY
HX3 6HX,53.73505,-1.865049,HX36HX
HX3 6SN,53.75262,-1.873577,HX36SN
HX3 7BS,53.73404,-1.827959,HX37BS
HX3 9EQ,53.69782,-1.853066,HX39EQ
HX3 9ET,53.71365,-1.854481,HX39ET
HX4 8NF,53.68564,-1.875835,HX48NF
HX5 0BW,53.68596,-1.837905,HX50BW
HX5 0PL,53.6827,-1.846184,HX50PL
HX5 9AS,53.68642,-1.833845,HX59AS
HX6 1BH,53.70588,-1.920782,HX61BH
HX7 5AR,53.73085,-1.98802,HX75AR
HX7 5DZ,53.72968,-1.982685,HX75DZ
HX7 7DD,53.74384,-2.01264,HX77DD
HX7 8DG,53.74369,-2.00891,HX78DG
IG1 1BA,51.55788,0.07167,IG11BA
IG1 1BF,51.56121,0.085412,IG11BF
IG1 1HJ,51.55668,0.072885,IG11HJ
IG1 1LR,51.5594,0.076399,IG11LR
IG1 1QB,51.55953,0.076953,IG11QB
IG1 1QP,51.56075,0.083414,IG11QP
IG1 1TY,51.5616,0.082083,IG11TY
IG1 1UF,51.56206,0.089404,IG11UF
IG1 2EL,51.5543,0.071449,IG12EL
IG1 2LD,51.55422,0.072441,IG12LD
IG1 2LT,51.54928,0.074928,IG12LT
IG1 2QQ,51.54756,0.077662,IG12QQ
IG1 2QY,51.55753,0.071293,IG12QY
IG1 2UH,51.55199,0.086923,IG12UH
IG1 3AD,51.55936,0.068231,IG13AD
IG1 3BG,51.5627,0.065569,IG13BG
IG1 3SE,51.57395,0.055659,IG13SE
IG1 4BH,51.56133,0.075679,IG14BH
IG1 4DU,51.55899,0.069989,IG14DU
IG1 4EL,51.55989,0.076161,IG14EL
IG1 4HP,51.56107,0.071108,IG14HP
IG1 4NH,51.56121,0.069642,IG14NH
IG1 4PG,51.56043,0.069362,IG14PG
IG1 4PU,51.56159,0.068592,IG14PU
IG1 4QR,51.5634,0.069165,IG14QR
IG1 4SY,51.56173,0.068238,IG14SY
IG1 4TA,51.56245,0.067607,IG14TA
IG1 4TD,51.56335,0.067229,IG14TD
IG10 1TB,51.6491,0.063611,IG101TB
IG10 2RD,51.65497,0.07699,IG102RD
IG10 3BB,51.63472,0.052466,IG103BB
IG10 3ST,51.64751,0.083848,IG103ST
IG10 3TQ,51.64491,0.088947,IG103TQ
IG10 3TS,51.64494,0.086896,IG103TS
IG10 3TZ,51.64282,0.078329,IG103TZ
IG10 4BL,51.6466,0.0515,IG104BL
IG10 4HZ,51.64285,0.050189,IG104HZ
IG10 4JA,51.64311,0.050475,IG104JA
IG11 0DA,51.52307,0.096456,IG110DA
IG11 0EA,51.52412,0.096533,IG110EA
IG11 0HZ,51.52465,0.104472,IG110HZ
IG11 0LX,51.5265,0.108954,IG110LX
IG11 0RZ,51.52865,0.115859,IG110RZ
IG11 0XW,51.52778,0.119033,IG110XW
IG11 7BT,51.53292,0.075338,IG117BT
IG11 7BZ,51.53374,0.074525,IG117BZ
IG11 7JT,51.53096,0.079992,IG117JT
IG11 7NP,51.53727,0.080972,IG117NP
IG11 7PS,51.5368,0.079437,IG117PS
IG11 7XW,51.53141,0.097863,IG117XW
IG11 8AW,51.5366,0.076745,IG118AW
IG11 8BB,51.53719,0.070644,IG118BB
IG11 8BL,51.53917,0.068527,IG118BL
IG11 8EQ,51.53754,0.079311,IG118EQ
IG11 8ET,51.53645,0.076868,IG118ET
IG11 8FG,51.5396,0.078166,IG118FG
IG11 8GN,51.5408,0.079706,IG118GN
IG11 8HE,51.53903,0.078226,IG118HE
IG11 8NL,51.53913,0.080336,IG118NL
IG11 8RF,51.5427,0.079864,IG118RF
IG11 8RT,51.54046,0.083108,IG118RT
IG11 9HX,51.54451,0.097369,IG119HX
IG11 9LG,51.53994,0.100692,IG119LG
IG11 9PH,51.53942,0.098851,IG119PH
IG2 6JX,51.57721,0.066386,IG26JX
IG2 6NE,51.57677,0.065254,IG26NE
IG2 6NQ,51.57628,0.065694,IG26NQ
IG2 6NT,51.57686,0.061982,IG26NT
IG2 6UF,51.5773,0.065235,IG26UF
IG2 6UU,51.5809,0.05899,IG26UU
IG2 7DB,51.57196,0.083681,IG27DB
IG2 7LR,51.57718,0.085378,IG27LR
IG2 7NE,51.57896,0.084781,IG27NE
IG2 7RR,51.57657,0.091917,IG27RR
IG2 7RS,51.57595,0.093346,IG27RS
IG2 7SR,51.57968,0.10007,IG27SR
IG3 8QD,51.5719,0.104733,IG38QD
IG3 8QR,51.57163,0.101863,IG38QR
IG3 8XR,51.57847,0.114895,IG38XR
IG3 9JS,51.56037,0.096511,IG39JS
IG3 9PW,51.55588,0.108408,IG39PW
IG3 9TE,51.56195,0.103004,IG39TE
IG3 9UF,51.56473,0.110592,IG39UF
IG4 5AN,51.57632,0.047929,IG45AN
IG4 5ED,51.58134,0.057898,IG45ED
IG4 5EY,51.57976,0.054464,IG45EY
IG5 0AA,51.5821,0.061368,IG50AA
IG5 0PB,51.59254,0.057192,IG50PB
IG5 0UA,51.59203,0.071924,IG50UA
IG6 1AY,51.5797,0.076992,IG61AY
IG6 2FQ,51.59174,0.083937,IG62FQ
IG6 2NQ,51.60162,0.082425,IG62NQ
IG6 2UG,51.60379,0.090338,IG62UG
IG6 3FF,51.61001,0.125099,IG63FF
IG6 3HA,51.59473,0.088059,IG63HA
IG6 3SZ,51.61101,0.12529,IG63SZ
IG6 3TU,51.60662,0.11915,IG63TU
IG6 3UJ,51.60844,0.12104,IG63UJ
IG6 3UT,51.60888,0.123212,IG63UT
IG6 3XE,51.61021,0.126047,IG63XE
IG7 4AS,51.61493,0.117211,IG74AS
IG7 5NH,51.60577,0.08858,IG75NH
IG7 5QA,51.61277,0.090216,IG75QA
IG7 6ES,51.62072,0.121237,IG76ES
IG7 6HL,51.61497,0.097525,IG76HL
IG8 0HL,51.60794,0.033335,IG80HL
IG8 7HZ,51.60757,0.039775,IG87HZ
IG8 8HD,51.59107,0.044623,IG88HD
IG8 9PF,51.60381,0.003763,IG89PF
IG9 6ED,51.61701,0.047406,IG96ED
IG9 6LN,51.6176,0.044804,IG96LN
IP1 1PH,52.05663,1.152073,IP11PH
IP1 1RJ,52.05614,1.150462,IP11RJ
IP1 1SS,52.05651,1.15221,IP11SS
IP1 1UR,52.05513,1.149005,IP11UR
IP1 1XG,52.05401,1.152646,IP11XG
IP1 2ET,52.06086,1.144666,IP12ET
IP1 2GD,52.05761,1.142351,IP12GD
IP1 2QA,52.05972,1.147387,IP12QA
IP1 3DJ,52.05886,1.152098,IP13DJ
IP1 3PQ,52.0631,1.145918,IP13PQ
IP1 4BW,52.06834,1.135896,IP14BW
IP1 4JP,52.07399,1.142816,IP14JP
IP1 5AP,52.06599,1.112703,IP15AP
IP1 5LR,52.07917,1.123503,IP15LR
IP1 5LT,52.08069,1.120879,IP15LT
IP1 5LU,52.08108,1.118541,IP15LU
IP1 5NX,52.08176,1.11691,IP15NX
IP1 5PB,52.08214,1.111564,IP15PB
IP1 6DA,52.07378,1.13346,IP16DA
IP1 6EF,52.07975,1.130434,IP16EF
IP1 6HU,52.08231,1.129912,IP16HU
IP1 6NF,52.07996,1.137251,IP16NF
IP1 6QB,52.08101,1.138857,IP16QB
IP10 0FL,52.00558,1.317868,IP100FL
IP11 3AQ,51.96279,1.320064,IP113AQ
IP11 9AJ,51.9683,1.344294,IP119AJ
IP11 9PE,51.97183,1.365339,IP119PE
IP12 1QT,52.10547,1.337467,IP121QT
IP12 4BQ,52.0897,1.31481,IP124BQ
IP12 4NB,52.09448,1.306476,IP124NB
IP14 1BB,52.18549,0.999517,IP141BB
IP14 1HY,52.19248,0.995452,IP141HY
IP14 1RD,52.1889,0.999308,IP141RD
IP14 1WF,52.20076,0.982997,IP141WF
IP14 1XJ,52.19939,0.974504,IP141XJ
IP14 2AH,52.1719,1.015994,IP142AH
IP14 3GQ,52.22127,0.971266,IP143GQ
IP14 4BW,52.20036,1.025123,IP144BW
IP14 5PQ,52.258,1.111468,IP145PQ
IP17 1AL,52.21672,1.493487,IP171AL
IP17 1DD,52.21411,1.492227,IP171DD
IP17 1EE,52.21831,1.483844,IP171EE
IP17 1EJ,52.21598,1.480059,IP171EJ
IP17 1EX,52.21881,1.48567,IP171EX
IP17 2BW,52.22248,1.431974,IP172BW
IP18 6PA,52.34387,1.65987,IP186PA
IP19 8AR,52.3438,1.501947,IP198AR
IP19 8AY,52.3432,1.501386,IP198AY
IP2 0BE,52.05163,1.123448,IP20BE
IP2 0HH,52.05821,1.124403,IP20HH
IP2 0LD,52.05366,1.124538,IP20LD
IP2 0UG,52.05975,1.12899,IP20UG
IP2 8EZ,52.04947,1.15628,IP28EZ
IP2 8FA,52.05107,1.156116,IP28FA
IP2 8RT,52.04648,1.155719,IP28RT
IP2 8SD,52.04683,1.159302,IP28SD
IP2 8SJ,52.04934,1.158036,IP28SJ
IP2 9LD,52.04004,1.118439,IP29LD
IP2 9SZ,52.04959,1.137208,IP29SZ
IP2 9TD,52.04259,1.113031,IP29TD
IP21 4ES,52.37396,1.15691,IP214ES
IP21 4HD,52.37284,1.137817,IP214HD
IP21 5EH,52.29535,1.241996,IP215EH
IP22 1AP,52.36436,1.109949,IP221AP
IP22 1JF,52.34712,0.947879,IP221JF
IP22 4AD,52.37506,1.109216,IP224AD
IP22 4GT,52.37413,1.127799,IP224GT
IP22 4QH,52.37801,1.111187,IP224QH
IP24 1JD,52.42064,0.749795,IP241JD
IP24 2AH,52.41373,0.750836,IP242AH
IP24 2DL,52.41338,0.752388,IP242DL
IP24 3DR,52.40615,0.743909,IP243DR
IP24 3HS,52.40131,0.735023,IP243HS
IP25 6AB,52.57124,0.825078,IP256AB
IP26 4AF,52.48614,0.521774,IP264AF
IP26 4BB,52.48409,0.525207,IP264BB
IP27 0BZ,52.44708,0.62839,IP270BZ
IP27 0EE,52.44519,0.626188,IP270EE
IP28 7BX,52.35125,0.506866,IP287BX
IP28 7DD,52.35367,0.499528,IP287DD
IP28 7DE,52.35341,0.500747,IP287DE
IP28 7HB,52.34248,0.510951,IP287HB
IP29 5LU,52.22091,0.728331,IP295LU
IP3 0RH,52.03469,1.181924,IP30RH
IP3 8DL,52.04848,1.181825,IP38DL
IP3 8LX,52.0521,1.196977,IP38LX
IP3 8NB,52.05084,1.20014,IP38NB
IP3 8NE,52.0508,1.202793,IP38NE
IP3 8PR,52.05122,1.202633,IP38PR
IP3 8TW,52.04035,1.204626,IP38TW
IP3 9BF,52.02925,1.220877,IP39BF
IP3 9FE,52.03359,1.209451,IP39FE
IP3 9FF,52.03386,1.209863,IP39FF
IP3 9FJ,52.0346,1.209902,IP39FJ
IP3 9JG,52.04022,1.195239,IP39JG
IP3 9JH,52.04071,1.184846,IP39JH
IP3 9QR,52.03483,1.197771,IP39QR
IP3 9SJ,52.0269,1.214337,IP39SJ
IP3 9UE,52.03172,1.196251,IP39UE
IP31 1NR,52.30567,0.7211,IP311NR
IP31 1TE,52.26209,0.717375,IP311TE
IP31 2HD,52.30328,0.831316,IP312HD
IP32 7AB,52.25122,0.726161,IP327AB
IP32 7AY,52.25156,0.729801,IP327AY
IP32 7EB,52.24394,0.74016,IP327EB
IP32 7ER,52.24374,0.742858,IP327ER
IP32 7FA,52.25408,0.731421,IP327FA
IP32 7RH,52.24759,0.75423,IP327RH
IP33 1EB,52.24651,0.713683,IP331EB
IP33 1HP,52.24852,0.71659,IP331HP
IP33 1PR,52.24404,0.711892,IP331PR
IP33 1XY,52.24657,0.717877,IP331XY
IP33 1YW,52.24846,0.724878,IP331YW
IP33 2QZ,52.23168,0.709205,IP332QZ
IP33 3DE,52.24462,0.709935,IP333DE
IP33 3NN,52.24212,0.705461,IP333NN
IP33 3PB,52.24034,0.712252,IP333PB
IP33 3PH,52.24322,0.711021,IP333PH
IP33 3PQ,52.2429,0.709215,IP333PQ
IP33 3YU,52.25149,0.697034,IP333YU
IP4 1BF,52.05277,1.15466,IP41BF
IP4 1BN,52.05417,1.156786,IP41BN
IP4 1JE,52.05622,1.160243,IP41JE
IP4 1LN,52.05339,1.162887,IP41LN
IP4 2AJ,52.05841,1.158107,IP42AJ
IP4 2BN,52.05919,1.158424,IP42BN
IP4 2HZ,52.06041,1.16442,IP42HZ
IP4 4BA,52.06086,1.173075,IP44BA
IP4 4BD,52.06124,1.173672,IP44BD
IP4 4RF,52.06526,1.187703,IP44RF
IP5 2XU,52.0656,1.249222,IP52XU
IP5 3RF,52.05732,1.277714,IP53RF
IP5 3RY,52.0612,1.279384,IP53RY
IP6 0EL,52.10305,1.126793,IP60EL
IP6 0LW,52.10579,1.092004,IP60LW
IP6 0NU,52.11293,1.10848,IP60NU
IP6 8RW,52.14593,1.065168,IP68RW
IP6 9AB,52.08202,1.167322,IP69AB
IP7 5DL,52.04281,0.953764,IP75DL
IP7 5JJ,52.04238,0.956784,IP75JJ
IP7 5NA,52.02204,0.954887,IP75NA
IP7 6RH,52.05293,0.965242,IP76RH
IP8 4QL,52.09988,1.035313,IP84QL
IP9 2AX,52.01076,1.136121,IP92AX
IP9 2BB,52.02089,1.141846,IP92BB
IP9 2RS,51.97169,1.124376,IP92RS
IP9 2TD,51.96572,1.120263,IP92TD
KT1 1EU,51.40772,-0.305917,KT11EU
KT1 1HZ,51.40921,-0.304856,KT11HZ
KT1 2JW,51.40167,-0.305508,KT12JW
KT1 2TW,51.40168,-0.299009,KT12TW
KT1 3GZ,51.4034,-0.291958,KT13GZ
KT1 3PB,51.40601,-0.281365,KT13PB
KT1 4BG,51.41566,-0.31756,KT14BG
KT11 2BU,51.33939,-0.395296,KT112BU
KT11 2DU,51.33802,-0.387147,KT112DU
KT12 1AF,51.38676,-0.421825,KT121AF
KT12 1DJ,51.38454,-0.417404,KT121DJ
KT12 1RD,51.37461,-0.409613,KT121RD
KT12 2FR,51.38601,-0.416663,KT122FR
KT12 2SD,51.39088,-0.412054,KT122SD
KT12 2TT,51.38558,-0.4179,KT122TT
KT12 3LT,51.37735,-0.389387,KT123LT
KT12 3PD,51.37777,-0.389272,KT123PD
KT12 4EH,51.35073,-0.43267,KT124EH
KT13 8RN,51.37209,-0.453363,KT138RN
KT13 9JA,51.37911,-0.434059,KT139JA
KT13 9LZ,51.38316,-0.428804,KT139LZ
KT13 9PX,51.37188,-0.438716,KT139PX
KT13 9UT,51.36732,-0.444775,KT139UT
KT13 9UX,51.3677,-0.445883,KT139UX
KT14 6DY,51.34026,-0.504656,KT146DY
KT14 7QH,51.33916,-0.478059,KT147QH
KT15 1HH,51.35564,-0.515214,KT151HH
KT15 1QJ,51.37175,-0.497138,KT151QJ
KT15 2SF,51.36795,-0.476374,KT152SF
KT15 3HA,51.34884,-0.50353,KT153HA
KT16 0AU,51.3769,-0.532991,KT160AU
KT16 0EG,51.38011,-0.570091,KT160EG
KT16 0PL,51.3721,-0.527383,KT160PL
KT16 0RS,51.37265,-0.536029,KT160RS
KT16 8LA,51.38935,-0.490769,KT168LA
KT16 9AP,51.39165,-0.505326,KT169AP
KT16 9BA,51.38867,-0.507378,KT169BA
KT16 9BE,51.38842,-0.507256,KT169BE
KT17 1BB,51.3347,-0.264593,KT171BB
KT17 1RE,51.34764,-0.250161,KT171RE
KT17 1RW,51.34902,-0.249304,KT171RW
KT17 1UW,51.34909,-0.251254,KT171UW
KT17 2JE,51.36304,-0.246299,KT172JE
KT17 4AR,51.33724,-0.254074,KT174AR
KT17 4PF,51.3335,-0.262599,KT174PF
KT17 4QJ,51.3342,-0.261525,KT174QJ
KT18 5AD,51.33174,-0.268451,KT185AD
KT18 5AX,51.33208,-0.267132,KT185AX
KT18 5DX,51.33057,-0.263528,KT185DX
KT18 5QJ,51.30998,-0.240588,KT185QJ
KT18 7LJ,51.32617,-0.289645,KT187LJ
KT18 7LL,51.32651,-0.289848,KT187LL
KT18 7RL,51.33279,-0.272201,KT187RL
KT19 9AP,51.3413,-0.266311,KT199AP
KT2 5BX,51.41824,-0.301803,KT25BX
KT2 6HY,51.41832,-0.290496,KT26HY
KT2 6PT,51.41302,-0.289299,KT26PT
KT2 6SR,51.41129,-0.292469,KT26SR
KT2 7HY,51.42409,-0.274055,KT27HY
KT2 7PW,51.41467,-0.286893,KT27PW
KT20 5DN,51.29261,-0.241496,KT205DN
KT21 1AA,51.31035,-0.298498,KT211AA
KT21 2TQ,51.29995,-0.307346,KT212TQ
KT22 7AD,51.29759,-0.335606,KT227AD
KT22 7AH,51.29668,-0.330833,KT227AH
KT22 7NA,51.31119,-0.334353,KT227NA
KT22 7PL,51.31,-0.333607,KT227PL
KT22 7SL,51.29994,-0.330557,KT227SL
KT22 7SU,51.30431,-0.33103,KT227SU
KT22 7TW,51.29977,-0.337076,KT227TW
KT22 8AH,51.29575,-0.327726,KT228AH
KT22 8BL,51.29489,-0.329909,KT228BL
KT22 8BN,51.29457,-0.33124,KT228BN
KT22 8DN,51.29478,-0.328837,KT228DN
KT22 9AD,51.29341,-0.333634,KT229AD
KT23 3JH,51.28621,-0.382481,KT233JH
KT23 4AG,51.27782,-0.373284,KT234AG
KT23 4DZ,51.27481,-0.386436,KT234DZ
KT3 3LJ,51.40164,-0.273046,KT33LJ
KT3 3NJ,51.40432,-0.271766,KT33NJ
KT3 3ST,51.40201,-0.27099,KT33ST
KT3 4BH,51.3995,-0.255875,KT34BH
KT3 4PH,51.40107,-0.242833,KT34PH
KT3 4PJ,51.40236,-0.24031,KT34PJ
KT3 5LL,51.38832,-0.255121,KT35LL
KT3 5PF,51.38612,-0.259675,KT35PF
KT4 7JZ,51.38058,-0.246592,KT47JZ
KT4 8EG,51.37704,-0.238953,KT48EG
KT4 8HY,51.37763,-0.23929,KT48HY
KT4 8SY,51.37389,-0.2337,KT48SY
KT5 9AL,51.38651,-0.292859,KT59AL
KT6 4QU,51.39373,-0.304076,KT64QU
KT6 5LA,51.38644,-0.320341,KT65LA
KT6 5NE,51.39226,-0.312525,KT65NE
KT6 5PN,51.39115,-0.31189,KT65PN
KT6 7EL,51.38165,-0.281601,KT67EL
KT6 7HT,51.37974,-0.281773,KT67HT
KT6 7LD,51.37272,-0.29136,KT67LD
KT6 7RN,51.38041,-0.296406,KT67RN
KT7 0JP,51.38161,-0.347161,KT70JP
KT8 9LR,51.39785,-0.348129,KT89LR
KT9 1BD,51.37257,-0.292401,KT91BD
KT9 1NA,51.36472,-0.308379,KT91NA
KT9 2AA,51.36384,-0.29531,KT92AA
KT9 2BP,51.36475,-0.287563,KT92BP
L1 0AB,53.39681,-2.979846,L10AB
L1 0AH,53.39539,-2.980129,L10AH
L1 0BG,53.39531,-2.982955,L10BG
L1 2SX,53.40271,-2.97377,L12SX
L1 4DQ,53.40231,-2.977731,L14DQ
L1 5BG,53.39991,-2.979572,L15BG
L1 8DW,53.39869,-2.985529,L18DW
L1 9BQ,53.40232,-2.96976,L19BQ
L10 1LD,53.47097,-2.923973,L101LD
L10 2JA,53.4856,-2.948796,L102JA
L11 1BQ,53.44184,-2.926262,L111BQ
L11 3AT,53.44986,-2.920669,L113AT
L12 2AH,53.42185,-2.897311,L122AH
L12 5HJ,53.43284,-2.910593,L125HJ
L13 0BQ,53.42602,-2.924789,L130BQ
L13 1DA,53.40627,-2.924737,L131DA
L13 1FB,53.40414,-2.929955,L131FB
L13 4AH,53.40665,-2.91414,L134AH
L13 5XE,53.41357,-2.911084,L135XE
L13 7BB,53.42086,-2.924737,L137BB
L13 7EW,53.42342,-2.933326,L137EW
L13 7EZ,53.42292,-2.930245,L137EZ
L14 2EP,53.42273,-2.88645,L142EP
L14 3LT,53.4074,-2.893683,L143LT
L14 7AQ,53.4101,-2.888579,L147AQ
L14 7AU,53.40798,-2.889964,L147AU
L14 7LN,53.41621,-2.890016,L147LN
L14 7NZ,53.41245,-2.888102,L147NZ
L14 9PP,53.42186,-2.868164,L149PP
L15 4LF,53.40022,-2.927193,L154LF
L15 9EA,53.38982,-2.914802,L159EA
L18 1LG,53.38872,-2.912403,L181LG
L18 2DA,53.387,-2.909028,L182DA
L18 5HU,53.38503,-2.908009,L185HU
L19 1RN,53.35638,-2.898219,L191RN
L19 2JD,53.35425,-2.898971,L192JD
L19 2NL,53.35476,-2.90134,L192NL
L19 2PA,53.35322,-2.895343,L192PA
L19 9DN,53.36376,-2.916167,L199DN
L2 1TS,53.40491,-2.989404,L21TS
L2 3PF,53.408,-2.991912,L23PF
L2 8TX,53.4072,-2.994346,L28TX
L2 9QR,53.40551,-2.989959,L29QR
L20 0EE,53.46504,-2.972318,L200EE
L20 1AF,53.44861,-3.003684,L201AF
L20 3DL,53.44598,-2.989575,L203DL
L20 3EF,53.45405,-2.991569,L203EF
L20 3EN,53.44945,-2.98964,L203EN
L20 3QQ,53.4472,-2.988745,L203QQ
L20 4BG,53.45079,-2.997833,L204BG
L22 0LR,53.47537,-3.025318,L220LR
L22 0PJ,53.4753,-3.02152,L220PJ
L22 5NG,53.47589,-3.0286,L225NG
L22 5PL,53.47495,-3.029813,L225PL
L22 5PU,53.47066,-3.024738,L225PU
L23 3AS,53.4855,-3.03245,L233AS
L23 5SG,53.49108,-3.025561,L235SG
L23 6SG,53.48382,-3.040351,L236SG
L23 8TH,53.48849,-3.040299,L238TH
L24 1WS,53.34119,-2.856326,L241WS
L24 8RL,53.34209,-2.880075,L248RL
L24 8RN,53.34423,-2.878917,L248RN
L24 9HE,53.35233,-2.86388,L249HE
L24 9HJ,53.35389,-2.870402,L249HJ
L24 9LG,53.3545,-2.854685,L249LG
L24 9PZ,53.34712,-2.830653,L249PZ
L25 2XT,53.38939,-2.861594,L252XT
L25 7FB,53.37656,-2.879283,L257FB
L25 9PB,53.36993,-2.849748,L259PB
L26 0US,53.36747,-2.823655,L260US
L26 5QB,53.37865,-2.840211,L265QB
L26 9UH,53.35902,-2.82558,L269UH
L28 1AB,53.43582,-2.865934,L281AB
L3 1BP,53.40361,-2.993585,L31BP
L3 3DS,53.4124,-2.976458,L33DS
L3 4DB,53.37791,-2.972106,L34DB
L3 9LQ,53.40937,-2.992817,L39LQ
L3 9SJ,53.41018,-2.993798,L39SJ
L30 4UE,53.47242,-2.967169,L304UE
L30 4XR,53.46994,-2.970728,L304XR
L30 5QH,53.48914,-2.972764,L305QH
L30 7PT,53.48972,-2.956906,L307PT
L31 5LD,53.50016,-2.943347,L315LD
L31 7BN,53.50257,-2.948391,L317BN
L31 8BR,53.51217,-2.951772,L318BR
L31 8BX,53.50666,-2.959051,L318BX
L32 5AB,53.47986,-2.898158,L325AB
L32 7PP,53.46928,-2.875383,L327PP
L32 8SA,53.47989,-2.884989,L328SA
L32 8UY,53.48134,-2.885938,L328UY
L33 0YN,53.48252,-2.878127,L330YN
L33 7SF,53.47454,-2.859415,L337SF
L33 7UY,53.48977,-2.850378,L337UY
L34 1PB,53.42393,-2.806837,L341PB
L34 1PJ,53.42411,-2.826374,L341PJ
L34 2SD,53.42995,-2.797755,L342SD
L34 5QH,53.42964,-2.802776,L345QH
L34 5SU,53.42683,-2.795981,L345SU
L34 6JB,53.43103,-2.799145,L346JB
L34 9AA,53.46192,-2.874975,L349AA
L35 1RD,53.38659,-2.799065,L351RD
L35 2XW,53.41876,-2.785132,L352XW
L35 4NX,53.41816,-2.76553,L354NX
L35 5BW,53.42109,-2.795783,L355BW
L36 2QX,53.41874,-2.864684,L362QX
L36 3RF,53.42107,-2.863287,L363RF
L36 3WH,53.42216,-2.856011,L363WH
L36 6BJ,53.40552,-2.818402,L366BJ
L36 7XY,53.41954,-2.842807,L367XY
L36 7YL,53.41999,-2.846006,L367YL
L36 8JL,53.4338,-2.854213,L368JL
L37 1PH,53.56039,-3.09279,L371PH
L37 4AT,53.55414,-3.060808,L374AT
L37 4BH,53.55476,-3.057065,L374BH
L39 1LR,53.57964,-2.892297,L391LR
L39 1QR,53.57119,-2.888162,L391QR
L39 2AY,53.5741,-2.879736,L392AY
L39 2JW,53.56463,-2.871251,L392JW
L39 4RY,53.56467,-2.887195,L394RY
L4 1QL,53.43299,-2.981551,L41QL
L4 2RD,53.42524,-2.953697,L42RD
L4 4BB,53.43655,-2.972104,L44BB
L4 4HP,53.43433,-2.970127,L44HP
L4 5PJ,53.44453,-2.968763,L45PJ
L4 5RT,53.44683,-2.969644,L45RT
L4 7UG,53.43301,-2.942717,L47UG
L40 0SD,53.60423,-2.843382,L400SD
L40 2QZ,53.63013,-2.755481,L402QZ
L40 6HP,53.56231,-2.840389,L406HP
L5 7QQ,53.43009,-2.983095,L57QQ
L5 8UX,53.42108,-2.984738,L58UX
L5 9PR,53.42986,-2.993911,L59PR
L5 9YJ,53.42587,-2.989815,L59YJ
L6 1JL,53.41338,-2.960307,L61JL
L6 2HW,53.41889,-2.962388,L62HW
L6 5BG,53.42207,-2.949322,L65BG
L6 5DR,53.42152,-2.958369,L65DR
L7 0HG,53.41156,-2.939911,L70HG
L7 3LZ,53.40264,-2.960381,L73LZ
L7 9NJ,53.40728,-2.933499,L79NJ
L7 9NN,53.40899,-2.92979,L79NN
L7 9PF,53.40504,-2.932367,L79PF
L8 0SZ,53.39114,-2.951506,L80SZ
L8 0TP,53.39347,-2.949408,L80TP
L8 1YQ,53.39571,-2.960466,L81YQ
L8 2UR,53.3925,-2.95677,L82UR
L8 4YJ,53.38428,-2.969951,L84YJ
L8 5RE,53.39323,-2.979478,L85RE
L8 7BA,53.39781,-2.951775,L87BA
L8 7SZ,53.39768,-2.955247,L87SZ
L8 8DX,53.38615,-2.964807,L88DX
L8 8EQ,53.3923,-2.96863,L88EQ
L9 2BU,53.46306,-2.959439,L92BU
L9 4SR,53.46446,-2.958718,L94SR
L9 5AQ,53.48119,-2.948034,L95AQ
L9 6AW,53.4522,-2.93998,L96AW
L9 7AT,53.4586,-2.946853,L97AT
L9 7BG,53.45689,-2.94558,L97BG
L9 7BN,53.45529,-2.945967,L97BN
LA1 1JN,54.04836,-2.802712,LA11JN
LA1 1UR,54.04759,-2.798909,LA11UR
LA1 2RX,54.05526,-2.804327,LA12RX
LA1 3RA,54.07093,-2.777995,LA13RA
LA1 3SE,54.04572,-2.795742,LA13SE
LA1 4AR,54.03756,-2.795937,LA14AR
LA1 4XQ,54.04469,-2.797448,LA14XQ
LA1 5EF,54.04569,-2.81413,LA15EF
LA1 5PG,54.05058,-2.81279,LA15PG
LA10 5AL,54.3227,-2.520177,LA105AL
LA11 6EG,54.19791,-2.903975,LA116EG
LA12 7LQ,54.19531,-3.094902,LA127LQ
LA12 9BN,54.19202,-3.084868,LA129BN
LA14 1BX,54.11616,-3.224932,LA141BX
LA14 1NB,54.1162,-3.23373,LA141NB
LA14 1QQ,54.1147,-3.227,LA141QQ
LA14 1SP,54.11442,-3.228843,LA141SP
LA14 2DG,54.11204,-3.220878,LA142DG
LA14 2HX,54.11054,-3.222808,LA142HX
LA14 2PE,54.11868,-3.239694,LA142PE
LA14 2PG,54.11461,-3.240582,LA142PG
LA14 5HB,54.1222,-3.21925,LA145HB
LA14 5QF,54.12703,-3.217846,LA145QF
LA14 5SF,54.11829,-3.226693,LA145SF
LA14 5UD,54.11612,-3.228525,LA145UD
LA15 8RE,54.15647,-3.179279,LA158RE
LA18 4DE,54.20938,-3.266286,LA184DE
LA2 6AP,54.0682,-2.802393,LA26AP
LA2 7FS,54.11863,-2.506984,LA27FS
LA2 7HL,54.11816,-2.510619,LA27HL
LA2 9RA,54.07385,-2.719716,LA29RA
LA21 8DU,54.3697,-3.075836,LA218DU
LA3 1EZ,54.05811,-2.888926,LA31EZ
LA3 1HJ,54.06158,-2.88104,LA31HJ
LA3 1LN,54.05765,-2.886456,LA31LN
LA3 1TS,54.06411,-2.884959,LA31TS
LA3 2DR,54.0489,-2.889676,LA32DR
LA3 2WD,54.03715,-2.892478,LA32WD
LA3 3EH,54.0571,-2.865607,LA33EH
LA3 3PA,54.05808,-2.833088,LA33PA
LA3 3PX,54.02489,-2.882613,LA33PX
LA4 4AL,54.07134,-2.869587,LA44AL
LA4 4AY,54.07181,-2.869841,LA44AY
LA4 5BY,54.07409,-2.864357,LA45BY
LA4 5LX,54.07233,-2.860377,LA45LX
LA4 5QN,54.07025,-2.854038,LA45QN
LA4 5TH,54.06911,-2.849415,LA45TH
LA4 6RH,54.06636,-2.836295,LA46RH
LA5 9EA,54.12479,-2.7729,LA59EA
LA5 9EX,54.13116,-2.770861,LA59EX
LA5 9LB,54.12875,-2.766746,LA59LB
LA5 9RJ,54.16261,-2.748886,LA59RJ
LA6 1NU,54.19217,-2.717926,LA61NU
LA7 7EJ,54.24219,-2.774312,LA77EJ
LA7 7QR,54.22498,-2.773238,LA77QR
LA9 4DL,54.32693,-2.747167,LA94DL
LA9 4ED,54.3261,-2.747352,LA94ED
LA9 4HW,54.32374,-2.747555,LA94HW
LA9 4RF,54.33097,-2.747348,LA94RF
LA9 4SX,54.32738,-2.747821,LA94SX
LA9 4TE,54.33392,-2.74774,LA94TE
LA9 4TN,54.32863,-2.745952,LA94TN
LA9 5EW,54.32154,-2.74544,LA95EW
LA9 5EX,54.33594,-2.755682,LA95EX
LA9 5JL,54.31435,-2.744295,LA95JL
LA9 6ES,54.33384,-2.737404,LA96ES
LA9 6LH,54.33413,-2.72812,LA96LH
LA9 6NQ,54.337,-2.739491,LA96NQ
LA9 6NY,54.34559,-2.731584,LA96NY
LA9 6RY,54.3319,-2.739753,LA96RY
LA9 7FY,54.29536,-2.729294,LA97FY
LE1 1HL,52.63522,-1.130098,LE11HL
LE1 1PL,52.63372,-1.123154,LE11PL
LE1 1QZ,52.63264,-1.126588,LE11QZ
LE1 1SH,52.63313,-1.125589,LE11SH
LE1 1WB,52.63643,-1.127621,LE11WB
LE1 2EB,52.63998,-1.125275,LE12EB
LE1 2PD,52.63951,-1.120452,LE12PD
LE1 3AL,52.63714,-1.133799,LE13AL
LE1 3BE,52.64154,-1.131318,LE13BE
LE1 3GR,52.63954,-1.131136,LE13GR
LE1 3HU,52.64307,-1.127504,LE13HU
LE1 4QS,52.63929,-1.139801,LE14QS
LE1 4SG,52.63632,-1.140583,LE14SG
LE1 5AS,52.63254,-1.136357,LE15AS
LE1 5BP,52.63395,-1.13302,LE15BP
LE1 5GF,52.63482,-1.134067,LE15GF
LE1 5LS,52.63304,-1.136155,LE15LS
LE1 5QQ,52.63339,-1.135956,LE15QQ
LE1 5SN,52.63208,-1.135125,LE15SN
LE1 5TE,52.63132,-1.135569,LE15TE
LE1 6AF,52.63344,-1.131449,LE16AF
LE1 6DP,52.63279,-1.133249,LE16DP
LE1 6RX,52.62929,-1.130866,LE16RX
LE1 7EA,52.6289,-1.125555,LE17EA
LE1 7LA,52.62719,-1.123978,LE17LA
LE10 0AW,52.53979,-1.374985,LE100AW
LE10 0BX,52.5414,-1.378811,LE100BX
LE10 0DP,52.54736,-1.371516,LE100DP
LE10 0PJ,52.53733,-1.375817,LE100PJ
LE10 0PR,52.5359,-1.374628,LE100PR
LE10 0QD,52.53828,-1.377543,LE100QD
LE10 0TR,52.5471,-1.391457,LE100TR
LE10 0XD,52.54503,-1.388183,LE100XD
LE10 1AG,52.53977,-1.368248,LE101AG
LE10 1DD,52.54221,-1.368183,LE101DD
LE10 1HG,52.54211,-1.356212,LE101HG
LE10 1HW,52.5434,-1.368785,LE101HW
LE10 1RE,52.54267,-1.372851,LE101RE
LE10 1UB,52.53759,-1.364283,LE101UB
LE10 1XD,52.54573,-1.366865,LE101XD
LE10 2TP,52.53914,-1.356874,LE102TP
LE11 1JP,52.78065,-1.200917,LE111JP
LE11 1NW,52.7776,-1.20588,LE111NW
LE11 1UE,52.7731,-1.205265,LE111UE
LE11 1UQ,52.77399,-1.205901,LE111UQ
LE11 2EY,52.76715,-1.203787,LE112EY
LE11 2UU,52.75586,-1.194688,LE112UU
LE11 3AB,52.77241,-1.217418,LE113AB
LE11 3GE,52.76836,-1.22244,LE113GE
LE11 3QF,52.76128,-1.247418,LE113QF
LE11 5BP,52.77616,-1.213215,LE115BP
LE11 5BT,52.77909,-1.224681,LE115BT
LE11 5DP,52.77415,-1.216112,LE115DP
LE11 5HJ,52.77927,-1.219563,LE115HJ
LE11 5JY,52.77331,-1.22594,LE115JY
LE11 5QY,52.78568,-1.219524,LE115QY
LE11 5XZ,52.78492,-1.241792,LE115XZ
LE12 6PG,52.8312,-1.177668,LE126PG
LE12 7NA,52.73198,-1.109234,LE127NA
LE12 7NF,52.73108,-1.113576,LE127NF
LE12 7PU,52.73155,-1.100979,LE127PU
LE12 8BB,52.74162,-1.164244,LE128BB
LE12 9AL,52.77177,-1.291408,LE129AL
LE12 9RZ,52.7721,-1.289683,LE129RZ
LE13 0GG,52.76053,-0.89576,LE130GG
LE13 0LD,52.77154,-0.898639,LE130LD
LE13 0PB,52.77019,-0.89138,LE130PB
LE13 0RW,52.76416,-0.895076,LE130RW
LE13 1AF,52.76268,-0.884605,LE131AF
LE13 1LZ,52.76654,-0.884462,LE131LZ
LE13 1QF,52.76676,-0.879077,LE131QF
LE13 1SJ,52.76596,-0.877289,LE131SJ
LE14 4JB,52.8577,-0.904852,LE144JB
LE14 4NR,52.83289,-0.934362,LE144NR
LE15 6AQ,52.66934,-0.730237,LE156AQ
LE15 6DF,52.66729,-0.731287,LE156DF
LE15 6DH,52.67033,-0.725594,LE156DH
LE15 6HP,52.66827,-0.724796,LE156HP
LE15 7AQ,52.72096,-0.647926,LE157AQ
LE15 7JB,52.69524,-0.737743,LE157JB
LE15 7TU,52.69188,-0.717287,LE157TU
LE15 7WD,52.67991,-0.748302,LE157WD
LE15 9NY,52.59549,-0.724133,LE159NY
LE16 7BN,52.48723,-0.931078,LE167BN
LE16 7GF,52.47864,-0.911467,LE167GF
LE16 7PH,52.47953,-0.91252,LE167PH
LE16 7QU,52.48413,-0.896782,LE167QU
LE16 7SA,52.50902,-0.94107,LE167SA
LE16 7UQ,52.5373,-0.911433,LE167UQ
LE16 7WB,52.49531,-0.939219,LE167WB
LE16 7YH,52.4821,-0.899483,LE167YH
LE16 8HB,52.45679,-0.843468,LE168HB
LE16 8HP,52.50504,-0.865393,LE168HP
LE16 8YU,52.50116,-0.762869,LE168YU
LE16 9EG,52.46937,-0.915935,LE169EG
LE16 9HF,52.46666,-0.915884,LE169HF
LE16 9HL,52.46546,-0.915207,LE169HL
LE16 9NP,52.47176,-0.933425,LE169NP
LE17 4EJ,52.45626,-1.199834,LE174EJ
LE17 4HN,52.44904,-1.196595,LE174HN
LE17 4UJ,52.45598,-1.203239,LE174UJ
LE17 6LE,52.45468,-1.057867,LE176LE
LE18 1AD,52.58555,-1.104705,LE181AD
LE18 1AR,52.5866,-1.109791,LE181AR
LE18 2AH,52.58522,-1.106911,LE182AH
LE18 4WS,52.58396,-1.141193,LE184WS
LE19 1SA,52.5957,-1.190805,LE191SA
LE19 1SY,52.59592,-1.186386,LE191SY
LE19 1WR,52.60461,-1.192073,LE191WR
LE19 1WY,52.60246,-1.189913,LE191WY
LE19 4NG,52.58818,-1.207799,LE194NG
LE19 4SA,52.59496,-1.213465,LE194SA
LE2 0FG,52.63394,-1.112628,LE20FG
LE2 0GQ,52.63621,-1.110381,LE20GQ
LE2 0JN,52.63155,-1.122872,LE20JN
LE2 0PF,52.6289,-1.122762,LE20PF
LE2 1AD,52.62917,-1.117999,LE21AD
LE2 1QH,52.62626,-1.112207,LE21QH
LE2 1TT,52.61784,-1.117518,LE21TT
LE2 1ZE,52.62135,-1.113222,LE21ZE
LE2 3BA,52.617,-1.113133,LE23BA
LE2 3HD,52.61287,-1.107176,LE23HD
LE2 3HH,52.61352,-1.106912,LE23HH
LE2 4DD,52.60386,-1.082936,LE24DD
LE2 4ND,52.59992,-1.067352,LE24ND
LE2 4QY,52.58984,-1.06147,LE24QY
LE2 5AH,52.60103,-1.083423,LE25AH
LE2 5DH,52.59684,-1.077132,LE25DH
LE2 5DL,52.59771,-1.079388,LE25DL
LE2 5EB,52.59844,-1.078812,LE25EB
LE2 5HD,52.59746,-1.08676,LE25HD
LE2 5LG,52.59589,-1.090558,LE25LG
LE2 5LQ,52.59777,-1.092571,LE25LQ
LE2 5NG,52.5978,-1.08944,LE25NG
LE2 5UF,52.59089,-1.078143,LE25UF
LE2 6DD,52.60896,-1.124681,LE26DD
LE2 6EG,52.61348,-1.124163,LE26EG
LE2 6FG,52.60857,-1.124482,LE26FG
LE2 6GA,52.60089,-1.119069,LE26GA
LE2 6LD,52.60592,-1.136423,LE26LD
LE2 6QD,52.60094,-1.128784,LE26QD
LE2 6QS,52.59713,-1.137481,LE26QS
LE2 6SS,52.59563,-1.132521,LE26SS
LE2 7HN,52.62837,-1.143339,LE27HN
LE2 8UN,52.59658,-1.15326,LE28UN
LE2 9DH,52.58186,-1.162782,LE29DH
LE2 9FP,52.58788,-1.147966,LE29FP
LE2 9GX,52.59462,-1.164591,LE29GX
LE3 0AA,52.62817,-1.148529,LE30AA
LE3 0AF,52.62532,-1.150312,LE30AF
LE3 0HH,52.62455,-1.154671,LE30HH
LE3 0PD,52.62557,-1.15214,LE30PD
LE3 0RD,52.63148,-1.151553,LE30RD
LE3 1EQ,52.61934,-1.165007,LE31EQ
LE3 1FG,52.61792,-1.169658,LE31FG
LE3 1HR,52.63223,-1.181903,LE31HR
LE3 1HX,52.62497,-1.177384,LE31HX
LE3 1NU,52.62407,-1.166661,LE31NU
LE3 1PJ,52.6257,-1.170722,LE31PJ
LE3 1QD,52.62524,-1.183835,LE31QD
LE3 1SJ,52.62633,-1.18674,LE31SJ
LE3 1TH,52.63002,-1.193631,LE31TH
LE3 2BP,52.6196,-1.152417,LE32BP
LE3 2FS,52.61727,-1.160527,LE32FS
LE3 2GY,52.61282,-1.172944,LE32GY
LE3 3AW,52.62956,-1.208059,LE33AW
LE3 3EY,52.61927,-1.217373,LE33EY
LE3 3FL,52.6223,-1.199814,LE33FL
LE3 3PH,52.62212,-1.226613,LE33PH
LE3 3TA,52.61541,-1.195686,LE33TA
LE3 5RA,52.63571,-1.148693,LE35RA
LE3 6AH,52.63454,-1.15835,LE36AH
LE3 6DF,52.63664,-1.164457,LE36DF
LE3 6LF,52.64153,-1.185543,LE36LF
LE3 6PH,52.63929,-1.199594,LE36PH
LE3 8DD,52.64822,-1.20116,LE38DD
LE3 8DG,52.64988,-1.206865,LE38DG
LE3 8EJ,52.652,-1.188851,LE38EJ
LE3 8NF,52.64,-1.196699,LE38NF
LE3 8RL,52.65573,-1.187999,LE38RL
LE3 8RY,52.64472,-1.203529,LE38RY
LE3 9BB,52.64521,-1.154184,LE39BB
LE3 9EW,52.65349,-1.164447,LE39EW
LE3 9FA,52.64054,-1.157984,LE39FA
LE3 9PG,52.64981,-1.176342,LE39PG
LE3 9QA,52.65888,-1.178124,LE39QA
LE3 9QB,52.65058,-1.171376,LE39QB
LE3 9SX,52.6519,-1.183118,LE39SX
LE4 0AW,52.64538,-1.146318,LE40AW
LE4 0GP,52.65318,-1.157209,LE40GP
LE4 0PW,52.66098,-1.165029,LE40PW
LE4 0QH,52.65961,-1.166312,LE40QH
LE4 0RE,52.6574,-1.154481,LE40RE
LE4 0SF,52.66299,-1.151771,LE40SF
LE4 0SH,52.66159,-1.150512,LE40SH
LE4 1AA,52.66445,-1.174027,LE41AA
LE4 1AR,52.67179,-1.172927,LE41AR
LE4 1ET,52.66896,-1.157763,LE41ET
LE4 1EZ,52.66718,-1.164186,LE41EZ
LE4 1HB,52.667,-1.172574,LE41HB
LE4 2WE,52.68115,-1.149408,LE42WE
LE4 3BR,52.66627,-1.133416,LE43BR
LE4 3BU,52.68964,-1.129151,LE43BU
LE4 3LN,52.68703,-1.127354,LE43LN
LE4 4NB,52.67896,-1.123196,LE44NB
LE4 4ND,52.68006,-1.124756,LE44ND
LE4 5AF,52.64631,-1.127277,LE45AF
LE4 5AU,52.6501,-1.122738,LE45AU
LE4 5DQ,52.6544,-1.121528,LE45DQ
LE4 5HH,52.65172,-1.126401,LE45HH
LE4 5LG,52.65693,-1.122586,LE45LG
LE4 5LR,52.65797,-1.122181,LE45LR
LE4 5NU,52.65245,-1.134783,LE45NU
LE4 5PU,52.65689,-1.131694,LE45PU
LE4 5RB,52.65862,-1.130447,LE45RB
LE4 6BS,52.64971,-1.118695,LE46BS
LE4 6DP,52.64523,-1.120884,LE46DP
LE4 6NP,52.65318,-1.115979,LE46NP
LE4 7BZ,52.65303,-1.099071,LE47BZ
LE4 7SN,52.66683,-1.109065,LE47SN
LE4 8BL,52.67609,-1.103877,LE48BL
LE4 8EB,52.67575,-1.101518,LE48EB
LE4 8FY,52.67982,-1.086865,LE48FY
LE4 9BS,52.64903,-1.100173,LE49BS
LE4 9LJ,52.65699,-1.084072,LE49LJ
LE4 9WX,52.66748,-1.07921,LE49WX
LE5 0AZ,52.64584,-1.089729,LE50AZ
LE5 0BU,52.64915,-1.088138,LE50BU
LE5 0QD,52.64236,-1.102423,LE50QD
LE5 0TF,52.65141,-1.0773,LE50TF
LE5 0TY,52.64869,-1.085428,LE50TY
LE5 1ER,52.65716,-1.057842,LE51ER
LE5 1EZ,52.65557,-1.050779,LE51EZ
LE5 1FU,52.65644,-1.053333,LE51FU
LE5 1GS,52.65316,-1.05642,LE51GS
LE5 1PN,52.66084,-1.06174,LE51PN
LE5 1UE,52.65809,-1.073197,LE51UE
LE5 1WU,52.65453,-1.052428,LE51WU
LE5 2DG,52.6421,-1.072589,LE52DG
LE5 2EF,52.63744,-1.064929,LE52EF
LE5 2HU,52.6434,-1.055491,LE52HU
LE5 2JF,52.64254,-1.055333,LE52JF
LE5 3EF,52.63897,-1.114507,LE53EF
LE5 4DG,52.64194,-1.089145,LE54DG
LE5 4FG,52.63411,-1.09674,LE54FG
LE5 4FL,52.63316,-1.095105,LE54FL
LE5 4GD,52.6363,-1.099783,LE54GD
LE5 4LE,52.63872,-1.091562,LE54LE
LE5 4PW,52.62994,-1.081755,LE54PW
LE5 4WH,52.62664,-1.084912,LE54WH
LE5 5DU,52.63098,-1.098519,LE55DU
LE5 5EE,52.63203,-1.099428,LE55EE
LE5 5FL,52.6311,-1.103274,LE55FL
LE5 5FP,52.62908,-1.094568,LE55FP
LE5 5GE,52.62953,-1.090673,LE55GE
LE5 5LJ,52.62589,-1.101932,LE55LJ
LE5 6GB,52.62178,-1.073521,LE56GB
LE6 0LE,52.647,-1.246424,LE60LE
LE65 1AH,52.74789,-1.469553,LE651AH
LE65 1AN,52.74714,-1.470881,LE651AN
LE65 2FH,52.74603,-1.473635,LE652FH
LE65 2RW,52.75261,-1.484564,LE652RW
LE67 2DZ,52.70823,-1.364621,LE672DZ
LE67 2EE,52.71017,-1.381926,LE672EE
LE67 3BN,52.71684,-1.377005,LE673BN
LE67 3HB,52.73197,-1.386741,LE673HB
LE67 3HD,52.7301,-1.381569,LE673HD
LE67 3HE,52.73083,-1.382966,LE673HE
LE67 3PD,52.72433,-1.374174,LE673PD
LE67 3PH,52.72202,-1.373629,LE673PH
LE67 9PD,52.70078,-1.314059,LE679PD
LE7 1GQ,52.70044,-1.077808,LE71GQ
LE7 1GZ,52.69923,-1.073645,LE71GZ
LE7 1NQ,52.6941,-1.08966,LE71NQ
LE7 3FP,52.70496,-1.059094,LE73FP
LE7 7LL,52.70905,-1.138874,LE77LL
LE7 7NR,52.70743,-1.14015,LE77NR
LE8 0EX,52.53547,-0.980227,LE80EX
LE8 4EZ,52.57894,-1.164328,LE84EZ
LE8 4FR,52.56934,-1.163743,LE84FR
LE8 4GR,52.57661,-1.163088,LE84GR
LE8 4JB,52.56455,-1.157623,LE84JB
LE8 6EP,52.57729,-1.180001,LE86EP
LE8 8EJ,52.53931,-1.054879,LE88EJ
LE9 4DJ,52.5559,-1.282246,LE94DJ
LE9 4LH,52.54074,-1.319768,LE94LH
LE9 7AY,52.57741,-1.299412,LE97AY
LE9 7DG,52.57802,-1.310219,LE97DG
LE9 7DP,52.57986,-1.309866,LE97DP
LE9 7LE,52.57162,-1.328749,LE97LE
LE9 9QF,52.62245,-1.292489,LE99QF
LN1 1UQ,53.23066,-0.54179,LN11UQ
LN1 2DT,53.3127,-0.662141,LN12DT
LN10 6SP,53.151,-0.212516,LN106SP
LN11 0LS,53.38366,-0.011197,LN110LS
LN11 0SX,53.383,-0.014039,LN110SX
LN11 0WP,53.38483,-0.007578,LN110WP
LN11 7AS,53.37342,0.016664,LN117AS
LN11 9JT,53.36361,-0.007636,LN119JT
LN11 9QE,53.36762,-0.001016,LN119QE
LN12 1DP,53.33841,0.257346,LN121DP
LN13 9AN,53.25806,0.180233,LN139AN
LN13 9LF,53.23524,0.252963,LN139LF
LN2 1JZ,53.23054,-0.537629,LN21JZ
LN2 3GF,53.31065,-0.488574,LN23GF
LN2 3RP,53.30655,-0.470964,LN23RP
LN2 4FJ,53.24126,-0.506843,LN24FJ
LN2 4US,53.23507,-0.511389,LN24US
LN2 4UZ,53.24192,-0.504587,LN24UZ
LN3 4NL,53.23198,-0.504229,LN34NL
LN3 4NT,53.23095,-0.505179,LN34NT
LN3 5AG,53.34597,-0.352694,LN35AG
LN4 2BA,53.16642,-0.414341,LN42BA
LN4 2SW,53.19899,-0.526665,LN42SW
LN4 2TS,53.19552,-0.532876,LN42TS
LN4 4BU,53.07765,-0.276346,LN44BU
LN4 4DS,53.05639,-0.322601,LN44DS
LN5 7JH,53.22649,-0.52415,LN57JH
LN5 7JN,53.22644,-0.52547,LN57JN
LN5 7NX,53.22348,-0.536911,LN57NX
LN5 8DW,53.21395,-0.547793,LN58DW
LN5 8EW,53.21467,-0.544084,LN58EW
LN5 8PQ,53.20942,-0.552887,LN58PQ
LN5 8RS,53.20065,-0.552449,LN58RS
LN6 0LP,53.22043,-0.602618,LN60LP
LN6 0QY,53.21499,-0.605206,LN60QY
LN6 3JY,53.20174,-0.591159,LN63JY
LN6 3PW,53.20654,-0.613791,LN63PW
LN6 3QJ,53.2017,-0.598331,LN63QJ
LN6 3QN,53.20135,-0.612326,LN63QN
LN6 3QX,53.19646,-0.598248,LN63QX
LN6 3TA,53.20304,-0.616015,LN63TA
LN6 5SW,53.22769,-0.615789,LN65SW
LN6 7AS,53.22022,-0.5591,LN67AS
LN6 7PQ,53.20966,-0.560322,LN67PQ
LN6 7YT,53.22113,-0.58913,LN67YT
LN6 8HW,53.19415,-0.580225,LN68HW
LN6 9AE,53.18648,-0.594143,LN69AE
LN6 9AP,53.19352,-0.595559,LN69AP
LN6 9HD,53.20425,-0.729105,LN69HD
LN6 9JS,53.12295,-0.6802,LN69JS
LN6 9LU,53.15769,-0.701764,LN69LU
LN6 9UH,53.17603,-0.618215,LN69UH
LN8 2DA,53.372,-0.486749,LN82DA
LN8 3AA,53.38663,-0.336058,LN83AA
LN8 3EN,53.38741,-0.335066,LN83EN
LN8 3HJ,53.38755,-0.338067,LN83HJ
LS1 2HJ,53.79707,-1.548698,LS12HJ
LS1 2HL,53.79728,-1.549607,LS12HL
LS1 2ND,53.79845,-1.552539,LS12ND
LS1 2QH,53.79869,-1.550335,LS12QH
LS1 2RY,53.79742,-1.551442,LS12RY
LS1 5JD,53.79829,-1.547318,LS15JD
LS10 1BX,53.78405,-1.535148,LS101BX
LS10 1DX,53.77649,-1.514108,LS101DX
LS10 2BD,53.77499,-1.531546,LS102BD
LS10 2PD,53.77947,-1.524727,LS102PD
LS10 2RU,53.77514,-1.523001,LS102RU
LS10 3NN,53.75123,-1.529686,LS103NN
LS10 3TQ,53.75161,-1.544786,LS103TQ
LS10 3UQ,53.76363,-1.533325,LS103UQ
LS10 4GQ,53.74437,-1.533978,LS104GQ
LS10 4HX,53.74295,-1.546472,LS104HX
LS10 4YA,53.74042,-1.546893,LS104YA
LS11 0AT,53.78329,-1.560683,LS110AT
LS11 0HP,53.76763,-1.581964,LS110HP
LS11 0HQ,53.76664,-1.582292,LS110HQ
LS11 5HL,53.77576,-1.54099,LS115HL
LS11 5SF,53.77153,-1.546347,LS115SF
LS11 6BP,53.77679,-1.548278,LS116BP
LS11 6DN,53.78244,-1.548931,LS116DN
LS11 6TT,53.78152,-1.547059,LS116TT
LS11 6XD,53.78104,-1.544772,LS116XD
LS11 7DF,53.76597,-1.561774,LS117DF
LS11 7HL,53.7667,-1.561599,LS117HL
LS11 8BU,53.77982,-1.563299,LS118BU
LS11 8JW,53.77933,-1.560072,LS118JW
LS11 8LQ,53.7676,-1.575517,LS118LQ
LS11 9RT,53.78773,-1.56601,LS119RT
LS12 1EL,53.79203,-1.583012,LS121EL
LS12 2EJ,53.79835,-1.571366,LS122EJ
LS12 3AA,53.79665,-1.592029,LS123AA
LS12 3BG,53.79345,-1.59584,LS123BG
LS12 3LE,53.79888,-1.597382,LS123LE
LS12 3SG,53.79853,-1.606266,LS123SG
LS12 3UF,53.79707,-1.591478,LS123UF
LS12 4HP,53.79127,-1.586252,LS124HP
LS12 5JZ,53.78422,-1.612851,LS125JZ
LS12 6AJ,53.7792,-1.589998,LS126AJ
LS12 6LN,53.77915,-1.579224,LS126LN
LS12 6LX,53.77717,-1.580367,LS126LX
LS12 6NJ,53.77658,-1.582194,LS126NJ
LS13 2BR,53.8156,-1.63448,LS132BR
LS13 2SJ,53.81745,-1.616098,LS132SJ
LS13 3AA,53.80702,-1.629877,LS133AA
LS13 3AX,53.80697,-1.632019,LS133AX
LS13 3PG,53.81259,-1.633549,LS133PG
LS14 1FE,53.82296,-1.471493,LS141FE
LS14 1FY,53.82427,-1.478358,LS141FY
LS14 1HJ,53.82572,-1.46529,LS141HJ
LS14 1HU,53.82492,-1.482133,LS141HU
LS14 1PG,53.83065,-1.472521,LS141PG
LS14 3DW,53.84114,-1.439867,LS143DW
LS14 3HS,53.86498,-1.445783,LS143HS
LS14 5EA,53.82274,-1.440856,LS145EA
LS14 5HU,53.81876,-1.446423,LS145HU
LS14 6FB,53.82297,-1.463639,LS146FB
LS14 6PB,53.8205,-1.461149,LS146PB
LS14 6RT,53.81691,-1.469837,LS146RT
LS14 6SY,53.81069,-1.467091,LS146SY
LS14 6UF,53.80507,-1.481131,LS146UF
LS15 0BP,53.79357,-1.482184,LS150BP
LS15 4HS,53.82645,-1.406456,LS154HS
LS15 4TA,53.8315,-1.438172,LS154TA
LS15 7JX,53.80436,-1.452397,LS157JX
LS15 8DX,53.80722,-1.450067,LS158DX
LS15 8GB,53.79864,-1.427937,LS158GB
LS15 8ZA,53.7948,-1.429857,LS158ZA
LS16 5EJ,53.83135,-1.603772,LS165EJ
LS16 5LX,53.82879,-1.581675,LS165LX
LS16 6EB,53.83884,-1.610585,LS166EB
LS16 6FT,53.84573,-1.613562,LS166FT
LS16 6LJ,53.84601,-1.605443,LS166LJ
LS16 6QE,53.84114,-1.609045,LS166QE
LS16 7NJ,53.86312,-1.615394,LS167NJ
LS17 5LH,53.84436,-1.559848,LS175LH
LS17 5PU,53.84708,-1.558163,LS175PU
LS17 6AY,53.84484,-1.542851,LS176AY
LS17 6AZ,53.84411,-1.54339,LS176AZ
LS17 7BA,53.85706,-1.562923,LS177BA
LS17 7HF,53.84911,-1.544385,LS177HF
LS17 7HW,53.85238,-1.543833,LS177HW
LS17 8FQ,53.85106,-1.521137,LS178FQ
LS17 8UB,53.85372,-1.519145,LS178UB
LS18 4BX,53.83713,-1.622895,LS184BX
LS18 4JR,53.83763,-1.63953,LS184JR
LS18 4QD,53.83198,-1.642025,LS184QD
LS18 4RJ,53.83715,-1.641555,LS184RJ
LS18 5BL,53.84061,-1.636906,LS185BL
LS18 5DU,53.83822,-1.627687,LS185DU
LS18 5NL,53.84834,-1.631428,LS185NL
LS19 7BN,53.86494,-1.673327,LS197BN
LS19 7LX,53.86545,-1.692042,LS197LX
LS19 7PP,53.86602,-1.684313,LS197PP
LS19 7ZA,53.8741,-1.665119,LS197ZA
LS2 7QA,53.80155,-1.53295,LS27QA
LS2 8AJ,53.80374,-1.544846,LS28AJ
LS2 9AS,53.80793,-1.549113,LS29AS
LS2 9BN,53.81029,-1.553279,LS29BN
LS20 8AH,53.87345,-1.711252,LS208AH
LS20 9AX,53.87587,-1.70789,LS209AX
LS20 9BJ,53.87149,-1.704027,LS209BJ
LS21 1AG,53.90567,-1.691168,LS211AG
LS22 6SL,53.93209,-1.380957,LS226SL
LS22 7DN,53.93663,-1.378331,LS227DN
LS23 6AA,53.90415,-1.343866,LS236AA
LS23 6FU,53.90409,-1.350883,LS236FU
LS24 9AL,53.88447,-1.260956,LS249AL
LS24 9FG,53.88141,-1.27251,LS249FG
LS25 2GH,53.79742,-1.376365,LS252GH
LS25 7HS,53.77243,-1.379026,LS257HS
LS26 0AG,53.74715,-1.477872,LS260AG
LS26 0AW,53.74861,-1.47705,LS260AW
LS26 8RY,53.75632,-1.461014,LS268RY
LS26 9ER,53.74063,-1.416185,LS269ER
LS27 0BZ,53.73345,-1.609406,LS270BZ
LS27 0JG,53.7459,-1.621952,LS270JG
LS27 7FH,53.76623,-1.591429,LS277FH
LS27 7LE,53.74734,-1.629233,LS277LE
LS27 8AG,53.74448,-1.597841,LS278AG
LS27 8YF,53.7448,-1.576095,LS278YF
LS27 9JQ,53.7509,-1.600495,LS279JQ
LS28 6BN,53.80286,-1.665474,LS286BN
LS28 6EA,53.80735,-1.664193,LS286EA
LS28 6LE,53.80368,-1.656934,LS286LE
LS28 7AA,53.79739,-1.660887,LS287AA
LS28 7RZ,53.79255,-1.670049,LS287RZ
LS28 7UR,53.80051,-1.663807,LS287UR
LS29 0NZ,53.94143,-1.881844,LS290NZ
LS29 6JQ,53.89208,-1.737813,LS296JQ
LS29 8AQ,53.9162,-1.785559,LS298AQ
LS29 8EZ,53.92806,-1.817555,LS298EZ
LS29 8FL,53.92557,-1.814444,LS298FL
LS29 8JZ,53.92897,-1.810698,LS298JZ
LS29 8PF,53.92767,-1.798551,LS298PF
LS29 8UW,53.92506,-1.815207,LS298UW
LS29 9BF,53.92302,-1.825434,LS299BF
LS29 9DY,53.92597,-1.825376,LS299DY
LS29 9EJ,53.92629,-1.827065,LS299EJ
LS3 1HG,53.80643,-1.564769,LS31HG
LS3 1JA,53.80209,-1.568822,LS31JA
LS4 2PU,53.8103,-1.586065,LS42PU
LS5 3BF,53.82551,-1.626158,LS53BF
LS5 3HR,53.81769,-1.593921,LS53HR
LS6 2BR,53.81885,-1.5678,LS62BR
LS6 2DD,53.82072,-1.572763,LS62DD
LS6 3AA,53.82029,-1.577005,LS63AA
LS6 3DS,53.81696,-1.587336,LS63DS
LS6 3LN,53.82548,-1.603265,LS63LN
LS7 1AB,53.80861,-1.532082,LS71AB
LS7 1EU,53.80705,-1.541196,LS71EU
LS7 1HX,53.80969,-1.547044,LS71HX
LS7 1RF,53.80815,-1.531115,LS71RF
LS7 2BB,53.80845,-1.536078,LS72BB
LS7 2DW,53.82442,-1.547144,LS72DW
LS7 2HJ,53.81877,-1.542572,LS72HJ
LS7 2JF,53.8176,-1.54945,LS72JF
LS7 3BE,53.81012,-1.528618,LS73BE
LS7 3DX,53.81629,-1.531906,LS73DX
LS7 3HZ,53.81263,-1.535652,LS73HZ
LS7 3JB,53.8108,-1.535687,LS73JB
LS7 4BJ,53.81287,-1.531564,LS74BJ
LS7 4DR,53.81504,-1.529216,LS74DR
LS7 4JJ,53.8234,-1.525841,LS74JJ
LS8 1AJ,53.8432,-1.520573,LS81AJ
LS8 1AP,53.84418,-1.509421,LS81AP
LS8 1LP,53.83386,-1.523566,LS81LP
LS8 1QD,53.83289,-1.525279,LS81QD
LS8 2JH,53.83067,-1.499732,LS82JH
LS8 2JU,53.82895,-1.501515,LS82JU
LS8 3LF,53.81689,-1.491102,LS83LF
LS8 3LG,53.81436,-1.491117,LS83LG
LS8 5HS,53.81264,-1.517078,LS85HS
LS9 6EF,53.80367,-1.507098,LS96EF
LS9 6NG,53.8019,-1.499618,LS96NG
LS9 6NW,53.80188,-1.489354,LS96NW
LS9 6PQ,53.80829,-1.490491,LS96PQ
LS9 6PW,53.80124,-1.501159,LS96PW
LS9 6RA,53.80553,-1.490737,LS96RA
LS9 7DR,53.80252,-1.530662,LS97DR
LS9 7QP,53.79891,-1.515018,LS97QP
LS9 7ST,53.80227,-1.527112,LS97ST
LS9 7TU,53.8064,-1.528265,LS97TU
LS9 8NH,53.7934,-1.522611,LS98NH
LS9 8SS,53.79791,-1.52628,LS98SS
LS9 9LF,53.79729,-1.518362,LS99LF
LU1 1BW,51.88426,-0.427402,LU11BW
LU1 1DY,51.88063,-0.422516,LU11DY
LU1 1HS,51.88298,-0.419964,LU11HS
LU1 2AF,51.8778,-0.415162,LU12AF
LU1 2BD,51.87974,-0.416852,LU12BD
LU1 2PL,51.88045,-0.419282,LU12PL
LU1 2RP,51.87986,-0.419202,LU12RP
LU1 2RS,51.87997,-0.420825,LU12RS
LU1 2SJ,51.87746,-0.416786,LU12SJ
LU1 2UA,51.87634,-0.415998,LU12UA
LU1 3DQ,51.87579,-0.414158,LU13DQ
LU1 3HN,51.8764,-0.407556,LU13HN
LU1 3LU,51.86533,-0.409297,LU13LU
LU1 3PE,51.86694,-0.410925,LU13PE
LU1 4AR,51.85582,-0.469357,LU14AR
LU1 5AF,51.87695,-0.420073,LU15AF
LU1 5BH,51.87564,-0.420134,LU15BH
LU1 5QL,51.87849,-0.443395,LU15QL
LU2 0ES,51.88589,-0.405738,LU20ES
LU2 0HF,51.88412,-0.410741,LU20HF
LU2 0JG,51.88577,-0.40134,LU20JG
LU2 0LA,51.87356,-0.393957,LU20LA
LU2 0LB,51.87355,-0.393987,LU20LB
LU2 0NT,51.88364,-0.414943,LU20NT
LU2 7ER,51.90281,-0.410823,LU27ER
LU2 7GY,51.90824,-0.412971,LU27GY
LU2 7SW,51.89149,-0.402096,LU27SW
LU2 7UG,51.90192,-0.396973,LU27UG
LU2 7XH,51.90268,-0.394795,LU27XH
LU2 8BP,51.90805,-0.388351,LU28BP
LU2 8DL,51.91233,-0.387951,LU28DL
LU2 8EP,51.90802,-0.386085,LU28EP
LU2 8JR,51.89599,-0.381778,LU28JR
LU2 8UN,51.89053,-0.365626,LU28UN
LU2 9RB,51.89109,-0.378961,LU29RB
LU2 9SF,51.88948,-0.379571,LU29SF
LU2 9TW,51.89093,-0.367195,LU29TW
LU3 1AX,51.89048,-0.428071,LU31AX
LU3 1BQ,51.88745,-0.426797,LU31BQ
LU3 1EG,51.89027,-0.427061,LU31EG
LU3 1ND,51.89572,-0.423092,LU31ND
LU3 2PW,51.90466,-0.445193,LU32PW
LU3 2QG,51.90227,-0.451119,LU32QG
LU3 3EW,51.91984,-0.465361,LU33EW
LU3 3QB,51.91863,-0.454438,LU33QB
LU3 3RS,51.91519,-0.455748,LU33RS
LU3 3SY,51.91561,-0.450601,LU33SY
LU4 0AX,51.88976,-0.469758,LU40AX
LU4 0QQ,51.90183,-0.494218,LU40QQ
LU4 0UP,51.90254,-0.495866,LU40UP
LU4 8AT,51.88622,-0.438871,LU48AT
LU4 8EF,51.8885,-0.448338,LU48EF
LU4 8EH,51.88944,-0.443685,LU48EH
LU4 8HX,51.88844,-0.431804,LU48HX
LU4 8JS,51.88935,-0.439764,LU48JS
LU4 8NU,51.89736,-0.446114,LU48NU
LU4 9EQ,51.91132,-0.468937,LU49EQ
LU5 4DG,51.88392,-0.510247,LU54DG
LU5 4SB,51.89578,-0.515436,LU54SB
LU5 5ES,51.90498,-0.519377,LU55ES
LU5 5FP,51.89379,-0.525893,LU55FP
LU5 5FX,51.90466,-0.500141,LU55FX
LU5 5PL,51.91245,-0.505625,LU55PL
LU5 5QL,51.90687,-0.513166,LU55QL
LU5 5RL,51.90923,-0.507927,LU55RL
LU5 6BY,51.94822,-0.532825,LU56BY
LU5 6GZ,51.91137,-0.545933,LU56GZ
LU6 1FY,51.89479,-0.543038,LU61FY
LU6 1JJ,51.88872,-0.524896,LU61JJ
LU6 1LE,51.88806,-0.523261,LU61LE
LU6 1RP,51.89694,-0.555148,LU61RP
LU6 1SA,51.88684,-0.523606,LU61SA
LU6 1SU,51.88668,-0.52287,LU61SU
LU6 2NL,51.82738,-0.531965,LU62NL
LU6 3AS,51.88649,-0.526945,LU63AS
LU6 3BA,51.88699,-0.526115,LU63BA
LU6 3FN,51.87896,-0.532958,LU63FN
LU6 3HD,51.88448,-0.519426,LU63HD
LU6 3HS,51.88135,-0.514182,LU63HS
LU6 3SN,51.88544,-0.521095,LU63SN
LU7 4SF,51.90979,-0.660382,LU74SF
LU7 4WG,51.90694,-0.656993,LU74WG
LU7 9GU,51.82948,-0.648138,LU79GU
M1 2JQ,53.48104,-2.226332,M12JQ
M1 3FH,53.47858,-2.237273,M13FH
M1 4DZ,53.47935,-2.239326,M14DZ
M1 4HN,53.47998,-2.239269,M14HN
M11 1PR,53.47363,-2.161149,M111PR
M11 1WF,53.47179,-2.164411,M111WF
M11 2DX,53.47367,-2.199115,M112DX
M12 4AA,53.45691,-2.199699,M124AA
M12 4AH,53.46869,-2.217364,M124AH
M12 4AN,53.46584,-2.214924,M124AN
M12 4AW,53.46619,-2.210964,M124AW
M12 4BB,53.467,-2.216346,M124BB
M12 4JD,53.47287,-2.220865,M124JD
M12 4JY,53.4622,-2.191515,M124JY
M12 4QN,53.44925,-2.191893,M124QN
M12 5RS,53.45531,-2.192854,M125RS
M12 6AE,53.47621,-2.219903,M126AE
M12 6JH,53.47073,-2.214271,M126JH
M13 0YL,53.45419,-2.208541,M130YL
M13 9SX,53.46844,-2.22619,M139SX
M14 4UZ,53.45206,-2.241162,M144UZ
M14 5GJ,53.45866,-2.215099,M145GJ
M14 6JZ,53.44312,-2.221645,M146JZ
M14 6UB,53.43914,-2.218734,M146UB
M14 7HR,53.44852,-2.245915,M147HR
M14 7LU,53.44717,-2.245275,M147LU
M15 4AE,53.46557,-2.25954,M154AE
M15 5TG,53.46559,-2.253213,M155TG
M16 0AY,53.44763,-2.269926,M160AY
M16 0PQ,53.4602,-2.283606,M160PQ
M16 0QA,53.46223,-2.274973,M160QA
M16 7HU,53.4569,-2.257424,M167HU
M16 7SF,53.45423,-2.266519,M167SF
M16 9EA,53.46619,-2.267618,M169EA
M16 9HF,53.46415,-2.27015,M169HF
M16 9ND,53.45846,-2.262509,M169ND
M17 1DZ,53.46465,-2.309709,M171DZ
M17 1JE,53.46588,-2.31029,M171JE
M18 7JD,53.45871,-2.162116,M187JD
M18 7LP,53.45726,-2.157216,M187LP
M18 7RR,53.45719,-2.186703,M187RR
M18 8DU,53.4651,-2.165108,M188DU
M18 8HE,53.46219,-2.175881,M188HE
M19 1FL,53.43179,-2.201176,M191FL
M19 1WA,53.42093,-2.212275,M191WA
M19 2ND,53.43593,-2.206088,M192ND
M19 2TB,53.43974,-2.187168,M192TB
M19 2TF,53.43888,-2.186307,M192TF
M19 2TL,53.43892,-2.185027,M192TL
M19 3DB,53.44678,-2.188916,M193DB
M2 3WQ,53.47647,-2.243906,M23WQ
M2 4LQ,53.48114,-2.243661,M24LQ
M2 4WQ,53.48079,-2.243719,M24WQ
M20 2UW,53.4204,-2.243797,M202UW
M20 2YY,53.40874,-2.227167,M202YY
M20 3BG,53.43388,-2.228716,M203BG
M20 3HE,53.43372,-2.229694,M203HE
M20 4AW,53.43206,-2.228014,M204AW
M21 0AB,53.44231,-2.276787,M210AB
M21 0SH,53.44311,-2.272035,M210SH
M21 0UF,53.44233,-2.271518,M210UF
M21 7GH,53.43026,-2.267137,M217GH
M21 7QH,53.43171,-2.26963,M217QH
M21 7SE,53.43306,-2.264897,M217SE
M22 1TG,53.37413,-2.269429,M221TG
M22 4BF,53.40622,-2.266355,M224BF
M22 4JD,53.40462,-2.258613,M224JD
M22 4NJ,53.40577,-2.257477,M224NJ
M22 4US,53.39336,-2.248545,M224US
M22 4ZP,53.38879,-2.255134,M224ZP
M22 5DG,53.38278,-2.248918,M225DG
M22 5RQ,53.37932,-2.26124,M225RQ
M22 5TG,53.36732,-2.265103,M225TG
M22 9PQ,53.38133,-2.264289,M229PQ
M22 9UH,53.38665,-2.255632,M229UH
M23 1LP,53.39355,-2.279598,M231LP
M23 1WD,53.39321,-2.278904,M231WD
M23 9HZ,53.40494,-2.299949,M239HZ
M23 9XD,53.39664,-2.293965,M239XD
M23 9YJ,53.39309,-2.29758,M239YJ
M24 1RU,53.53431,-2.173977,M241RU
M24 2FQ,53.54779,-2.175104,M242FQ
M24 4GJ,53.54501,-2.220743,M244GJ
M24 4TL,53.55612,-2.214823,M244TL
M24 5TF,53.55017,-2.199126,M245TF
M24 6DP,53.55524,-2.196645,M246DP
M24 6UN,53.55154,-2.196975,M246UN
M25 1AE,53.53109,-2.283927,M251AE
M25 1BL,53.5302,-2.279682,M251BL
M25 1DL,53.52825,-2.270301,M251DL
M25 1QF,53.52665,-2.278708,M251QF
M25 3HQ,53.53241,-2.286123,M253HQ
M25 9JY,53.5193,-2.27237,M259JY
M25 9SB,53.51765,-2.281198,M259SB
M26 1NR,53.55963,-2.326312,M261NR
M26 2QX,53.56345,-2.318929,M262QX
M26 2ZT,53.57082,-2.311661,M262ZT
M26 4BR,53.56391,-2.334679,M264BR
M27 4HL,53.51372,-2.327618,M274HL
M27 5AF,53.50903,-2.334307,M275AF
M27 5DA,53.51107,-2.339706,M275DA
M27 5WW,53.50739,-2.333917,M275WW
M27 6AD,53.51382,-2.340347,M276AD
M27 6AH,53.5137,-2.339245,M276AH
M27 6AY,53.51507,-2.345409,M276AY
M27 6DB,53.51793,-2.335734,M276DB
M27 6NH,53.52971,-2.350068,M276NH
M27 8QR,53.51683,-2.327507,M278QR
M27 9LQ,53.51653,-2.350261,M279LQ
M28 2EB,53.49804,-2.378208,M282EB
M28 3UX,53.52547,-2.398378,M283UX
M29 7JY,53.50406,-2.445549,M297JY
M29 8AE,53.51434,-2.467961,M298AE
M29 8WS,53.51435,-2.447512,M298WS
M3 1EZ,53.49155,-2.243253,M31EZ
M3 2BA,53.4832,-2.246129,M32BA
M3 2BY,53.48024,-2.247995,M32BY
M3 2GX,53.48109,-2.248287,M32GX
M3 5BQ,53.48421,-2.248697,M35BQ
M30 0BL,53.48484,-2.337629,M300BL
M30 0DL,53.48519,-2.334165,M300DL
M30 0QT,53.48419,-2.349076,M300QT
M30 0WG,53.48416,-2.344962,M300WG
M30 0WZ,53.48326,-2.349807,M300WZ
M30 7DG,53.47577,-2.365143,M307DG
M30 7LD,53.47445,-2.374503,M307LD
M30 7NA,53.47725,-2.368938,M307NA
M30 7NB,53.47957,-2.366667,M307NB
M30 8QE,53.47967,-2.360174,M308QE
M30 9AR,53.48787,-2.337215,M309AR
M31 4DT,53.41896,-2.420795,M314DT
M31 4RW,53.41698,-2.414787,M314RW
M32 0JT,53.45559,-2.305065,M320JT
M32 0RW,53.46087,-2.288144,M320RW
M32 0TR,53.46215,-2.326198,M320TR
M32 8AQ,53.44652,-2.312679,M328AQ
M32 9RW,53.45459,-2.325839,M329RW
M33 2AA,53.42728,-2.316315,M332AA
M33 2DH,53.42424,-2.317015,M332DH
M33 3AQ,53.41782,-2.324656,M333AQ
M33 3AT,53.41821,-2.320039,M333AT
M33 3HE,53.42,-2.30466,M333HE
M33 3LW,53.4119,-2.312891,M333LW
M33 3SJ,53.41512,-2.323732,M333SJ
M33 4GT,53.41726,-2.355164,M334GT
M33 6GG,53.4277,-2.326868,M336GG
M33 6RH,53.42112,-2.330715,M336RH
M33 7AD,53.42518,-2.325464,M337AD
M33 7HH,53.42872,-2.32203,M337HH
M33 7ZF,53.42513,-2.320001,M337ZF
M33 7ZZ,53.42433,-2.3232,M337ZZ
M34 2NA,53.45742,-2.149642,M342NA
M34 3PR,53.45628,-2.117727,M343PR
M34 3QS,53.45396,-2.126303,M343QS
M34 5GL,53.47796,-2.129057,M345GL
M34 5HQ,53.47462,-2.121831,M345HQ
M35 9AD,53.51348,-2.154454,M359AD
M35 9BG,53.51207,-2.157299,M359BG
M38 9PH,53.52983,-2.415406,M389PH
M38 9PP,53.5287,-2.413992,M389PP
M4 1HQ,53.48509,-2.235862,M41HQ
M4 6DE,53.4812,-2.226363,M46DE
M4 6WX,53.4842,-2.228549,M46WX
M4 7DG,53.47932,-2.215022,M47DG
M40 1LF,53.4994,-2.181582,M401LF
M40 1QQ,53.49478,-2.165585,M401QQ
M40 3HY,53.52201,-2.167757,M403HY
M40 7PZ,53.49183,-2.222576,M407PZ
M40 8BB,53.4916,-2.212778,M408BB
M40 8WN,53.49961,-2.205552,M408WN
M40 9JG,53.51305,-2.196328,M409JG
M41 0AA,53.45066,-2.353289,M410AA
M41 0NA,53.44911,-2.354721,M410NA
M41 0TY,53.44959,-2.352075,M410TY
M41 0XL,53.44886,-2.352325,M410XL
M41 5AB,53.44848,-2.356628,M415AB
M41 6EP,53.44167,-2.375404,M416EP
M41 6HD,53.44302,-2.367573,M416HD
M41 8QT,53.44912,-2.391129,M418QT
M43 6DD,53.47894,-2.146132,M436DD
M43 6NY,53.47568,-2.161579,M436NY
M43 6PN,53.48074,-2.154425,M436PN
M43 7XD,53.4855,-2.137579,M437XD
M44 5BG,53.42855,-2.434946,M445BG
M44 5DW,53.43863,-2.43237,M445DW
M45 6AD,53.54713,-2.292636,M456AD
M45 6AT,53.54276,-2.288472,M456AT
M45 8GW,53.55081,-2.295997,M458GW
M46 0EU,53.52441,-2.496264,M460EU
M46 0RP,53.51565,-2.510474,M460RP
M46 9GJ,53.53135,-2.496331,M469GJ
M46 9QB,53.53459,-2.497862,M469QB
M5 3EB,53.46641,-2.283255,M53EB
M5 5FL,53.48585,-2.305703,M55FL
M50 1DN,53.48185,-2.305765,M501DN
M50 1RF,53.48174,-2.32677,M501RF
M50 3SG,53.46884,-2.284145,M503SG
M50 3UB,53.47132,-2.294542,M503UB
M6 5FW,53.48872,-2.289025,M65FW
M6 5JJ,53.486,-2.28875,M65JJ
M6 6NA,53.4941,-2.285474,M66NA
M7 1NF,53.49754,-2.261015,M71NF
M7 1UR,53.49305,-2.255305,M71UR
M7 3BL,53.51181,-2.282697,M73BL
M7 4DU,53.50568,-2.245988,M74DU
M7 4JD,53.51538,-2.261049,M74JD
M7 4RP,53.50837,-2.25974,M74RP
M8 0QE,53.50768,-2.235204,M80QE
M8 4JY,53.52026,-2.249541,M84JY
M8 5DP,53.51347,-2.243786,M85DP
M8 5UP,53.51322,-2.232083,M85UP
M8 8HQ,53.49412,-2.242394,M88HQ
M8 8HW,53.49487,-2.243649,M88HW
M8 8LG,53.49655,-2.238413,M88LG
M8 8RA,53.49461,-2.235629,M88RA
M9 4DD,53.51313,-2.212433,M94DD
M9 4NT,53.50962,-2.201198,M94NT
M9 7GE,53.52398,-2.192246,M97GE
M9 7HR,53.52846,-2.191859,M97HR
M9 8LT,53.52835,-2.227278,M98LT
ME1 1EL,51.3866,0.50689,ME11EL
ME1 1FG,51.38487,0.512372,ME11FG
ME1 2AU,51.3759,0.510343,ME12AU
ME1 2DR,51.38136,0.505755,ME12DR
ME1 2EE,51.37851,0.506793,ME12EE
ME1 2LU,51.36779,0.502472,ME12LU
ME1 2PF,51.36861,0.508766,ME12PF
ME1 2QT,51.37004,0.51327,ME12QT
ME1 2UT,51.36406,0.507929,ME12UT
ME1 2UZ,51.36113,0.50491,ME12UZ
ME1 3EZ,51.35005,0.501332,ME13EZ
ME1 3PY,51.3715,0.482571,ME13PY
ME1 3XX,51.33173,0.46407,ME13XX
ME10 1NR,51.34282,0.718365,ME101NR
ME10 2DG,51.34911,0.726105,ME102DG
ME10 2GE,51.36463,0.741423,ME102GE
ME10 2GR,51.36506,0.739394,ME102GR
ME10 2GU,51.36529,0.740916,ME102GU
ME10 2QL,51.35083,0.724914,ME102QL
ME10 2RT,51.36313,0.740112,ME102RT
ME10 3RY,51.34681,0.748704,ME103RY
ME10 4DD,51.33862,0.733439,ME104DD
ME10 4EE,51.33251,0.734267,ME104EE
ME10 4HE,51.331,0.732296,ME104HE
ME10 4NU,51.33828,0.734984,ME104NU
ME10 4PD,51.33974,0.738445,ME104PD
ME10 4QZ,51.32974,0.733356,ME104QZ
ME10 4RT,51.33876,0.742794,ME104RT
ME10 5AA,51.35051,0.71701,ME105AA
ME10 5JD,51.3545,0.716212,ME105JD
ME10 5JR,51.35049,0.722639,ME105JR
ME10 5TP,51.351,0.719222,ME105TP
ME12 1TA,51.44181,0.750951,ME121TA
ME12 2QY,51.43555,0.768634,ME122QY
ME12 3AN,51.41133,0.790167,ME123AN
ME12 3AU,51.42284,0.776397,ME123AU
ME12 3FX,51.41305,0.801375,ME123FX
ME12 4NH,51.40745,0.907423,ME124NH
ME13 0RH,51.31223,0.860066,ME130RH
ME13 7FZ,51.31799,0.869238,ME137FZ
ME13 7GU,51.31623,0.892608,ME137GU
ME13 8GD,51.31125,0.898466,ME138GD
ME14 1JL,51.27402,0.521389,ME141JL
ME14 1LH,51.27578,0.519564,ME141LH
ME14 1PT,51.27605,0.523923,ME141PT
ME14 1UT,51.27765,0.529014,ME141UT
ME14 1XJ,51.27849,0.525791,ME141XJ
ME14 2TP,51.28088,0.526955,ME142TP
ME14 5DZ,51.27485,0.530768,ME145DZ
ME14 5FY,51.28466,0.556461,ME145FY
ME14 5GD,51.28123,0.536869,ME145GD
ME14 5NZ,51.27977,0.549178,ME145NZ
ME15 0AG,51.23896,0.518467,ME150AG
ME15 6AQ,51.26075,0.526841,ME156AQ
ME15 6HX,51.2732,0.523996,ME156HX
ME15 6JF,51.26048,0.526912,ME156JF
ME15 6LP,51.27048,0.524837,ME156LP
ME15 6LU,51.27088,0.523898,ME156LU
ME15 6RJ,51.26281,0.508447,ME156RJ
ME15 6SX,51.26709,0.520967,ME156SX
ME15 6UY,51.26067,0.520271,ME156UY
ME15 6XW,51.27255,0.520978,ME156XW
ME15 6YQ,51.27006,0.521788,ME156YQ
ME15 7BS,51.26564,0.525833,ME157BS
ME15 8GA,51.26649,0.556243,ME158GA
ME15 8JJ,51.26408,0.572567,ME158JJ
ME15 8PR,51.26744,0.568568,ME158PR
ME15 8WN,51.24219,0.565857,ME158WN
ME15 8YL,51.24589,0.567138,ME158YL
ME15 9GP,51.24277,0.556991,ME159GP
ME16 0LL,51.29159,0.503316,ME160LL
ME16 8FE,51.26773,0.51597,ME168FE
ME16 8RA,51.27063,0.517189,ME168RA
ME16 9FZ,51.2807,0.486033,ME169FZ
ME17 2DD,51.24314,0.698769,ME172DD
ME17 3FF,51.23845,0.568486,ME173FF
ME17 4PT,51.23533,0.495648,ME174PT
ME17 4TB,51.23451,0.489085,ME174TB
ME18 5LW,51.25869,0.396449,ME185LW
ME18 5NS,51.25535,0.423908,ME185NS
ME18 6AL,51.23624,0.442087,ME186AL
ME19 4AE,51.27689,0.396809,ME194AE
ME19 6BJ,51.28786,0.438343,ME196BJ
ME19 6DZ,51.29555,0.441748,ME196DZ
ME2 2EG,51.39201,0.489906,ME22EG
ME2 2JH,51.39297,0.491381,ME22JH
ME2 2LB,51.38736,0.473498,ME22LB
ME2 2LS,51.39044,0.48765,ME22LS
ME2 2UX,51.39401,0.463347,ME22UX
ME2 4AB,51.39389,0.497915,ME24AB
ME2 4BH,51.38998,0.518142,ME24BH
ME2 4DP,51.39003,0.51954,ME24DP
ME2 4DY,51.39707,0.516376,ME24DY
ME2 4DZ,51.39868,0.51136,ME24DZ
ME2 4HN,51.39204,0.514173,ME24HN
ME2 4HU,51.39306,0.513409,ME24HU
ME2 4QW,51.39326,0.516554,ME24QW
ME2 4TR,51.39616,0.493223,ME24TR
ME2 4WQ,51.39634,0.498781,ME24WQ
ME20 6HP,51.30414,0.432491,ME206HP
ME20 7BS,51.30427,0.48326,ME207BS
ME20 7EU,51.32361,0.504658,ME207EU
ME20 7FF,51.30103,0.473975,ME207FF
ME20 7NA,51.29037,0.471336,ME207NA
ME20 7SU,51.29383,0.475596,ME207SU
ME3 8FD,51.41439,0.514738,ME38FD
ME3 8FP,51.41079,0.513763,ME38FP
ME3 8ST,51.45153,0.563574,ME38ST
ME3 9JF,51.42731,0.561254,ME39JF
ME3 9JH,51.42662,0.55677,ME39JH
ME3 9UT,51.42105,0.566988,ME39UT
ME3 9XW,51.42191,0.571884,ME39XW
ME4 3AN,51.40694,0.53659,ME43AN
ME4 4EE,51.38369,0.520427,ME44EE
ME4 4EQ,51.38316,0.518731,ME44EQ
ME4 4NP,51.37939,0.532335,ME44NP
ME4 4QU,51.40135,0.538998,ME44QU
ME4 4TR,51.38911,0.524017,ME44TR
ME4 4TZ,51.39424,0.527592,ME44TZ
ME4 5HB,51.37217,0.536161,ME45HB
ME4 5LU,51.37349,0.535041,ME45LU
ME4 5RB,51.37682,0.525812,ME45RB
ME4 5UF,51.37099,0.529155,ME45UF
ME4 5XP,51.36813,0.52815,ME45XP
ME4 6BA,51.38241,0.520745,ME46BA
ME4 6BB,51.38254,0.518596,ME46BB
ME4 6BE,51.38164,0.5227,ME46BE
ME4 6BW,51.37986,0.523235,ME46BW
ME4 6DP,51.37439,0.5219,ME46DP
ME4 6DQ,51.37473,0.521343,ME46DQ
ME4 6FE,51.35529,0.509475,ME46FE
ME4 6HZ,51.35871,0.514,ME46HZ
ME4 6SB,51.37841,0.518701,ME46SB
ME4 6TW,51.38053,0.517494,ME46TW
ME5 0UD,51.34855,0.520581,ME50UD
ME5 7DX,51.3642,0.546137,ME57DX
ME5 7JZ,51.36818,0.548168,ME57JZ
ME5 7SS,51.36515,0.547698,ME57SS
ME5 8AH,51.34389,0.529559,ME58AH
ME5 8DJ,51.34053,0.532044,ME58DJ
ME5 8UD,51.32858,0.545152,ME58UD
ME5 8XG,51.34518,0.542439,ME58XG
ME5 8XZ,51.33363,0.544169,ME58XZ
ME5 9AJ,51.34412,0.523268,ME59AJ
ME5 9FD,51.34759,0.507431,ME59FD
ME5 9JG,51.32958,0.538504,ME59JG
ME6 5DF,51.33015,0.441863,ME65DF
ME7 1BB,51.38908,0.54299,ME71BB
ME7 1FU,51.39622,0.5568,ME71FU
ME7 1FX,51.39616,0.554884,ME71FX
ME7 2QB,51.3891,0.56701,ME72QB
ME7 2YX,51.37243,0.558204,ME72YX
ME7 2YY,51.37215,0.559754,ME72YY
ME7 3QG,51.3493,0.570731,ME73QG
ME7 4AQ,51.37556,0.55582,ME74AQ
ME7 4JH,51.37861,0.558217,ME74JH
ME7 4LP,51.38189,0.549217,ME74LP
ME7 4NA,51.37652,0.551764,ME74NA
ME7 4NT,51.38644,0.550547,ME74NT
ME7 4PG,51.38553,0.549088,ME74PG
ME7 4QE,51.38646,0.552029,ME74QE
ME7 4RP,51.38403,0.549278,ME74RP
ME7 5AE,51.39137,0.529805,ME75AE
ME7 5EG,51.38609,0.542666,ME75EG
ME7 5LN,51.37828,0.547535,ME75LN
ME7 5TT,51.38381,0.544494,ME75TT
ME7 5TX,51.38699,0.544757,ME75TX
ME7 5XX,51.37765,0.548205,ME75XX
ME8 0AN,51.36155,0.587277,ME80AN
ME8 0PZ,51.3645,0.573981,ME80PZ
ME8 6TT,51.37016,0.590147,ME86TT
ME8 7EG,51.36716,0.597205,ME87EG
ME8 7HX,51.36474,0.604826,ME87HX
ME8 7JH,51.36329,0.607688,ME87JH
ME8 7RG,51.36502,0.601322,ME87RG
ME8 7SB,51.3648,0.610116,ME87SB
ME9 0NT,51.26352,0.758567,ME90NT
ME9 7AZ,51.37154,0.642471,ME97AZ
ME9 8GR,51.37194,0.726269,ME98GR
ME9 8LR,51.33625,0.703835,ME98LR
ME9 8LZ,51.34701,0.694443,ME98LZ
ME9 8SU,51.37679,0.721757,ME98SU
ME9 8TE,51.37956,0.727498,ME98TE
ME9 9AD,51.3345,0.769791,ME99AD
MK1 1BA,52.00171,-0.715463,MK11BA
MK1 1BW,52.00043,-0.72006,MK11BW
MK1 1BZ,52.00971,-0.723554,MK11BZ
MK1 1DX,52.00255,-0.73295,MK11DX
MK1 1FB,52.00742,-0.71951,MK11FB
MK1 1PT,52.00837,-0.725865,MK11PT
MK1 1QT,52.00949,-0.728179,MK11QT
MK1 1QY,52.00879,-0.72849,MK11QY
MK1 1RH,52.00217,-0.730062,MK11RH
MK1 1SW,52.0092,-0.719387,MK11SW
MK10 7DD,52.04254,-0.682186,MK107DD
MK10 7ET,52.05112,-0.691778,MK107ET
MK10 7GF,52.05031,-0.683299,MK107GF
MK10 7GG,52.04974,-0.68371,MK107GG
MK10 7HP,52.04876,-0.686509,MK107HP
MK10 7NS,52.04649,-0.669967,MK107NS
MK10 9EA,52.03566,-0.69395,MK109EA
MK10 9LD,52.04229,-0.691977,MK109LD
MK10 9NW,52.04689,-0.698872,MK109NW
MK10 9RG,52.05164,-0.702161,MK109RG
MK11 1AA,52.05647,-0.852399,MK111AA
MK11 1HT,52.05867,-0.851044,MK111HT
MK11 1PA,52.05263,-0.839035,MK111PA
MK11 3HA,52.04819,-0.825063,MK113HA
MK11 4AL,52.04524,-0.832694,MK114AL
MK11 4BH,52.04382,-0.839395,MK114BH
MK11 4DH,52.04688,-0.841751,MK114DH
MK12 5LY,52.0631,-0.807982,MK125LY
MK12 5NW,52.05967,-0.834083,MK125NW
MK12 5TW,52.05948,-0.831126,MK125TW
MK12 6AH,52.05381,-0.825003,MK126AH
MK13 0DF,52.06544,-0.790632,MK130DF
MK13 7AG,52.05744,-0.786225,MK137AG
MK13 7LD,52.05273,-0.778506,MK137LD
MK14 5DU,52.0665,-0.753505,MK145DU
MK14 6BS,52.06294,-0.76437,MK146BS
MK14 6GD,52.05963,-0.763455,MK146GD
MK14 6JX,52.06269,-0.749746,MK146JX
MK14 6LS,52.05738,-0.759389,MK146LS
MK14 6LY,52.05616,-0.757935,MK146LY
MK14 7AH,52.0495,-0.758091,MK147AH
MK14 7QE,52.05458,-0.747172,MK147QE
MK15 0DU,52.04818,-0.711463,MK150DU
MK15 9HY,52.0643,-0.724376,MK159HY
MK15 9JY,52.05722,-0.730937,MK159JY
MK16 8JA,52.0868,-0.737119,MK168JA
MK16 8JS,52.08686,-0.725004,MK168JS
MK16 9EY,52.08308,-0.714341,MK169EY
MK16 9FX,52.07962,-0.703466,MK169FX
MK16 9PY,52.0796,-0.70354,MK169PY
MK17 0QN,51.97312,-0.880644,MK170QN
MK17 8BE,52.04327,-0.639748,MK178BE
MK17 8DX,52.01241,-0.636196,MK178DX
MK17 8YW,52.03183,-0.670533,MK178YW
MK17 9GY,51.99115,-0.707187,MK179GY
MK17 9LN,51.98354,-0.680583,MK179LN
MK18 1LF,52.00594,-0.987591,MK181LF
MK18 1TF,51.98682,-0.979852,MK181TF
MK18 1US,52.01126,-0.979982,MK181US
MK18 3DN,51.94563,-0.882535,MK183DN
MK18 3HL,51.94123,-0.878935,MK183HL
MK18 7DS,51.99577,-0.965127,MK187DS
MK18 7EB,51.99502,-0.97687,MK187EB
MK18 7RA,51.98789,-0.973901,MK187RA
MK18 7RR,51.98793,-0.97208,MK187RR
MK19 6DG,52.03286,-0.887712,MK196DG
MK19 6DJ,52.06583,-0.866149,MK196DJ
MK19 6FG,52.06628,-0.867174,MK196FG
MK19 6NH,52.05943,-0.869097,MK196NH
MK19 7LU,52.11484,-0.827242,MK197LU
MK2 2BL,51.99843,-0.715149,MK22BL
MK2 2DD,51.9998,-0.71546,MK22DD
MK2 2DH,51.99513,-0.728804,MK22DH
MK2 2RU,51.99434,-0.731215,MK22RU
MK2 3HU,51.98606,-0.72976,MK23HU
MK2 3HW,51.98478,-0.730233,MK23HW
MK2 3LS,51.98847,-0.72774,MK23LS
MK3 5GQ,51.97332,-0.741227,MK35GQ
MK3 5JB,51.99111,-0.757726,MK35JB
MK3 6DP,52.00147,-0.740192,MK36DP
MK3 6FH,51.99885,-0.739551,MK36FH
MK3 7LS,52.00444,-0.753905,MK37LS
MK4 1EL,52.00816,-0.758304,MK41EL
MK4 2EW,52.00603,-0.781119,MK42EW
MK4 2JW,52.00404,-0.774501,MK42JW
MK4 2LS,52.00731,-0.77565,MK42LS
MK4 4BP,52.00352,-0.802967,MK44BP
MK4 4DD,52.00487,-0.794699,MK44DD
MK4 4ET,52.00428,-0.800499,MK44ET
MK4 4TY,52.00655,-0.8095,MK44TY
MK40 1DN,52.13526,-0.475625,MK401DN
MK40 1EZ,52.13853,-0.47072,MK401EZ
MK40 1HH,52.13839,-0.471324,MK401HH
MK40 1NS,52.1374,-0.467617,MK401NS
MK40 2AA,52.13955,-0.475902,MK402AA
MK40 2BP,52.1397,-0.473369,MK402BP
MK40 2DH,52.14403,-0.480572,MK402DH
MK40 2DQ,52.14363,-0.479197,MK402DQ
MK40 2EN,52.14101,-0.468005,MK402EN
MK40 2EQ,52.14193,-0.476932,MK402EQ
MK40 2FG,52.13978,-0.478116,MK402FG
MK40 2PR,52.13937,-0.462917,MK402PR
MK40 2PU,52.14114,-0.460153,MK402PU
MK40 2QG,52.13931,-0.473923,MK402QG
MK40 2QT,52.13941,-0.468951,MK402QT
MK40 2RD,52.14009,-0.469235,MK402RD
MK40 2SR,52.13894,-0.468441,MK402SR
MK40 2TE,52.13895,-0.467389,MK402TE
MK40 2UD,52.14217,-0.472086,MK402UD
MK40 3JG,52.13874,-0.462939,MK403JG
MK40 3JJ,52.13837,-0.462163,MK403JJ
MK40 3NR,52.13721,-0.461165,MK403NR
MK40 3NT,52.13626,-0.46431,MK403NT
MK40 3US,52.13565,-0.465339,MK403US
MK41 0AB,52.14339,-0.432761,MK410AB
MK41 0EH,52.14573,-0.418766,MK410EH
MK41 0GD,52.15521,-0.422757,MK410GD
MK41 0TN,52.15353,-0.417349,MK410TN
MK41 6EJ,52.15823,-0.487647,MK416EJ
MK41 7GD,52.16895,-0.462762,MK417GD
MK41 7PH,52.1508,-0.474729,MK417PH
MK41 7PZ,52.15011,-0.458967,MK417PZ
MK41 8FB,52.14925,-0.435859,MK418FB
MK42 0DH,52.13173,-0.465138,MK420DH
MK42 0DJ,52.12985,-0.463551,MK420DJ
MK42 0DS,52.12625,-0.456327,MK420DS
MK42 0EW,52.1225,-0.459101,MK420EW
MK42 0GQ,52.12027,-0.438918,MK420GQ
MK42 0HU,52.11384,-0.422405,MK420HU
MK42 0NS,52.12762,-0.460969,MK420NS
MK42 6EA,52.09726,-0.463839,MK426EA
MK42 7FT,52.10695,-0.507299,MK427FT
MK42 7HL,52.11068,-0.504531,MK427HL
MK42 7QB,52.10885,-0.4951,MK427QB
MK42 7SX,52.11055,-0.487055,MK427SX
MK42 8BH,52.11983,-0.492057,MK428BH
MK42 8DA,52.11953,-0.493908,MK428DA
MK42 8LP,52.12327,-0.484214,MK428LP
MK42 8QB,52.11818,-0.496553,MK428QB
MK42 8UY,52.12541,-0.496369,MK428UY
MK42 9AP,52.13238,-0.470054,MK429AP
MK42 9HS,52.12567,-0.470255,MK429HS
MK42 9NY,52.12372,-0.466596,MK429NY
MK42 9QZ,52.11608,-0.477652,MK429QZ
MK42 9TW,52.1198,-0.454213,MK429TW
MK43 0LN,52.07187,-0.543982,MK430LN
MK43 0PP,52.04718,-0.548473,MK430PP
MK43 7AU,52.20823,-0.590009,MK437AU
MK43 8TS,52.14218,-0.559755,MK438TS
MK43 9JB,52.1006,-0.526739,MK439JB
MK44 2EE,52.2139,-0.442461,MK442EE
MK44 3AL,52.20112,-0.291247,MK443AL
MK44 3AS,52.19881,-0.311909,MK443AS
MK44 3RZ,52.12579,-0.419982,MK443RZ
MK44 3WH,52.12848,-0.41736,MK443WH
MK45 1AH,52.01005,-0.510406,MK451AH
MK45 1GF,52.01381,-0.507294,MK451GF
MK45 2BX,52.02559,-0.495096,MK452BX
MK45 2NB,52.03316,-0.494594,MK452NB
MK45 3GS,52.08005,-0.481591,MK453GS
MK45 3HT,52.08649,-0.466981,MK453HT
MK45 3NT,52.08166,-0.48447,MK453NT
MK45 4HR,52.00826,-0.410864,MK454HR
MK45 4HS,52.00907,-0.408897,MK454HS
MK45 4SA,51.97096,-0.428503,MK454SA
MK45 5BF,51.99895,-0.460343,MK455BF
MK46 4AR,52.15348,-0.70052,MK464AR
MK46 4BA,52.15301,-0.701001,MK464BA
MK46 4FS,52.16232,-0.699035,MK464FS
MK5 6JG,52.02609,-0.788912,MK56JG
MK5 6LB,52.01569,-0.794016,MK56LB
MK5 7PD,52.0174,-0.779033,MK57PD
MK5 8AG,52.02428,-0.779749,MK58AG
MK5 8FR,52.02682,-0.773747,MK58FR
MK5 8FT,52.02607,-0.77247,MK58FT
MK6 2EW,52.03592,-0.750201,MK62EW
MK6 2PX,52.03367,-0.754462,MK62PX
MK6 3BW,52.02944,-0.723124,MK63BW
MK6 4JH,52.02253,-0.733988,MK64JH
MK6 5DL,52.0216,-0.748822,MK65DL
MK6 5DZ,52.02161,-0.747496,MK65DZ
MK7 6JN,52.03127,-0.699165,MK76JN
MK7 8QN,52.01345,-0.678888,MK78QN
MK7 8RF,52.01551,-0.675359,MK78RF
MK8 0AB,52.02992,-0.799682,MK80AB
MK8 0AJ,52.02742,-0.800114,MK80AJ
MK8 0ES,52.02818,-0.799073,MK80ES
MK8 0NB,52.02468,-0.809384,MK80NB
MK8 0PB,52.02112,-0.810353,MK80PB
MK8 1AP,52.02888,-0.814054,MK81AP
MK8 8DD,52.04407,-0.800105,MK88DD
MK9 1FH,52.03275,-0.770378,MK91FH
MK9 2AH,52.04158,-0.764186,MK92AH
MK9 2FR,52.03528,-0.760497,MK92FR
MK9 2UB,52.03922,-0.760971,MK92UB
MK9 3BN,52.04008,-0.761953,MK93BN
MK9 3EJ,52.04327,-0.760815,MK93EJ
MK9 3HP,52.03962,-0.763016,MK93HP
N1 0QH,51.53551,-0.10532,N10QH
N1 1BA,51.53923,-0.1165,N11BA
N1 1DW,51.54239,-0.117798,N11DW
N1 1XR,51.54433,-0.103612,N11XR
N1 4PF,51.54718,-0.08359,N14PF
N1 5SS,51.53824,-0.081932,N15SS
N1 6EN,51.52908,-0.082736,N16EN
N1 6HD,51.5273,-0.082393,N16HD
N1 6SH,51.53177,-0.079984,N16SH
N1 7BH,51.53656,-0.089977,N17BH
N1 7GU,51.53074,-0.09371,N17GU
N1 9LG,51.5313,-0.1122,N19LG
N10 1LJ,51.59842,-0.14657,N101LJ
N10 1PL,51.59311,-0.14615,N101PL
N10 2JF,51.60424,-0.1446,N102JF
N10 2JS,51.59347,-0.139913,N102JS
N10 2PP,51.60726,-0.146744,N102PP
N11 1EE,51.62411,-0.14925,N111EE
N11 1GN,51.62592,-0.152355,N111GN
N11 2JH,51.61428,-0.125225,N112JH
N12 0BP,51.61367,-0.176324,N120BP
N12 0DD,51.61288,-0.177193,N120DD
N12 0EH,51.61338,-0.176393,N120EH
N12 0ET,51.61086,-0.179296,N120ET
N12 8LY,51.61286,-0.177844,N128LY
N12 8NP,51.61175,-0.179015,N128NP
N12 8NY,51.61039,-0.181366,N128NY
N12 8QA,51.61885,-0.177228,N128QA
N12 8QJ,51.61964,-0.177024,N128QJ
N12 8SD,51.61808,-0.184121,N128SD
N12 9DA,51.61566,-0.174309,N129DA
N12 9QH,51.61554,-0.176335,N129QH
N13 4AE,51.62139,-0.107062,N134AE
N13 4BN,51.62541,-0.111561,N134BN
N13 4BS,51.62265,-0.10532,N134BS
N13 4DU,51.62599,-0.103331,N134DU
N13 4RW,51.61216,-0.115159,N134RW
N13 4TN,51.60917,-0.110358,N134TN
N13 5BS,51.61869,-0.09624,N135BS
N13 5DY,51.61881,-0.092305,N135DY
N13 5LD,51.6175,-0.106647,N135LD
N13 5PA,51.62331,-0.103948,N135PA
N13 5RY,51.62622,-0.098799,N135RY
N13 5TJ,51.6203,-0.106125,N135TJ
N13 5UE,51.61634,-0.109093,N135UE
N14 4NY,51.64225,-0.14036,N144NY
N14 4PY,51.64206,-0.141365,N144PY
N14 5AD,51.63119,-0.12931,N145AD
N14 5BU,51.63325,-0.131537,N145BU
N14 6BN,51.63126,-0.127342,N146BN
N14 6DD,51.62851,-0.130793,N146DD
N14 6LG,51.62387,-0.122821,N146LG
N14 6PW,51.63126,-0.127342,N146PW
N15 4AB,51.58765,-0.085729,N154AB
N15 4AJ,51.58596,-0.071408,N154AJ
N15 4BN,51.58854,-0.070274,N154BN
N15 4DL,51.58524,-0.068638,N154DL
N15 4QL,51.58395,-0.062414,N154QL
N15 4QZ,51.58247,-0.065017,N154QZ
N15 5BN,51.58179,-0.088631,N155BN
N15 5DG,51.58448,-0.080391,N155DG
N16 0QQ,51.56644,-0.086489,N160QQ
N16 0UL,51.56114,-0.082758,N160UL
N16 5DH,51.57375,-0.075561,N165DH
N16 5DN,51.57132,-0.07334,N165DN
N16 5RN,51.57277,-0.075242,N165RN
N16 7TU,51.55402,-0.070638,N167TU
N16 8LQ,51.55186,-0.081576,N168LQ
N17 0AB,51.5997,-0.067621,N170AB
N17 0LT,51.59934,-0.062813,N170LT
N17 0ND,51.60136,-0.06147,N170ND
N17 0SP,51.60486,-0.054173,N170SP
N17 0UR,51.60257,-0.050791,N170UR
N17 6DB,51.58977,-0.083056,N176DB
N17 6SN,51.59586,-0.069011,N176SN
N17 6UZ,51.5961,-0.071903,N176UZ
N17 7NP,51.60824,-0.094135,N177NP
N17 8AA,51.59953,-0.068306,N178AA
N17 8EA,51.60692,-0.071877,N178EA
N17 8EY,51.60723,-0.068399,N178EY
N17 8JL,51.60746,-0.079004,N178JL
N17 9FA,51.59071,-0.068493,N179FA
N17 9JD,51.59263,-0.069436,N179JD
N17 9LJ,51.59019,-0.061123,N179LJ
N17 9QU,51.59217,-0.056433,N179QU
N17 9TA,51.59607,-0.068323,N179TA
N18 1DZ,51.6108,-0.083773,N181DZ
N18 1PE,51.61522,-0.075455,N181PE
N18 2BP,51.61212,-0.061879,N182BP
N18 2EY,51.61744,-0.057723,N182EY
N18 2HA,51.61623,-0.053702,N182HA
N18 2JF,51.61379,-0.06188,N182JF
N18 2NG,51.61958,-0.047347,N182NG
N18 2QT,51.61581,-0.061867,N182QT
N18 2RS,51.60962,-0.064296,N182RS
N18 2TJ,51.61031,-0.06886,N182TJ
N18 3BA,51.619,-0.045219,N183BA
N18 3HT,51.6086,-0.036538,N183HT
N19 3JD,51.56416,-0.129581,N193JD
N19 3TD,51.56606,-0.134553,N193TD
N19 4DR,51.56782,-0.123139,N194DR
N19 4NF,51.56622,-0.122238,N194NF
N19 4RZ,51.5611,-0.126604,N194RZ
N19 5JT,51.56256,-0.138462,N195JT
N19 5SG,51.56469,-0.133931,N195SG
N1C 4AG,51.53348,-0.125043,N1C4AG
N1C 4AQ,51.53873,-0.124452,N1C4AQ
N1C 4BQ,51.53766,-0.127337,N1C4BQ
N2 9PJ,51.58771,-0.16391,N29PJ
N20 0DG,51.62575,-0.15882,N200DG
N20 9BD,51.63345,-0.176542,N209BD
N20 9BH,51.63344,-0.175545,N209BH
N20 9DZ,51.63591,-0.168596,N209DZ
N20 9HR,51.63198,-0.175878,N209HR
N21 2HN,51.63385,-0.093509,N212HN
N21 2PJ,51.62857,-0.088789,N212PJ
N21 3BH,51.62737,-0.093737,N213BH
N22 5HJ,51.603,-0.110239,N225HJ
N22 5NY,51.60069,-0.108905,N225NY
N22 6XJ,51.59464,-0.114701,N226XJ
N22 7DD,51.60147,-0.120656,N227DD
N22 7DE,51.59684,-0.113151,N227DE
N22 7TR,51.59725,-0.110853,N227TR
N22 7TY,51.59705,-0.11229,N227TY
N22 8HF,51.59815,-0.111061,N228HF
N3 1EG,51.60498,-0.197813,N31EG
N3 1EX,51.60674,-0.196285,N31EX
N3 1LQ,51.60539,-0.190577,N31LQ
N3 1NB,51.6071,-0.185728,N31NB
N3 1QB,51.60249,-0.193306,N31QB
N3 1RT,51.59985,-0.19611,N31RT
N3 1TR,51.60003,-0.196666,N31TR
N3 2BS,51.60177,-0.18932,N32BS
N3 2JU,51.59943,-0.193932,N32JU
N3 3RY,51.59608,-0.19984,N33RY
N4 2DN,51.56383,-0.104605,N42DN
N4 3FU,51.56486,-0.10739,N43FU
N4 3JH,51.56511,-0.109184,N43JH
N4 4BY,51.57217,-0.118631,N44BY
N5 2DN,51.55298,-0.091251,N52DN
N6 4AN,51.576,-0.152129,N64AN
N6 5EF,51.57379,-0.131812,N65EF
N6 5RJ,51.57942,-0.132851,N65RJ
N7 0SJ,51.55305,-0.122435,N70SJ
N7 6JD,51.55926,-0.12114,N76JD
N7 7NS,51.56042,-0.114268,N77NS
N7 7PH,51.56049,-0.112809,N77PH
N7 7PX,51.56181,-0.11095,N77PX
N7 8EG,51.55115,-0.114147,N78EG
N7 8GR,51.55131,-0.11365,N78GR
N7 8XF,51.54639,-0.115123,N78XF
N7 9DP,51.54911,-0.120866,N79DP
N8 0QG,51.59102,-0.107358,N80QG
N8 0QJ,51.59153,-0.10621,N80QJ
N8 0SD,51.5856,-0.099961,N80SD
N9 0AH,51.6279,-0.043478,N90AH
N9 0PZ,51.61973,-0.063187,N90PZ
N9 0TZ,51.62416,-0.057899,N90TZ
N9 7HB,51.63437,-0.052549,N97HB
N9 7PP,51.63699,-0.062335,N97PP
N9 7RA,51.63354,-0.054839,N97RA
N9 7RL,51.63581,-0.055392,N97RL
N9 8NZ,51.63339,-0.051998,N98NZ
N9 9TR,51.62328,-0.074218,N99TR
NE1 1EE,54.97102,-1.612535,NE11EE
NE1 2BE,54.97243,-1.592135,NE12BE
NE1 2SW,54.97465,-1.601221,NE12SW
NE1 3DY,54.97133,-1.597505,NE13DY
NE1 4AP,54.96999,-1.620855,NE14AP
NE1 4AQ,54.97078,-1.621254,NE14AQ
NE1 4PA,54.97322,-1.620809,NE14PA
NE10 0DZ,54.95937,-1.581398,NE100DZ
NE10 0JP,54.95271,-1.565088,NE100JP
NE10 8WL,54.94982,-1.535877,NE108WL
NE10 9LR,54.95163,-1.567379,NE109LR
NE11 0DG,54.9364,-1.642521,NE110DG
NE11 0ED,54.93062,-1.617214,NE110ED
NE11 0HF,54.9347,-1.613804,NE110HF
NE11 0HW,54.93213,-1.618073,NE110HW
NE11 0NJ,54.92599,-1.608691,NE110NJ
NE11 0NL,54.93517,-1.616983,NE110NL
NE11 0NQ,54.94337,-1.624367,NE110NQ
NE11 0RQ,54.94357,-1.618855,NE110RQ
NE11 0SR,54.93307,-1.618673,NE110SR
NE11 9AE,54.95517,-1.639434,NE119AE
NE11 9BD,54.95236,-1.64227,NE119BD
NE11 9DJ,54.9616,-1.666801,NE119DJ
NE11 9DR,54.9569,-1.638716,NE119DR
NE11 9EB,54.95761,-1.64466,NE119EB
NE11 9NE,54.94757,-1.633726,NE119NE
NE12 5UJ,55.04232,-1.585058,NE125UJ
NE12 6DX,55.03018,-1.578926,NE126DX
NE12 6DY,55.02852,-1.577895,NE126DY
NE12 6HT,55.03333,-1.555785,NE126HT
NE12 6RU,55.02843,-1.576472,NE126RU
NE12 6SS,55.03593,-1.565159,NE126SS
NE12 8BX,55.02102,-1.576863,NE128BX
NE12 8EG,55.01786,-1.593959,NE128EG
NE12 8YY,55.01707,-1.568131,NE128YY
NE13 9BL,55.03067,-1.650868,NE139BL
NE13 9BW,55.02896,-1.652776,NE139BW
NE15 0NY,54.98839,-1.85094,NE150NY
NE15 6PR,54.97635,-1.659228,NE156PR
NE15 7PY,54.97939,-1.67328,NE157PY
NE15 8LN,54.98131,-1.737562,NE158LN
NE15 8NL,54.98217,-1.744994,NE158NL
NE15 8NZ,54.97064,-1.710607,NE158NZ
NE15 9RY,54.99337,-1.733373,NE159RY
NE16 3BE,54.96272,-1.682972,NE163BE
NE16 3ES,54.95144,-1.675347,NE163ES
NE16 4AL,54.94513,-1.683812,NE164AL
NE16 4EF,54.94566,-1.672662,NE164EF
NE16 4ET,54.94704,-1.666859,NE164ET
NE16 4EZ,54.94659,-1.665957,NE164EZ
NE16 5PD,54.922,-1.677238,NE165PD
NE2 1BP,54.97586,-1.596225,NE21BP
NE20 9NU,55.05026,-1.742966,NE209NU
NE20 9UH,55.05233,-1.742765,NE209UH
NE21 4JR,54.96588,-1.722667,NE214JR
NE21 6AT,54.95151,-1.718409,NE216AT
NE22 5AB,55.12959,-1.5906,NE225AB
NE22 5LB,55.13288,-1.579384,NE225LB
NE22 5PX,55.13415,-1.582837,NE225PX
NE23 1LZ,55.0997,-1.599086,NE231LZ
NE23 7BF,55.06359,-1.581049,NE237BF
NE23 7RZ,55.06528,-1.583176,NE237RZ
NE23 8AD,55.08989,-1.615306,NE238AD
NE23 8JT,55.08563,-1.614469,NE238JT
NE24 1DX,55.12788,-1.51495,NE241DX
NE24 1NW,55.13163,-1.518167,NE241NW
NE24 2AS,55.12882,-1.504117,NE242AS
NE24 2BU,55.12682,-1.506212,NE242BU
NE24 3AF,55.12698,-1.500486,NE243AF
NE24 3QL,55.11119,-1.50722,NE243QL
NE26 1AP,55.04567,-1.443795,NE261AP
NE26 1PU,55.04779,-1.451951,NE261PU
NE26 2AA,55.0424,-1.442636,NE262AA
NE26 2RQ,55.0443,-1.442515,NE262RQ
NE26 3QR,55.045,-1.451723,NE263QR
NE27 0BY,55.02542,-1.511448,NE270BY
NE27 0ND,55.0227,-1.521789,NE270ND
NE27 0QQ,55.02256,-1.512906,NE270QQ
NE28 6EH,54.98885,-1.531379,NE286EH
NE28 7AT,54.99192,-1.526467,NE287AT
NE28 7RP,54.99181,-1.528,NE287RP
NE28 9NX,55.0137,-1.498157,NE289NX
NE28 9NZ,55.01568,-1.501417,NE289NZ
NE28 9RJ,55.00632,-1.52056,NE289RJ
NE29 6DE,54.99697,-1.464977,NE296DE
NE29 6QP,55.00722,-1.446156,NE296QP
NE29 6RP,55.00771,-1.448886,NE296RP
NE29 6UR,55.00373,-1.459165,NE296UR
NE29 7ST,55.00966,-1.490952,NE297ST
NE29 7TN,55.00462,-1.477617,NE297TN
NE29 8DZ,55.02116,-1.491823,NE298DZ
NE29 8NH,55.02525,-1.467353,NE298NH
NE3 1DG,55.00749,-1.603226,NE31DG
NE3 1HN,55.0085,-1.620588,NE31HN
NE3 1SZ,55.00367,-1.599997,NE31SZ
NE3 3JX,55.0078,-1.651396,NE33JX
NE3 3LZ,54.97559,-1.608929,NE33LZ
NE3 3NA,55.01279,-1.642846,NE33NA
NE3 3PF,55.0112,-1.623643,NE33PF
NE3 4BU,54.99915,-1.654441,NE34BU
NE3 4PE,54.99571,-1.629743,NE34PE
NE30 1AR,55.00875,-1.444024,NE301AR
NE30 2BF,55.01606,-1.441437,NE302BF
NE30 3RN,55.02603,-1.453687,NE303RN
NE30 4NT,55.03196,-1.431532,NE304NT
NE31 2RG,54.96764,-1.505275,NE312RG
NE32 3DT,54.98501,-1.502014,NE323DT
NE32 4PR,54.9528,-1.483629,NE324PR
NE32 5AB,54.9687,-1.494156,NE325AB
NE32 5BR,54.97173,-1.492446,NE325BR
NE33 1LN,55.00188,-1.435818,NE331LN
NE33 1SA,54.98929,-1.440777,NE331SA
NE33 2QU,54.99654,-1.426593,NE332QU
NE33 2RL,54.99498,-1.429116,NE332RL
NE33 5RD,54.99122,-1.436718,NE335RD
NE34 0AB,54.97901,-1.44506,NE340AB
NE34 0NN,54.97277,-1.436804,NE340NN
NE34 0TE,54.96895,-1.44423,NE340TE
NE34 9FB,54.96892,-1.45365,NE349FB
NE34 9TQ,54.96242,-1.439823,NE349TQ
NE35 9PE,54.9437,-1.470805,NE359PE
NE35 9PF,54.94307,-1.471172,NE359PF
NE36 0RY,54.94643,-1.440233,NE360RY
NE37 2AG,54.90953,-1.521756,NE372AG
NE37 3EU,54.91289,-1.516678,NE373EU
NE38 7NZ,54.89487,-1.510501,NE387NZ
NE38 8FA,54.89565,-1.500529,NE388FA
NE38 9ET,54.87967,-1.550725,NE389ET
NE39 2DB,54.92189,-1.771178,NE392DB
NE4 6UT,54.97348,-1.64374,NE46UT
NE4 7YA,54.96268,-1.647801,NE47YA
NE4 7YL,54.96121,-1.644612,NE47YL
NE4 8AW,54.96606,-1.654222,NE48AW
NE4 9LU,54.97754,-1.660999,NE49LU
NE4 9PQ,54.97453,-1.649417,NE49PQ
NE4 9YH,54.98269,-1.657159,NE49YH
NE4 9YL,54.98284,-1.656455,NE49YL
NE42 5PU,54.96136,-1.852241,NE425PU
NE42 6JT,54.95712,-1.867841,NE426JT
NE43 7BG,54.95331,-1.88506,NE437BG
NE45 5SB,54.96627,-2.020362,NE455SB
NE46 1HN,54.97024,-2.088501,NE461HN
NE46 1XD,54.9711,-2.099719,NE461XD
NE46 2DE,54.96872,-2.110772,NE462DE
NE46 2EE,54.96933,-2.105619,NE462EE
NE46 3PU,54.97533,-2.102994,NE463PU
NE46 4DQ,54.97904,-2.08788,NE464DQ
NE47 9PX,54.90132,-2.2492,NE479PX
NE5 1NB,55.00312,-1.695539,NE51NB
NE5 2FN,54.98991,-1.697514,NE52FN
NE5 3BQ,54.99382,-1.65791,NE53BQ
NE5 3TD,54.9971,-1.672747,NE53TD
NE6 1AB,54.97094,-1.581106,NE61AB
NE6 1TW,54.96638,-1.573766,NE61TW
NE6 2HL,54.97015,-1.581302,NE62HL
NE6 3BT,54.97571,-1.548311,NE63BT
NE6 5LQ,54.98828,-1.57741,NE65LQ
NE6 5XB,54.99425,-1.563,NE65XB
NE61 2DB,55.1542,-1.68841,NE612DB
NE61 2EF,55.15361,-1.684523,NE612EF
NE61 2GJ,55.17509,-1.685499,NE612GJ
NE61 5LF,55.23132,-1.533771,NE615LF
NE63 0ET,55.17754,-1.564562,NE630ET
NE63 8QZ,55.18492,-1.582291,NE638QZ
NE63 8UG,55.17204,-1.568735,NE638UG
NE63 9JZ,55.1872,-1.566404,NE639JZ
NE63 9UN,55.18391,-1.569455,NE639UN
NE64 6JG,55.18968,-1.518723,NE646JG
NE65 0DT,55.33334,-1.581757,NE650DT
NE66 2ER,55.39753,-1.687244,NE662ER
NE66 2GD,55.39769,-1.692058,NE662GD
NE70 7QB,55.59787,-1.832171,NE707QB
NE8 1AN,54.96395,-1.605746,NE81AN
NE8 1HH,54.95941,-1.603557,NE81HH
NE8 1PQ,54.96298,-1.607099,NE81PQ
NE8 3AH,54.96609,-1.587639,NE83AH
NE8 3HU,54.95891,-1.598018,NE83HU
NE8 4AF,54.94563,-1.618757,NE84AF
NE9 6RR,54.93449,-1.578862,NE96RR
NE9 7AN,54.92944,-1.561094,NE97AN
NE9 7TG,54.91763,-1.58885,NE97TG
NG1 1HN,52.95067,-1.14424,NG11HN
NG1 1JU,52.95257,-1.141746,NG11JU
NG1 1LP,52.95292,-1.143168,NG11LP
NG1 3LY,52.95683,-1.144714,NG13LY
NG1 4EE,52.95958,-1.150882,NG14EE
NG1 5AQ,52.95404,-1.157957,NG15AQ
NG1 5HQ,52.95665,-1.156715,NG15HQ
NG1 6BJ,52.95092,-1.152168,NG16BJ
NG1 7AQ,52.95129,-1.149675,NG17AQ
NG1 7AS,52.95155,-1.149849,NG17AS
NG10 1HH,52.89814,-1.270338,NG101HH
NG10 1LU,52.89988,-1.272866,NG101LU
NG10 1NL,52.90139,-1.273361,NG101NL
NG10 2DF,52.89659,-1.264656,NG102DF
NG10 4BD,52.90513,-1.288925,NG104BD
NG10 4DD,52.90429,-1.295629,NG104DD
NG10 4JE,52.91169,-1.284372,NG104JE
NG10 4LS,52.90187,-1.281441,NG104LS
NG10 5HE,52.91993,-1.302233,NG105HE
NG10 5JG,52.92378,-1.291074,NG105JG
NG11 6DX,52.89131,-1.148544,NG116DX
NG11 6LA,52.8929,-1.147145,NG116LA
NG11 6NH,52.88704,-1.144362,NG116NH
NG11 8BF,52.89845,-1.193463,NG118BF
NG11 8EX,52.91053,-1.172197,NG118EX
NG11 8PY,52.90184,-1.166119,NG118PY
NG11 8QS,52.90025,-1.196373,NG118QS
NG11 9EB,52.89392,-1.181908,NG119EB
NG11 9JA,52.90007,-1.189225,NG119JA
NG11 9LX,52.90208,-1.181115,NG119LX
NG12 1AF,52.94976,-1.035592,NG121AF
NG12 2HY,52.94926,-1.01621,NG122HY
NG12 2LG,52.92985,-1.082182,NG122LG
NG12 2NL,52.94464,-1.006388,NG122NL
NG12 3BE,52.90768,-0.990446,NG123BE
NG12 3JG,52.91009,-1.039045,NG123JG
NG12 4BD,52.91486,-1.111856,NG124BD
NG12 4DG,52.90361,-1.12612,NG124DG
NG12 4JD,52.90652,-1.126969,NG124JD
NG12 5JY,52.87294,-1.096546,NG125JY
NG13 8FB,52.95219,-0.956604,NG138FB
NG13 8JB,52.98882,-0.928326,NG138JB
NG13 8NH,52.97965,-0.965073,NG138NH
NG13 8SQ,52.95164,-0.974494,NG138SQ
NG14 5GF,52.99119,-1.030751,NG145GF
NG14 5JX,52.96827,-1.060582,NG145JX
NG14 6FN,53.03732,-1.084034,NG146FN
NG14 7BS,53.01904,-1.014877,NG147BS
NG15 0BS,53.07105,-1.224079,NG150BS
NG15 0DT,53.07083,-1.256262,NG150DT
NG15 0ED,53.06906,-1.257233,NG150ED
NG15 0HT,53.07053,-1.254775,NG150HT
NG15 6NT,53.03257,-1.228573,NG156NT
NG15 6UW,53.0354,-1.217084,NG156UW
NG15 6UY,53.04171,-1.212927,NG156UY
NG15 6XD,53.01972,-1.224732,NG156XD
NG15 7DR,53.04052,-1.209041,NG157DR
NG15 7NH,53.03427,-1.207172,NG157NH
NG15 7PF,53.03102,-1.191649,NG157PF
NG15 7SW,53.02574,-1.193656,NG157SW
NG15 7TN,53.04053,-1.196408,NG157TN
NG15 8JL,53.04962,-1.214335,NG158JL
NG16 2JW,53.00088,-1.259105,NG162JW
NG16 3AQ,53.01865,-1.308068,NG163AQ
NG16 3LD,53.01586,-1.302418,NG163LD
NG17 1ES,53.12286,-1.267335,NG171ES
NG17 1ET,53.11908,-1.269371,NG171ET
NG17 1JS,53.11156,-1.287739,NG171JS
NG17 2AX,53.12735,-1.266646,NG172AX
NG17 2DB,53.12773,-1.27045,NG172DB
NG17 2DR,53.13497,-1.266979,NG172DR
NG17 3FW,53.1375,-1.278372,NG173FW
NG17 3JU,53.14527,-1.271783,NG173JU
NG17 4FS,53.12821,-1.256453,NG174FS
NG17 4FU,53.13025,-1.254669,NG174FU
NG17 5GA,53.12146,-1.251833,NG175GA
NG17 5LG,53.11403,-1.247569,NG175LG
NG17 7AQ,53.09938,-1.246764,NG177AQ
NG17 8LU,53.09473,-1.276339,NG178LU
NG17 8RL,53.09182,-1.248972,NG178RL
NG18 1AE,53.14386,-1.194647,NG181AE
NG18 1AH,53.14088,-1.192744,NG181AH
NG18 1JG,53.14344,-1.196314,NG181JG
NG18 2AE,53.14807,-1.19569,NG182AE
NG18 2AF,53.14983,-1.193922,NG182AF
NG18 2AH,53.14892,-1.193865,NG182AH
NG18 2RE,53.13889,-1.192184,NG182RE
NG18 2TB,53.1398,-1.192884,NG182TB
NG18 3GZ,53.13457,-1.161159,NG183GZ
NG18 4BW,53.12952,-1.189848,NG184BW
NG18 5BR,53.13144,-1.210677,NG185BR
NG18 5ET,53.1387,-1.213235,NG185ET
NG19 0HX,53.15128,-1.152355,NG190HX
NG19 0JB,53.15977,-1.136963,NG190JB
NG19 6FD,53.15363,-1.209583,NG196FD
NG19 6QG,53.14005,-1.224063,NG196QG
NG19 7AD,53.14927,-1.200362,NG197AD
NG19 7DW,53.16193,-1.220483,NG197DW
NG19 7EL,53.15506,-1.211725,NG197EL
NG19 7FE,53.16171,-1.201956,NG197FE
NG19 7JY,53.16088,-1.222551,NG197JY
NG19 7JZ,53.16082,-1.220145,NG197JZ
NG19 7LA,53.15939,-1.225181,NG197LA
NG19 7TJ,53.16754,-1.238557,NG197TJ
NG19 8AB,53.16398,-1.197143,NG198AB
NG19 8BA,53.16594,-1.192409,NG198BA
NG19 8ER,53.1659,-1.194519,NG198ER
NG19 9QH,53.16283,-1.200679,NG199QH
NG2 1AG,52.94778,-1.152155,NG21AG
NG2 3NG,52.94817,-1.144602,NG23NG
NG2 5BN,52.93846,-1.118902,NG25BN
NG2 5FT,52.93925,-1.130388,NG25FT
NG2 5LN,52.92994,-1.125635,NG25LN
NG2 6AB,52.93516,-1.131764,NG26AB
NG2 6BJ,52.93779,-1.13131,NG26BJ
NG2 6DD,52.92625,-1.124103,NG26DD
NG2 6GP,52.92258,-1.112828,NG26GP
NG2 6UG,52.92132,-1.110712,NG26UG
NG2 7AG,52.92639,-1.133888,NG27AG
NG2 7JX,52.93093,-1.13716,NG27JX
NG2 7PL,52.93539,-1.133396,NG27PL
NG2 7TA,52.93224,-1.138994,NG27TA
NG20 8RX,53.19679,-1.210182,NG208RX
NG20 8XR,53.2103,-1.186575,NG208XR
NG21 0HJ,53.13018,-1.143429,NG210HJ
NG21 0RS,53.10289,-1.117504,NG210RS
NG21 9FA,53.16889,-1.120594,NG219FA
NG22 0HT,53.23135,-0.890882,NG220HT
NG22 0RS,53.26711,-0.891382,NG220RS
NG22 8LS,53.11822,-1.022892,NG228LS
NG22 8QP,53.13869,-1.03509,NG228QP
NG22 9FE,53.20093,-1.008078,NG229FE
NG22 9FF,53.2005,-1.009032,NG229FF
NG22 9PL,53.20401,-1.008502,NG229PL
NG22 9QD,53.20736,-0.992897,NG229QD
NG23 5DJ,52.99667,-0.758761,NG235DJ
NG23 5JR,53.00382,-0.761805,NG235JR
NG23 6LQ,53.17795,-0.84957,NG236LQ
NG23 6QJ,53.18464,-0.81569,NG236QJ
NG24 1BS,53.07991,-0.815817,NG241BS
NG24 1EZ,53.07907,-0.809018,NG241EZ
NG24 1HD,53.08066,-0.807675,NG241HD
NG24 1JR,53.07686,-0.806571,NG241JR
NG24 1UB,53.07531,-0.808629,NG241UB
NG24 2AB,53.08815,-0.798032,NG242AB
NG24 2GU,53.07279,-0.771323,NG242GU
NG24 2TN,53.07737,-0.792047,NG242TN
NG24 2TQ,53.08971,-0.785684,NG242TQ
NG24 2TT,53.07958,-0.793941,NG242TT
NG24 4FH,53.06196,-0.802909,NG244FH
NG25 0LW,53.07229,-0.959376,NG250LW
NG3 1LJ,52.9586,-1.137727,NG31LJ
NG3 2DG,52.95456,-1.136378,NG32DG
NG3 2EG,52.95685,-1.132849,NG32EG
NG3 2ET,52.95614,-1.133593,NG32ET
NG3 2FL,52.95905,-1.129813,NG32FL
NG3 2GQ,52.95972,-1.134459,NG32GQ
NG3 3DJ,52.96803,-1.125032,NG33DJ
NG3 3PB,52.96509,-1.133459,NG33PB
NG3 4NB,52.96768,-1.141879,NG34NB
NG3 5QR,52.98376,-1.121973,NG35QR
NG3 6AA,52.97929,-1.126428,NG36AA
NG3 6BJ,52.98142,-1.120129,NG36BJ
NG3 6DS,52.98353,-1.108721,NG36DS
NG31 6DY,52.91057,-0.643626,NG316DY
NG31 6HQ,52.90866,-0.637217,NG316HQ
NG31 6LH,52.91227,-0.643023,NG316LH
NG31 6LJ,52.91341,-0.643954,NG316LJ
NG31 6LQ,52.91282,-0.644255,NG316LQ
NG31 6PH,52.91177,-0.64176,NG316PH
NG31 7EU,52.91094,-0.654575,NG317EU
NG31 7FZ,52.89957,-0.645872,NG317FZ
NG31 7XT,52.90136,-0.662707,NG317XT
NG31 8NS,52.93744,-0.664065,NG318NS
NG31 8RY,52.91617,-0.66884,NG318RY
NG31 9PF,52.92611,-0.621258,NG319PF
NG32 3DP,53.02548,-0.60254,NG323DP
NG34 0QA,52.89423,-0.341443,NG340QA
NG34 7BX,53.00063,-0.410495,NG347BX
NG34 7DT,52.99961,-0.406167,NG347DT
NG34 7SR,52.99921,-0.409325,NG347SR
NG34 8XT,52.98304,-0.44707,NG348XT
NG34 8YJ,53.01215,-0.416035,NG348YJ
NG34 9RA,52.98027,-0.297992,NG349RA
NG4 1QJ,52.968,-1.109412,NG41QJ
NG4 2HH,52.96272,-1.074623,NG42HH
NG4 2JR,52.95628,-1.081384,NG42JR
NG4 2LE,52.96452,-1.07786,NG42LE
NG4 3AA,52.9664,-1.080634,NG43AA
NG4 3AR,52.96626,-1.08226,NG43AR
NG4 3GP,52.97038,-1.076708,NG43GP
NG4 4FL,52.9785,-1.097133,NG44FL
NG5 1AD,52.97473,-1.155425,NG51AD
NG5 1AE,52.97224,-1.15464,NG51AE
NG5 1AH,52.96906,-1.155595,NG51AH
NG5 1AP,52.97062,-1.155773,NG51AP
NG5 1EG,52.97959,-1.167051,NG51EG
NG5 1FD,52.97869,-1.157939,NG51FD
NG5 1PB,52.99037,-1.158337,NG51PB
NG5 2EY,52.97898,-1.149608,NG52EY
NG5 2GA,52.98266,-1.144963,NG52GA
NG5 4BX,52.9802,-1.144952,NG54BX
NG5 4DX,52.98269,-1.136771,NG54DX
NG5 5DL,53.01255,-1.174063,NG55DL
NG5 5DY,53.01169,-1.169355,NG55DY
NG5 5UX,52.99405,-1.168233,NG55UX
NG5 6AT,52.99751,-1.141362,NG56AT
NG5 6BG,52.99831,-1.139543,NG56BG
NG5 6DA,52.99852,-1.137393,NG56DA
NG5 6GP,53.0034,-1.136581,NG56GP
NG5 6LD,53.00114,-1.133705,NG56LD
NG5 7DJ,53.00385,-1.129404,NG57DJ
NG5 7DR,53.00512,-1.129304,NG57DR
NG5 7EF,53.00407,-1.11493,NG57EF
NG5 7ER,53.00216,-1.122375,NG57ER
NG5 7JP,53.00267,-1.114094,NG57JP
NG5 8QX,53.00767,-1.109938,NG58QX
NG5 9AB,53.00389,-1.175391,NG59AB
NG6 0DT,52.9889,-1.180115,NG60DT
NG6 0DW,52.99305,-1.179515,NG60DW
NG6 0DZ,52.98806,-1.177986,NG60DZ
NG6 0EZ,52.98665,-1.180724,NG60EZ
NG6 0JU,52.98476,-1.183262,NG60JU
NG6 0LS,52.98146,-1.189476,NG60LS
NG6 8AF,53.01351,-1.189233,NG68AF
NG6 8AJ,53.01166,-1.189775,NG68AJ
NG6 8FE,53.00153,-1.196939,NG68FE
NG6 8RE,52.99355,-1.197668,NG68RE
NG6 8SJ,52.98719,-1.196162,NG68SJ
NG6 8YH,52.98686,-1.197583,NG68YH
NG6 8YR,53.00922,-1.193547,NG68YR
NG6 9GN,52.99654,-1.187406,NG69GN
NG7 1LR,52.95555,-1.163584,NG71LR
NG7 2UL,52.92993,-1.173509,NG72UL
NG7 3EN,52.95769,-1.180497,NG73EN
NG7 3GY,52.9572,-1.169432,NG73GY
NG7 4HE,52.95967,-1.159872,NG74HE
NG7 5JE,52.96437,-1.175071,NG75JE
NG7 5NR,52.96842,-1.178835,NG75NR
NG7 5PN,52.96125,-1.174982,NG75PN
NG7 5QG,52.96284,-1.176842,NG75QG
NG7 6JE,52.97224,-1.159747,NG76JE
NG7 6JF,52.9717,-1.15873,NG76JF
NG7 6LB,52.96825,-1.157651,NG76LB
NG7 6LH,52.96825,-1.160406,NG76LH
NG7 6PD,52.968,-1.162048,NG76PD
NG7 7BA,52.97667,-1.165797,NG77BA
NG7 7ER,52.97845,-1.172286,NG77ER
NG7 7FF,52.98043,-1.17332,NG77FF
NG7 7FN,52.97321,-1.174069,NG77FN
NG7 7GR,52.97399,-1.171552,NG77GR
NG7 7HP,52.97305,-1.170409,NG77HP
NG7 7NQ,52.97218,-1.174803,NG77NQ
NG8 1BG,52.94806,-1.190085,NG81BG
NG8 1GL,52.95533,-1.209524,NG81GL
NG8 1PA,52.95733,-1.192488,NG81PA
NG8 2GA,52.95029,-1.22822,NG82GA
NG8 2GP,52.95028,-1.232641,NG82GP
NG8 2PB,52.94188,-1.221212,NG82PB
NG8 3BP,52.96104,-1.213619,NG83BP
NG8 3GD,52.96392,-1.207715,NG83GD
NG8 3QH,52.96482,-1.196532,NG83QH
NG8 5AB,52.97123,-1.184143,NG85AB
NG8 5DG,52.9804,-1.194962,NG85DG
NG8 5FB,52.97751,-1.184725,NG85FB
NG8 5GG,52.96826,-1.185464,NG85GG
NG8 5LB,52.97868,-1.197958,NG85LB
NG8 6AT,52.98733,-1.204338,NG86AT
NG8 6EW,52.98421,-1.205214,NG86EW
NG8 6JE,52.97722,-1.215709,NG86JE
NG8 6PE,52.9748,-1.248158,NG86PE
NG8 6PU,52.97401,-1.22984,NG86PU
NG8 6PY,52.98148,-1.238122,NG86PY
NG9 2NG,52.92839,-1.217303,NG92NG
NG9 2NH,52.92771,-1.217584,NG92NH
NG9 2NR,52.92772,-1.216066,NG92NR
NG9 2NX,52.92837,-1.216337,NG92NX
NG9 3EE,52.93995,-1.235442,NG93EE
NG9 5DD,52.91763,-1.232622,NG95DD
NG9 7HD,52.92921,-1.272584,NG97HD
NG9 8JP,52.94402,-1.267976,NG98JP
NN1 1EZ,52.23781,-0.891914,NN11EZ
NN1 1RS,52.23695,-0.899477,NN11RS
NN1 1SY,52.23647,-0.906006,NN11SY
NN1 2AJ,52.23783,-0.894564,NN12AJ
NN1 2JL,52.24141,-0.902911,NN12JL
NN1 2PT,52.24357,-0.901349,NN12PT
NN1 4AZ,52.24341,-0.88448,NN14AZ
NN1 4BN,52.2463,-0.882328,NN14BN
NN1 4DN,52.24024,-0.886551,NN14DN
NN1 4EP,52.24303,-0.873051,NN14EP
NN1 4EU,52.24486,-0.871452,NN14EU
NN1 4EX,52.24506,-0.870597,NN14EX
NN1 4HU,52.24245,-0.879568,NN14HU
NN1 4JB,52.24388,-0.881891,NN14JB
NN1 4RW,52.25172,-0.871746,NN14RW
NN1 5AA,52.23761,-0.888609,NN15AA
NN1 5AN,52.23789,-0.886713,NN15AN
NN1 5BE,52.2372,-0.882366,NN15BE
NN1 5QG,52.2388,-0.888521,NN15QG
NN1 5QJ,52.23861,-0.888013,NN15QJ
NN10 0AA,52.29179,-0.597433,NN100AA
NN10 0RT,52.29213,-0.598933,NN100RT
NN10 0YJ,52.28149,-0.583201,NN100YJ
NN10 6BY,52.29589,-0.595295,NN106BY
NN10 8EU,52.31217,-0.599136,NN108EU
NN10 8LP,52.30576,-0.599602,NN108LP
NN10 8LY,52.31381,-0.595769,NN108LY
NN10 8PJ,52.31524,-0.599421,NN108PJ
NN10 9AF,52.2921,-0.60062,NN109AF
NN10 9NZ,52.28733,-0.609817,NN109NZ
NN10 9QA,52.2897,-0.605006,NN109QA
NN10 9UJ,52.29342,-0.603599,NN109UJ
NN11 2PS,52.27434,-1.155154,NN112PS
NN11 4AA,52.25709,-1.163598,NN114AA
NN11 4HE,52.25133,-1.154273,NN114HE
NN11 4NU,52.2618,-1.146323,NN114NU
NN11 6UA,52.1636,-1.252515,NN116UA
NN11 8PB,52.27117,-1.175615,NN118PB
NN11 8PQ,52.26808,-1.185608,NN118PQ
NN11 9BY,52.25986,-1.168733,NN119BY
NN12 8LR,52.1755,-1.031715,NN128LR
NN12 8RE,52.14605,-1.088399,NN128RE
NN12 8XS,52.09222,-0.993435,NN128XS
NN13 6GN,52.04682,-1.149358,NN136GN
NN13 6JD,52.0335,-1.161404,NN136JD
NN13 7AB,52.02672,-1.149083,NN137AB
NN13 7XY,52.02367,-1.147932,NN137XY
NN14 1FG,52.37495,-0.810908,NN141FG
NN14 1UE,52.42574,-0.727198,NN141UE
NN14 2FH,52.44517,-0.825395,NN142FH
NN14 2GA,52.44557,-0.813658,NN142GA
NN14 2RL,52.44254,-0.819874,NN142RL
NN14 4FA,52.35343,-0.591944,NN144FA
NN14 4GN,52.39296,-0.529286,NN144GN
NN14 4NF,52.39616,-0.532236,NN144NF
NN14 6BQ,52.42253,-0.802997,NN146BQ
NN14 6FF,52.4225,-0.80238,NN146FF
NN15 5FS,52.38702,-0.683449,NN155FS
NN15 5JP,52.366,-0.692387,NN155JP
NN15 5UZ,52.36279,-0.680645,NN155UZ
NN15 6BT,52.38858,-0.728957,NN156BT
NN15 6EY,52.37355,-0.713788,NN156EY
NN15 6FD,52.37552,-0.711674,NN156FD
NN15 6UJ,52.37551,-0.698468,NN156UJ
NN15 6XR,52.37519,-0.712594,NN156XR
NN15 7ER,52.39493,-0.72757,NN157ER
NN15 7EU,52.39174,-0.7275,NN157EU
NN15 7HL,52.39322,-0.729176,NN157HL
NN15 7QW,52.39542,-0.725145,NN157QW
NN15 7RJ,52.39306,-0.719819,NN157RJ
NN16 0BU,52.40008,-0.7226,NN160BU
NN16 0BY,52.39939,-0.724134,NN160BY
NN16 0SX,52.40049,-0.720604,NN160SX
NN16 0UE,52.40231,-0.712203,NN160UE
NN16 8BH,52.40115,-0.730169,NN168BH
NN16 8EQ,52.40297,-0.731836,NN168EQ
NN16 8JX,52.40443,-0.727252,NN168JX
NN16 8NE,52.40643,-0.717889,NN168NE
NN16 8NQ,52.40295,-0.71896,NN168NQ
NN16 8QA,52.40367,-0.725363,NN168QA
NN16 8RS,52.40332,-0.720905,NN168RS
NN16 9EH,52.40558,-0.733305,NN169EH
NN16 9LX,52.41039,-0.718672,NN169LX
NN16 9NR,52.4121,-0.708477,NN169NR
NN17 1AY,52.49106,-0.683307,NN171AY
NN17 1NN,52.49176,-0.649452,NN171NN
NN17 1QB,52.48735,-0.703256,NN171QB
NN17 1SY,52.49144,-0.701221,NN171SY
NN17 1UE,52.48854,-0.686534,NN171UE
NN17 2BT,52.49829,-0.707855,NN172BT
NN17 2YH,52.50015,-0.7045,NN172YH
NN17 3DE,52.53836,-0.675862,NN173DE
NN17 3HN,52.49796,-0.641057,NN173HN
NN17 5AP,52.50195,-0.640301,NN175AP
NN17 5EU,52.5059,-0.641741,NN175EU
NN17 5JG,52.50248,-0.647474,NN175JG
NN17 5XG,52.49131,-0.677202,NN175XG
NN17 5ZB,52.49466,-0.673728,NN175ZB
NN18 0QT,52.48192,-0.7115,NN180QT
NN18 8AN,52.48576,-0.684349,NN188AN
NN18 8FD,52.47835,-0.700723,NN188FD
NN18 8FR,52.46039,-0.73194,NN188FR
NN18 8GT,52.47295,-0.670611,NN188GT
NN18 8NJ,52.46872,-0.715581,NN188NJ
NN18 8PL,52.47098,-0.701176,NN188PL
NN18 8PY,52.47138,-0.699294,NN188PY
NN18 8QQ,52.46615,-0.706823,NN188QQ
NN18 8QU,52.4654,-0.706448,NN188QU
NN18 8QX,52.46394,-0.70518,NN188QX
NN18 8RN,52.46681,-0.708968,NN188RN
NN18 8TB,52.46925,-0.700343,NN188TB
NN18 8TR,52.47612,-0.694634,NN188TR
NN18 9EJ,52.47096,-0.733977,NN189EJ
NN18 9NT,52.47866,-0.7103,NN189NT
NN2 6EZ,52.2509,-0.89878,NN26EZ
NN2 6JL,52.25269,-0.8881,NN26JL
NN2 6LA,52.25416,-0.898333,NN26LA
NN2 6LJ,52.25263,-0.901521,NN26LJ
NN2 7FN,52.27174,-0.88566,NN27FN
NN2 7LS,52.25669,-0.88047,NN27LS
NN2 8AG,52.26471,-0.901985,NN28AG
NN2 8DW,52.26919,-0.900042,NN28DW
NN2 8FW,52.26926,-0.903352,NN28FW
NN2 8LT,52.27271,-0.903003,NN28LT
NN2 8NF,52.2724,-0.902967,NN28NF
NN2 8TB,52.27608,-0.916082,NN28TB
NN29 7LX,52.22751,-0.672944,NN297LX
NN29 7PA,52.24623,-0.680692,NN297PA
NN29 7TD,52.26411,-0.718054,NN297TD
NN3 2JS,52.2564,-0.866353,NN32JS
NN3 2QE,52.25746,-0.858239,NN32QE
NN3 3EP,52.2556,-0.846332,NN33EP
NN3 5DE,52.2756,-0.831624,NN35DE
NN3 5HG,52.25852,-0.808704,NN35HG
NN3 5HH,52.25925,-0.808596,NN35HH
NN3 5HW,52.25507,-0.804152,NN35HW
NN3 6AP,52.27782,-0.880641,NN36AP
NN3 6AQ,52.27739,-0.867211,NN36AQ
NN3 6BJ,52.27674,-0.873134,NN36BJ
NN3 6BW,52.27694,-0.880766,NN36BW
NN3 6JA,52.27425,-0.873974,NN36JA
NN3 6JR,52.2685,-0.850335,NN36JR
NN3 6LG,52.27703,-0.877979,NN36LG
NN3 6PN,52.26705,-0.856527,NN36PN
NN3 6RT,52.27652,-0.863568,NN36RT
NN3 6WL,52.27851,-0.8797,NN36WL
NN3 7DT,52.28579,-0.839361,NN37DT
NN3 8AP,52.26995,-0.83998,NN38AP
NN3 8PP,52.27332,-0.83293,NN38PP
NN4 0QA,52.21377,-0.904836,NN40QA
NN4 0RZ,52.21507,-0.915489,NN40RZ
NN4 5AL,52.18999,-0.880506,NN45AL
NN4 5DE,52.18368,-0.879933,NN45DE
NN4 5EB,52.19392,-0.883143,NN45EB
NN4 6DX,52.20686,-0.875576,NN46DX
NN4 6FF,52.20335,-0.875386,NN46FF
NN4 7AA,52.22861,-0.864133,NN47AA
NN4 7PA,52.21735,-0.877755,NN47PA
NN4 8AA,52.22794,-0.893126,NN48AA
NN4 8HE,52.22597,-0.908708,NN48HE
NN4 8PH,52.21954,-0.909774,NN48PH
NN4 8TF,52.22892,-0.922912,NN48TF
NN4 9FA,52.22246,-0.956124,NN49FA
NN4 9XA,52.2155,-0.935693,NN49XA
NN4 9YS,52.21547,-0.927848,NN49YS
NN5 4BN,52.24231,-0.95992,NN54BN
NN5 4FQ,52.23512,-0.94524,NN54FQ
NN5 4GG,52.23621,-0.944218,NN54GG
NN5 4GP,52.24491,-0.963125,NN54GP
NN5 4RB,52.24136,-0.956603,NN54RB
NN5 4WL,52.23706,-0.946248,NN54WL
NN5 4WN,52.23735,-0.945084,NN54WN
NN5 5AA,52.2392,-0.923864,NN55AA
NN5 5AX,52.23807,-0.92395,NN55AX
NN5 6JB,52.24295,-0.941422,NN56JB
NN5 6SU,52.24587,-0.946274,NN56SU
NN5 6YG,52.2527,-0.96101,NN56YG
NN5 7BF,52.24437,-0.914482,NN57BF
NN5 7HF,52.25175,-0.920206,NN57HF
NN5 7QA,52.25327,-0.915935,NN57QA
NN5 7QP,52.25245,-0.911751,NN57QP
NN5 7QS,52.25217,-0.917647,NN57QS
NN6 0HE,52.26892,-0.756839,NN60HE
NN6 0RP,52.29449,-0.829954,NN60RP
NN6 0RT,52.29509,-0.832974,NN60RT
NN6 9QB,52.34138,-0.823683,NN69QB
NN6 9WN,52.32105,-0.900018,NN69WN
NN7 1EL,52.20642,-0.734979,NN71EL
NN7 1JW,52.23733,-0.712807,NN71JW
NN7 2EY,52.14721,-0.862141,NN72EY
NN7 4BB,52.22918,-0.982775,NN74BB
NN8 1FG,52.3041,-0.662662,NN81FG
NN8 1GG,52.30752,-0.668661,NN81GG
NN8 1HF,52.30159,-0.689092,NN81HF
NN8 1LQ,52.29753,-0.681088,NN81LQ
NN8 1LU,52.30118,-0.68708,NN81LU
NN8 1PS,52.30679,-0.681121,NN81PS
NN8 1TB,52.30492,-0.665146,NN81TB
NN8 1TL,52.30407,-0.66702,NN81TL
NN8 2JX,52.29435,-0.701638,NN82JX
NN8 2QA,52.28805,-0.695019,NN82QA
NN8 2QH,52.29217,-0.690661,NN82QH
NN8 3AD,52.29512,-0.727247,NN83AD
NN8 3JH,52.3021,-0.71307,NN83JH
NN8 3QE,52.30491,-0.718489,NN83QE
NN8 4AS,52.3101,-0.683707,NN84AS
NN8 4BS,52.31923,-0.695614,NN84BS
NN8 4JJ,52.30144,-0.696165,NN84JJ
NN8 4JT,52.30384,-0.695361,NN84JT
NN8 4JZ,52.30327,-0.697387,NN84JZ
NN8 4NL,52.32148,-0.685541,NN84NL
NN8 4PF,52.3031,-0.692714,NN84PF
NN8 4PG,52.30369,-0.69211,NN84PG
NN8 4PL,52.30562,-0.691965,NN84PL
NN8 4RN,52.32233,-0.690666,NN84RN
NN8 4TS,52.31283,-0.688965,NN84TS
NN8 4UE,52.31582,-0.693865,NN84UE
NN8 5AY,52.30927,-0.698839,NN85AY
NN8 5PB,52.3141,-0.71793,NN85PB
NN8 6AX,52.2988,-0.734372,NN86AX
NN8 6DE,52.32308,-0.718023,NN86DE
NN8 6GR,52.30194,-0.734047,NN86GR
NN9 5PU,52.32418,-0.616409,NN95PU
NN9 5QF,52.32651,-0.598669,NN95QF
NN9 6GP,52.34092,-0.541156,NN96GP
NN9 6GR,52.35248,-0.549335,NN96GR
NP16 7HH,51.61345,-2.648438,NP167HH
NR1 1BY,52.62835,1.30133,NR11BY
NR1 1DL,52.6237,1.315582,NR11DL
NR1 1LG,52.62968,1.300706,NR11LG
NR1 1RB,52.62634,1.29877,NR11RB
NR1 1SR,52.63066,1.308452,NR11SR
NR1 2DG,52.61526,1.303596,NR12DG
NR1 2HB,52.61428,1.302429,NR12HB
NR1 2SQ,52.6152,1.307669,NR12SQ
NR1 3AE,52.62082,1.300202,NR13AE
NR1 3EW,52.62432,1.29779,NR13EW
NR1 3PN,52.62174,1.296133,NR13PN
NR10 3JU,52.68928,1.275023,NR103JU
NR10 4FE,52.77359,1.16693,NR104FE
NR10 4FS,52.76867,1.110497,NR104FS
NR10 4RA,52.75591,1.111499,NR104RA
NR11 6BA,52.79269,1.256797,NR116BA
NR11 6ET,52.79505,1.249763,NR116ET
NR11 6GA,52.79519,1.238171,NR116GA
NR11 6GF,52.79025,1.23546,NR116GF
NR11 6LZ,52.79404,1.239095,NR116LZ
NR11 6YA,52.79307,1.237331,NR116YA
NR12 0PF,52.8343,1.494536,NR120PF
NR12 8DA,52.71206,1.408913,NR128DA
NR12 9JJ,52.77645,1.519411,NR129JJ
NR13 3FU,52.6411,1.549587,NR133FU
NR13 6PT,52.67505,1.375297,NR136PT
NR13 6PZ,52.67565,1.373893,NR136PZ
NR14 6JE,52.53294,1.481073,NR146JE
NR14 7GR,52.57169,1.341237,NR147GR
NR14 7PZ,52.58597,1.34916,NR147PZ
NR14 8AE,52.56047,1.237376,NR148AE
NR14 8SJ,52.60664,1.330691,NR148SJ
NR15 1HJ,52.55493,1.364663,NR151HJ
NR15 2XY,52.48597,1.229233,NR152XY
NR16 1DD,52.50486,1.154038,NR161DD
NR16 2HE,52.44651,1.024215,NR162HE
NR16 2JU,52.47161,0.954114,NR162JU
NR17 1QW,52.51965,1.00814,NR171QW
NR17 2AE,52.51772,1.016012,NR172AE
NR17 2AT,52.51309,1.023626,NR172AT
NR17 2EL,52.51445,1.017101,NR172EL
NR18 0BY,52.57401,1.108427,NR180BY
NR18 0DX,52.5793,1.10297,NR180DX
NR18 0LH,52.57885,1.113199,NR180LH
NR18 0NN,52.56745,1.119962,NR180NN
NR18 9FB,52.56122,1.124773,NR189FB
NR18 9JL,52.54626,1.081078,NR189JL
NR19 1EE,52.67175,0.959542,NR191EE
NR19 1FD,52.67975,0.939516,NR191FD
NR19 1TE,52.66501,0.95132,NR191TE
NR19 2ED,52.68706,0.935079,NR192ED
NR2 1SJ,52.62812,1.284684,NR21SJ
NR2 3AB,52.63382,1.27608,NR23AB
NR2 3TU,52.63395,1.262489,NR23TU
NR2 4HH,52.63184,1.284727,NR24HH
NR2 4HT,52.63343,1.280485,NR24HT
NR2 4PU,52.63545,1.283504,NR24PU
NR20 3TG,52.67424,0.951529,NR203TG
NR20 4FN,52.7024,0.982874,NR204FN
NR21 8NL,52.83367,0.868468,NR218NL
NR21 8NZ,52.83006,0.863983,NR218NZ
NR21 8SU,52.83887,0.866182,NR218SU
NR21 9AP,52.82945,0.849171,NR219AP
NR21 9AX,52.82812,0.849767,NR219AX
NR25 6AE,52.9149,1.117427,NR256AE
NR25 6BE,52.90614,1.089563,NR256BE
NR25 7QH,52.88514,1.044376,NR257QH
NR26 8EB,52.94242,1.21236,NR268EB
NR27 0EU,52.92458,1.300831,NR270EU
NR27 0HF,52.91695,1.308344,NR270HF
NR27 9HN,52.93182,1.299432,NR279HN
NR27 9JW,52.9276,1.288337,NR279JW
NR28 9AT,52.81681,1.388579,NR289AT
NR28 9BT,52.82136,1.387019,NR289BT
NR28 9BY,52.82204,1.3867,NR289BY
NR28 9EL,52.82572,1.400216,NR289EL
NR28 9JH,52.81965,1.387167,NR289JH
NR28 9UP,52.81905,1.399947,NR289UP
NR3 1BP,52.6345,1.296072,NR31BP
NR3 1DD,52.63287,1.293629,NR31DD
NR3 1JU,52.63495,1.296136,NR31JU
NR3 1YE,52.63498,1.294172,NR31YE
NR3 2AG,52.65106,1.266248,NR32AG
NR3 2AW,52.65143,1.265167,NR32AW
NR3 2DG,52.64262,1.285106,NR32DG
NR3 3BP,52.63613,1.288522,NR33BP
NR3 4EF,52.65066,1.310731,NR34EF
NR3 4SL,52.63965,1.303674,NR34SL
NR3 4SY,52.63684,1.302694,NR34SY
NR30 1BU,52.61694,1.730032,NR301BU
NR30 1NW,52.61097,1.727869,NR301NW
NR30 1QS,52.61683,1.724141,NR301QS
NR30 2QD,52.60607,1.725621,NR302QD
NR30 4DQ,52.62099,1.726801,NR304DQ
NR31 0LJ,52.59106,1.72318,NR310LJ
NR31 0LN,52.59391,1.722978,NR310LN
NR31 0PA,52.58571,1.725723,NR310PA
NR31 6RQ,52.58107,1.728947,NR316RQ
NR31 6RR,52.58284,1.728979,NR316RR
NR31 7RA,52.55584,1.713006,NR317RA
NR32 1BN,52.47399,1.751741,NR321BN
NR32 1DE,52.47519,1.753595,NR321DE
NR32 1EB,52.47527,1.752778,NR321EB
NR32 1EP,52.47476,1.751659,NR321EP
NR32 1EQ,52.47818,1.75528,NR321EQ
NR32 1HG,52.47907,1.754884,NR321HG
NR32 1NT,52.47889,1.75341,NR321NT
NR32 1NY,52.47826,1.753268,NR321NY
NR32 1RB,52.47783,1.750683,NR321RB
NR32 2EL,52.47518,1.743931,NR322EL
NR32 2EZ,52.47982,1.737756,NR322EZ
NR32 3AZ,52.49443,1.721399,NR323AZ
NR33 0DS,52.46659,1.743408,NR330DS
NR33 0PQ,52.4716,1.748105,NR330PQ
NR33 0TQ,52.47094,1.737002,NR330TQ
NR33 0TU,52.47268,1.737945,NR330TU
NR33 7AH,52.41938,1.719719,NR337AH
NR33 7NQ,52.44583,1.714089,NR337NQ
NR33 8BL,52.4525,1.690917,NR338BL
NR33 9NA,52.47295,1.72013,NR339NA
NR33 9PL,52.46575,1.708388,NR339PL
NR33 9QS,52.46837,1.720583,NR339QS
NR34 7QG,52.4546,1.63725,NR347QG
NR34 7TD,52.43948,1.598592,NR347TD
NR34 9AE,52.45911,1.56372,NR349AE
NR34 9QH,52.45829,1.566673,NR349QH
NR34 9SQ,52.45672,1.56868,NR349SQ
NR35 1BE,52.45281,1.438811,NR351BE
NR4 6DJ,52.60806,1.292046,NR46DJ
NR4 7EL,52.62368,1.252872,NR47EL
NR4 7FL,52.60991,1.248231,NR47FL
NR4 7JD,52.62619,1.258645,NR47JD
NR4 7LL,52.60623,1.230438,NR47LL
NR5 0RJ,52.6464,1.217047,NR50RJ
NR5 0SN,52.64534,1.215461,NR50SN
NR5 0UN,52.64774,1.199919,NR50UN
NR5 0UZ,52.64786,1.193171,NR50UZ
NR5 8AD,52.63182,1.240837,NR58AD
NR5 8BF,52.63437,1.256563,NR58BF
NR5 8HN,52.6289,1.245174,NR58HN
NR5 8PR,52.63563,1.258578,NR58PR
NR5 8TN,52.63857,1.23362,NR58TN
NR5 9BF,52.63693,1.228901,NR59BF
NR5 9HA,52.63721,1.217303,NR59HA
NR5 9JR,52.64262,1.211861,NR59JR
NR6 5AQ,52.65976,1.24267,NR65AQ
NR6 5DR,52.65325,1.256636,NR65DR
NR6 6AQ,52.66271,1.282591,NR66AQ
NR6 6HX,52.67096,1.289098,NR66HX
NR6 6LZ,52.65932,1.275977,NR66LZ
NR6 7PX,52.66801,1.31401,NR67PX
NR7 0DR,52.63444,1.338641,NR70DR
NR7 0PN,52.6371,1.346458,NR70PN
NR7 0PT,52.63966,1.344569,NR70PT
NR7 0TA,52.62646,1.373358,NR70TA
NR7 0WF,52.63111,1.374883,NR70WF
NR7 8ET,52.66106,1.327596,NR78ET
NR7 8PU,52.65164,1.329645,NR78PU
NR7 8RW,52.662,1.33246,NR78RW
NR7 8SQ,52.6497,1.327723,NR78SQ
NR7 8SX,52.64729,1.321877,NR78SX
NR8 6HW,52.68446,1.184269,NR86HW
NR8 6QW,52.68539,1.201415,NR86QW
NR9 3FW,52.60777,1.189306,NR93FW
NR9 3LB,52.62086,1.203305,NR93LB
NR9 4AF,52.57949,0.984586,NR94AF
NW1 0AG,51.53777,-0.140526,NW10AG
NW1 1BS,51.53038,-0.133893,NW11BS
NW1 1TU,51.53526,-0.133535,NW11TU
NW1 2PY,51.52623,-0.138373,NW12PY
NW1 4DY,51.52601,-0.143514,NW14DY
NW1 5QT,51.5188,-0.165933,NW15QT
NW1 6JJ,51.52279,-0.162904,NW16JJ
NW1 6RA,51.52267,-0.166815,NW16RA
NW1 7BB,51.53946,-0.149571,NW17BB
NW1 7JL,51.53622,-0.140431,NW17JL
NW1 7LR,51.53658,-0.141325,NW17LR
NW1 8FA,51.54483,-0.152137,NW18FA
NW1 8NS,51.54057,-0.143498,NW18NS
NW10 2DU,51.55013,-0.244638,NW102DU
NW10 2JJ,51.54869,-0.243569,NW102JJ
NW10 2XA,51.55009,-0.245534,NW102XA
NW10 3DP,51.54158,-0.224518,NW103DP
NW10 3RY,51.54284,-0.235502,NW103RY
NW10 3TD,51.54123,-0.234021,NW103TD
NW10 4AE,51.53925,-0.251071,NW104AE
NW10 4TR,51.53533,-0.243434,NW104TR
NW10 6RE,51.52938,-0.23719,NW106RE
NW10 6RF,51.52846,-0.236332,NW106RF
NW10 7FQ,51.53006,-0.284958,NW107FQ
NW10 7GF,51.53009,-0.268218,NW107GF
NW10 7LQ,51.52649,-0.266351,NW107LQ
NW10 7NH,51.53301,-0.263003,NW107NH
NW10 7PN,51.53745,-0.284334,NW107PN
NW10 7QL,51.53024,-0.27274,NW107QL
NW10 7ST,51.5362,-0.28216,NW107ST
NW10 7SU,51.53173,-0.274428,NW107SU
NW10 7TR,51.53354,-0.275282,NW107TR
NW10 7XP,51.53606,-0.287688,NW107XP
NW10 8RA,51.54448,-0.257793,NW108RA
NW10 8SE,51.5381,-0.249918,NW108SE
NW10 8TU,51.53675,-0.253214,NW108TU
NW10 9EG,51.54435,-0.253529,NW109EG
NW11 7QE,51.57106,-0.194379,NW117QE
NW11 8HB,51.57389,-0.200386,NW118HB
NW11 8LA,51.57288,-0.197453,NW118LA
NW11 9AF,51.57725,-0.207599,NW119AF
NW2 1DL,51.56764,-0.219261,NW21DL
NW2 6LN,51.56726,-0.229188,NW26LN
NW2 7HD,51.56866,-0.236796,NW27HD
NW2 7SU,51.56318,-0.247396,NW27SU
NW2 7UH,51.56755,-0.236969,NW27UH
NW3 2DU,51.54723,-0.156914,NW32DU
NW3 2NH,51.55382,-0.161856,NW32NH
NW3 3NJ,51.54386,-0.173059,NW33NJ
NW3 4QP,51.55101,-0.166556,NW34QP
NW3 5BG,51.54871,-0.172764,NW35BG
NW3 5HT,51.54675,-0.179073,NW35HT
NW3 6TR,51.55613,-0.1789,NW36TR
NW3 7BJ,51.55671,-0.195453,NW37BJ
NW4 2BP,51.58679,-0.218973,NW42BP
NW4 2EF,51.58506,-0.219806,NW42EF
NW4 2FP,51.58703,-0.222342,NW42FP
NW4 2PT,51.57949,-0.218335,NW42PT
NW4 3AL,51.58407,-0.227971,NW43AL
NW4 3LH,51.58195,-0.227303,NW43LH
NW4 4AT,51.58699,-0.230904,NW44AT
NW4 4AU,51.58699,-0.230528,NW44AU
NW4 4EB,51.58985,-0.225191,NW44EB
NW4 4EF,51.58951,-0.222433,NW44EF
NW4 4PE,51.58216,-0.23685,NW44PE
NW5 1AG,51.55471,-0.140268,NW51AG
NW5 2AB,51.54911,-0.140742,NW52AB
NW5 3HY,51.54668,-0.15173,NW53HY
NW5 4DS,51.55074,-0.150195,NW54DS
NW5 4QB,51.55044,-0.151217,NW54QB
NW5 4QF,51.55331,-0.154534,NW54QF
NW6 1DN,51.55637,-0.196014,NW61DN
NW6 1HU,51.54858,-0.190654,NW61HU
NW6 1PL,51.54913,-0.196041,NW61PL
NW6 2BS,51.54305,-0.198964,NW62BS
NW6 2QJ,51.54622,-0.202617,NW62QJ
NW6 3QH,51.54161,-0.181542,NW63QH
NW6 7JU,51.54048,-0.199195,NW67JU
NW6 7SG,51.54072,-0.206512,NW67SG
NW6 7UA,51.54022,-0.208434,NW67UA
NW6 7UP,51.54004,-0.19891,NW67UP
NW7 2AS,51.61118,-0.24822,NW72AS
NW7 2FH,51.60941,-0.22336,NW72FH
NW7 2NU,51.60949,-0.222043,NW72NU
NW7 3EJ,51.61249,-0.260043,NW73EJ
NW7 4RS,51.61618,-0.243016,NW74RS
NW8 0AX,51.5374,-0.186757,NW80AX
NW8 7JL,51.52757,-0.165465,NW87JL
NW8 8PJ,51.52366,-0.172225,NW88PJ
NW8 9JH,51.5313,-0.174889,NW89JH
NW9 0QR,51.59421,-0.268003,NW90QR
NW9 0UT,51.58655,-0.25907,NW90UT
NW9 4EW,51.59762,-0.245016,NW94EW
NW9 5GD,51.59954,-0.247931,NW95GD
NW9 6LH,51.5849,-0.248046,NW96LH
NW9 6NB,51.58922,-0.253843,NW96NB
NW9 6TD,51.59053,-0.256073,NW96TD
NW9 8AQ,51.58213,-0.257795,NW98AQ
NW9 8RL,51.56667,-0.26374,NW98RL
NW9 8UA,51.58126,-0.262303,NW98UA
NW9 9BW,51.59126,-0.283057,NW99BW
NW9 9QA,51.59,-0.283581,NW99QA
OL1 1EN,53.54185,-2.104925,OL11EN
OL1 1HD,53.54112,-2.114853,OL11HD
OL1 4HF,53.55264,-2.089572,OL14HF
OL1 4NH,53.55296,-2.090146,OL14NH
OL10 1AQ,53.59169,-2.21946,OL101AQ
OL10 1DL,53.59114,-2.213415,OL101DL
OL10 1JF,53.59375,-2.226149,OL101JF
OL10 1NG,53.59216,-2.207633,OL101NG
OL10 2QE,53.57159,-2.224294,OL102QE
OL10 3FP,53.58697,-2.234768,OL103FP
OL10 3JW,53.59288,-2.243443,OL103JW
OL10 4HF,53.59361,-2.21595,OL104HF
OL10 4SY,53.59587,-2.232204,OL104SY
OL11 1AG,53.60478,-2.147034,OL111AG
OL11 1EF,53.61194,-2.159499,OL111EF
OL11 1LQ,53.60396,-2.158668,OL111LQ
OL11 2PU,53.59393,-2.166018,OL112PU
OL11 2YW,53.59296,-2.176001,OL112YW
OL11 3AF,53.59566,-2.182086,OL113AF
OL11 4JG,53.61058,-2.164572,OL114JG
OL11 5JE,53.61025,-2.20482,OL115JE
OL11 5RZ,53.62309,-2.206833,OL115RZ
OL12 0AA,53.62883,-2.1548,OL120AA
OL12 0JG,53.62539,-2.155845,OL120JG
OL12 0LU,53.62272,-2.156047,OL120LU
OL12 6AE,53.61674,-2.167378,OL126AE
OL12 6LB,53.62215,-2.16566,OL126LB
OL12 6PQ,53.6199,-2.165546,OL126PQ
OL12 6XB,53.61348,-2.167546,OL126XB
OL12 7AG,53.62045,-2.173273,OL127AG
OL12 8AA,53.65938,-2.177505,OL128AA
OL12 8AH,53.66031,-2.177539,OL128AH
OL12 8BD,53.67221,-2.172231,OL128BD
OL12 8NU,53.67579,-2.169127,OL128NU
OL12 9DJ,53.62935,-2.144761,OL129DJ
OL13 8JN,53.72701,-2.195265,OL138JN
OL14 7BX,53.71589,-2.098181,OL147BX
OL15 8AB,53.64357,-2.097148,OL158AB
OL15 9AD,53.64451,-2.097452,OL159AD
OL16 1DL,53.61944,-2.156307,OL161DL
OL16 1DY,53.6196,-2.15534,OL161DY
OL16 1PA,53.61552,-2.154872,OL161PA
OL16 1PZ,53.6124,-2.155722,OL161PZ
OL16 1SB,53.61552,-2.154282,OL161SB
OL16 1TU,53.61699,-2.155739,OL161TU
OL16 2DR,53.62181,-2.148167,OL162DR
OL16 3HD,53.60675,-2.101641,OL163HD
OL16 4DU,53.61354,-2.118602,OL164DU
OL16 4GN,53.60789,-2.132279,OL164GN
OL16 4PP,53.59993,-2.139779,OL164PP
OL16 4TF,53.60148,-2.145602,OL164TF
OL16 4TT,53.60214,-2.138533,OL164TT
OL16 5EB,53.60992,-2.139918,OL165EB
OL16 5QJ,53.61356,-2.151584,OL165QJ
OL16 5RD,53.60794,-2.147196,OL165RD
OL2 5FH,53.55854,-2.123082,OL25FH
OL2 6HT,53.56078,-2.110799,OL26HT
OL2 7UT,53.58561,-2.093373,OL27UT
OL3 5DF,53.56496,-2.019558,OL35DF
OL3 5EB,53.56239,-2.024569,OL35EB
OL3 6BD,53.54979,-2.005453,OL36BD
OL4 1JE,53.54007,-2.094147,OL41JE
OL4 2SB,53.55061,-2.084058,OL42SB
OL4 2SN,53.55343,-2.07549,OL42SN
OL4 4TZ,53.53778,-2.068643,OL44TZ
OL6 6AB,53.48766,-2.092707,OL66AB
OL6 6AS,53.48779,-2.093129,OL66AS
OL6 6XN,53.48795,-2.089633,OL66XN
OL6 7PT,53.48694,-2.093594,OL67PT
OL6 8SS,53.49441,-2.094379,OL68SS
OL7 0BA,53.4841,-2.104784,OL70BA
OL7 0NT,53.47639,-2.112826,OL70NT
OL7 9HY,53.49908,-2.110187,OL79HY
OL7 9QG,53.49908,-2.099499,OL79QG
OL8 1HG,53.53482,-2.11909,OL81HG
OL8 1LH,53.5326,-2.110636,OL81LH
OL8 1RP,53.53405,-2.125727,OL81RP
OL8 2PF,53.52509,-2.108625,OL82PF
OL8 2SR,53.52089,-2.108464,OL82SR
OL8 3BP,53.52766,-2.112448,OL83BP
OL8 3QL,53.51661,-2.143004,OL83QL
OL8 3TH,53.52242,-2.123113,OL83TH
OL8 4DJ,53.52833,-2.125589,OL84DJ
OL8 4EQ,53.52868,-2.128532,OL84EQ
OL8 4QQ,53.52538,-2.135883,OL84QQ
OL9 0EW,53.55374,-2.13952,OL90EW
OL9 0HB,53.54833,-2.13659,OL90HB
OL9 0HH,53.54505,-2.138149,OL90HH
OL9 6HT,53.53794,-2.12945,OL96HT
OL9 6HZ,53.53794,-2.128092,OL96HZ
OL9 6NE,53.54501,-2.137334,OL96NE
OL9 7SN,53.53488,-2.133394,OL97SN
OL9 7TQ,53.53884,-2.131097,OL97TQ
OL9 8LP,53.53122,-2.149298,OL98LP
OL9 8NH,53.53313,-2.145081,OL98NH
OL9 8NS,53.53445,-2.142294,OL98NS
OL9 9GL,53.53965,-2.154684,OL99GL
OL9 9HH,53.54472,-2.145407,OL99HH
OL9 9PY,53.52549,-2.162778,OL99PY
OL9 9XA,53.53218,-2.168839,OL99XA
OX1 5JP,51.70851,-1.315942,OX15JP
OX1 5PG,51.71812,-1.244475,OX15PG
OX10 0FY,51.60351,-1.142125,OX100FY
OX10 8BA,51.60647,-1.113232,OX108BA
OX10 8HS,51.60426,-1.130776,OX108HS
OX10 9FX,51.60052,-1.136088,OX109FX
OX11 0BT,51.6057,-1.255294,OX110BT
OX11 0QG,51.58366,-1.311482,OX110QG
OX11 6FH,51.60096,-1.264656,OX116FH
OX11 6GY,51.60495,-1.272519,OX116GY
OX11 6HQ,51.59862,-1.26839,OX116HQ
OX11 6JX,51.60554,-1.270676,OX116JX
OX11 7PE,51.61179,-1.248855,OX117PE
OX11 7PH,51.62022,-1.248398,OX117PH
OX11 7XB,51.61956,-1.240016,OX117XB
OX11 8XD,51.60589,-1.239984,OX118XD
OX12 0DG,51.61742,-1.420944,OX120DG
OX12 7AB,51.58947,-1.426338,OX127AB
OX12 7AU,51.58976,-1.422119,OX127AU
OX12 7JZ,51.60957,-1.422416,OX127JZ
OX12 8AW,51.58887,-1.426475,OX128AW
OX12 8FF,51.58696,-1.424695,OX128FF
OX12 8NE,51.57495,-1.427993,OX128NE
OX12 9AB,51.58963,-1.428746,OX129AB
OX12 9DL,51.59056,-1.437396,OX129DL
OX12 9FF,51.60445,-1.445642,OX129FF
OX12 9FY,51.59051,-1.451341,OX129FY
OX12 9JY,51.57472,-1.451286,OX129JY
OX13 5FR,51.68298,-1.413745,OX135FR
OX13 5NY,51.66337,-1.367673,OX135NY
OX13 6HX,51.68871,-1.302455,OX136HX
OX14 1AL,51.67088,-1.296959,OX141AL
OX14 1PL,51.68172,-1.276512,OX141PL
OX14 1UJ,51.67358,-1.300851,OX141UJ
OX14 3GD,51.67253,-1.270686,OX143GD
OX14 3LQ,51.67195,-1.281223,OX143LQ
OX14 3NG,51.67797,-1.248918,OX143NG
OX14 3YT,51.6725,-1.265856,OX143YT
OX14 4BZ,51.6301,-1.283574,OX144BZ
OX14 4HP,51.64777,-1.31122,OX144HP
OX14 4RS,51.62312,-1.302276,OX144RS
OX14 4UA,51.64016,-1.278748,OX144UA
OX14 5DH,51.66924,-1.289479,OX145DH
OX14 5HD,51.66534,-1.291767,OX145HD
OX14 5TS,51.67047,-1.285961,OX145TS
OX14 5TT,51.66204,-1.293886,OX145TT
OX15 0SG,51.98079,-1.31958,OX150SG
OX15 4DH,52.03975,-1.325524,OX154DH
OX15 4FF,52.01193,-1.370906,OX154FF
OX16 0EX,52.06154,-1.356937,OX160EX
OX16 0RD,52.06304,-1.357367,OX160RD
OX16 0TU,52.06033,-1.345869,OX160TU
OX16 1GQ,52.08001,-1.366799,OX161GQ
OX16 1GZ,52.08141,-1.36675,OX161GZ
OX16 1RH,52.07552,-1.343648,OX161RH
OX16 2AR,52.0653,-1.348349,OX162AR
OX16 2SP,52.0797,-1.338683,OX162SP
OX16 5BT,52.06026,-1.335266,OX165BT
OX16 5LG,52.0621,-1.335107,OX165LG
OX16 5UD,52.06133,-1.337598,OX165UD
OX16 9AA,52.05928,-1.340152,OX169AA
OX16 9PA,52.05778,-1.349013,OX169PA
OX17 2PW,52.07162,-1.275542,OX172PW
OX18 3DW,51.75893,-1.594639,OX183DW
OX2 0DP,51.74846,-1.277503,OX20DP
OX2 0HP,51.75369,-1.288661,OX20HP
OX2 0JE,51.75284,-1.294846,OX20JE
OX2 8NE,51.78986,-1.264996,OX28NE
OX2 9QY,51.71899,-1.332548,OX29QY
OX20 1TG,51.84673,-1.353684,OX201TG
OX26 3EF,51.9094,-1.164208,OX263EF
OX26 3WD,51.91452,-1.15792,OX263WD
OX26 4LD,51.90336,-1.131267,OX264LD
OX26 4PP,51.90237,-1.142638,OX264PP
OX26 4UL,51.90415,-1.137037,OX264UL
OX26 6AG,51.8966,-1.151046,OX266AG
OX26 6BU,51.89516,-1.148239,OX266BU
OX26 6DW,51.89512,-1.152484,OX266DW
OX26 6EW,51.89237,-1.145909,OX266EW
OX26 6JU,51.89948,-1.153303,OX266JU
OX26 6PB,51.89943,-1.150964,OX266PB
OX26 6QB,51.89894,-1.148415,OX266QB
OX28 1NH,51.79199,-1.48396,OX281NH
OX28 4BL,51.77885,-1.481877,OX284BL
OX28 4BN,51.77902,-1.4816,OX284BN
OX28 4DZ,51.77835,-1.487623,OX284DZ
OX28 5DG,51.77845,-1.508886,OX285DG
OX28 6AB,51.78448,-1.484872,OX286AB
OX28 6AL,51.78339,-1.485754,OX286AL
OX28 6BU,51.78439,-1.490817,OX286BU
OX28 6JA,51.78759,-1.484126,OX286JA
OX29 0SR,51.79273,-1.523782,OX290SR
OX29 4TP,51.77636,-1.379359,OX294TP
OX29 7AB,51.76315,-1.477551,OX297AB
OX29 7DX,51.79212,-1.51664,OX297DX
OX3 0EA,51.75874,-1.235205,OX30EA
OX3 8ST,51.75369,-1.194161,OX38ST
OX3 9BZ,51.76608,-1.214895,OX39BZ
OX4 1AG,51.75048,-1.241284,OX41AG
OX4 1RE,51.74174,-1.235695,OX41RE
OX4 1UE,51.74705,-1.235272,OX41UE
OX4 2ER,51.73649,-1.216957,OX42ER
OX4 2JY,51.73049,-1.205115,OX42JY
OX4 2LF,51.73361,-1.211678,OX42LF
OX4 2NA,51.73515,-1.209667,OX42NA
OX4 2NH,51.73669,-1.208004,OX42NH
OX4 2RD,51.73827,-1.195014,OX42RD
OX4 2SQ,51.738,-1.197887,OX42SQ
OX4 3BY,51.74144,-1.226358,OX43BY
OX4 3NH,51.73483,-1.230569,OX43NH
OX4 4GP,51.71653,-1.215652,OX44GP
OX4 6BZ,51.7265,-1.194355,OX46BZ
OX4 6LB,51.72356,-1.215733,OX46LB
OX4 7FF,51.71512,-1.200984,OX47FF
OX4 7HA,51.71284,-1.200967,OX47HA
OX44 9DP,51.70135,-1.156672,OX449DP
OX5 1FZ,51.80542,-1.302497,OX51FZ
OX5 2BP,51.82194,-1.288429,OX52BP
OX5 2DL,51.82384,-1.288762,OX52DL
OX5 2UZ,51.82829,-1.285268,OX52UZ
OX7 5AJ,51.94254,-1.536295,OX75AJ
OX7 5FX,51.94456,-1.535111,OX75FX
OX7 5NA,51.94165,-1.54592,OX75NA
OX7 5PU,51.95374,-1.540589,OX75PU
OX7 5SR,51.94629,-1.535966,OX75SR
OX7 6GF,51.86339,-1.612131,OX76GF
OX9 2DW,51.74632,-0.976743,OX92DW
OX9 2FL,51.74252,-0.979117,OX92FL
OX9 3EX,51.74587,-0.974551,OX93EX
OX9 3RR,51.74095,-0.974807,OX93RR
PE1 1DA,52.57147,-0.245388,PE11DA
PE1 1DY,52.56941,-0.24218,PE11DY
PE1 1WG,52.57169,-0.244465,PE11WG
PE1 1YN,52.5761,-0.239817,PE11YN
PE1 2DU,52.59184,-0.256105,PE12DU
PE1 2EA,52.5773,-0.247089,PE12EA
PE1 2EZ,52.57929,-0.240899,PE12EZ
PE1 2JF,52.58612,-0.247593,PE12JF
PE1 2PB,52.5914,-0.253214,PE12PB
PE1 2PF,52.58859,-0.247878,PE12PF
PE1 2PL,52.58557,-0.2458,PE12PL
PE1 2PN,52.58356,-0.245038,PE12PN
PE1 2UF,52.58156,-0.238048,PE12UF
PE1 3FG,52.58746,-0.24472,PE13FG
PE1 3HG,52.5969,-0.260555,PE13HG
PE1 3HY,52.59631,-0.256932,PE13HY
PE1 4DA,52.57925,-0.238318,PE14DA
PE1 4QE,52.60083,-0.229376,PE14QE
PE1 5AE,52.57593,-0.225154,PE15AE
PE1 5DD,52.57492,-0.236485,PE15DD
PE1 5NJ,52.59005,-0.208522,PE15NJ
PE1 5QP,52.5733,-0.211462,PE15QP
PE1 5TX,52.57873,-0.210297,PE15TX
PE1 5UH,52.5792,-0.211768,PE15UH
PE1 5XA,52.56911,-0.219335,PE15XA
PE1 5YD,52.58195,-0.206225,PE15YD
PE10 0BP,52.77124,-0.360439,PE100BP
PE10 0BQ,52.77124,-0.360439,PE100BQ
PE10 0LL,52.78267,-0.427164,PE100LL
PE10 9AP,52.77246,-0.376967,PE109AP
PE10 9LH,52.76698,-0.362556,PE109LH
PE10 9NE,52.76814,-0.378995,PE109NE
PE10 9PB,52.76838,-0.378275,PE109PB
PE11 1WN,52.77424,-0.172299,PE111WN
PE11 2JT,52.79288,-0.133609,PE112JT
PE11 2LF,52.78993,-0.137902,PE112LF
PE11 2PN,52.78219,-0.141169,PE112PN
PE11 3AF,52.7709,-0.168673,PE113AF
PE11 3NP,52.81022,-0.209414,PE113NP
PE11 3QG,52.81433,-0.224812,PE113QG
PE11 3TN,52.81536,-0.165056,PE113TN
PE11 3UB,52.81588,-0.158994,PE113UB
PE11 3YR,52.80534,-0.143787,PE113YR
PE12 0XD,52.74535,-0.117326,PE120XD
PE12 7LR,52.80499,0.01303,PE127LR
PE12 8BB,52.82527,-0.009515,PE128BB
PE12 8LE,52.80411,0.059085,PE128LE
PE12 9DB,52.78543,0.122461,PE129DB
PE12 9DD,52.7865,0.119932,PE129DD
PE12 9EA,52.78307,0.125237,PE129EA
PE13 1HG,52.6644,0.158681,PE131HG
PE13 1RL,52.66842,0.150729,PE131RL
PE13 2UW,52.65834,0.160496,PE132UW
PE13 3BH,52.66977,0.158871,PE133BH
PE13 4TP,52.65405,0.121474,PE134TP
PE13 5AS,52.6815,0.133619,PE135AS
PE14 8PF,52.61597,0.232096,PE148PF
PE15 0BA,52.56839,0.061045,PE150BA
PE15 0UG,52.49991,0.055868,PE150UG
PE15 8NE,52.5591,0.086767,PE158NE
PE15 8PY,52.56335,0.094375,PE158PY
PE15 9BH,52.54899,0.090033,PE159BH
PE15 9RF,52.54736,0.084278,PE159RF
PE16 6BG,52.45594,0.049286,PE166BG
PE16 6TT,52.464,0.04913,PE166TT
PE19 1BG,52.22916,-0.265454,PE191BG
PE19 2DE,52.22361,-0.260941,PE192DE
PE19 2PF,52.21115,-0.270268,PE192PF
PE19 5ZA,52.29087,-0.215815,PE195ZA
PE19 6EN,52.25216,-0.265788,PE196EN
PE19 6UU,52.19489,-0.209535,PE196UU
PE19 6WA,52.20806,-0.267549,PE196WA
PE19 7AF,52.22626,-0.279214,PE197AF
PE19 8JH,52.21246,-0.292818,PE198JH
PE2 5SF,52.54646,-0.292016,PE25SF
PE2 5SX,52.53922,-0.300745,PE25SX
PE2 5YR,52.55162,-0.305016,PE25YR
PE2 6FL,52.55104,-0.321676,PE26FL
PE2 6FY,52.55508,-0.321345,PE26FY
PE2 6GX,52.53732,-0.318321,PE26GX
PE2 6LR,52.55122,-0.319737,PE26LR
PE2 6WA,52.54005,-0.320827,PE26WA
PE2 6XU,52.5402,-0.316943,PE26XU
PE2 7BF,52.55705,-0.263636,PE27BF
PE2 7JE,52.55742,-0.260347,PE27JE
PE2 7UH,52.55791,-0.262511,PE27UH
PE2 8AL,52.56527,-0.240265,PE28AL
PE2 8AN,52.56518,-0.241346,PE28AN
PE2 8GY,52.54377,-0.223648,PE28GY
PE2 8NZ,52.55784,-0.220499,PE28NZ
PE2 8TY,52.56617,-0.236688,PE28TY
PE2 8UU,52.55159,-0.202255,PE28UU
PE2 9AG,52.56414,-0.247982,PE29AG
PE2 9FB,52.55402,-0.250834,PE29FB
PE21 0EW,52.97292,-0.004617,PE210EW
PE21 6TJ,52.9795,-0.019641,PE216TJ
PE21 7TW,52.97653,-0.05901,PE217TW
PE21 8AR,52.97482,-0.038756,PE218AR
PE21 8GH,52.97199,-0.033939,PE218GH
PE22 0JZ,52.97681,0.042974,PE220JZ
PE22 7AP,53.03207,-0.138216,PE227AP
PE22 9PA,53.03441,0.093408,PE229PA
PE23 5AE,53.15505,0.080379,PE235AE
PE25 1DL,53.15471,0.345951,PE251DL
PE25 2AP,53.14466,0.339526,PE252AP
PE25 3EP,53.13561,0.34171,PE253EP
PE26 1AA,52.4482,-0.107545,PE261AA
PE26 1HA,52.44906,-0.107214,PE261HA
PE26 2UT,52.4789,-0.154029,PE262UT
PE27 4AA,52.32906,-0.057729,PE274AA
PE27 5UW,52.3232,-0.075389,PE275UW
PE27 6ST,52.33812,-0.088482,PE276ST
PE28 2NX,52.36199,-0.157392,PE282NX
PE28 9LZ,52.29827,-0.065059,PE289LZ
PE29 1AF,52.33315,-0.183572,PE291AF
PE29 1JT,52.33463,-0.181955,PE291JT
PE29 1LY,52.33932,-0.168199,PE291LY
PE29 3DP,52.3318,-0.185872,PE293DP
PE29 3EH,52.3322,-0.185885,PE293EH
PE29 3GH,52.32998,-0.187385,PE293GH
PE29 3RR,52.32901,-0.180923,PE293RR
PE29 3TE,52.32819,-0.179665,PE293TE
PE29 6FN,52.33689,-0.207095,PE296FN
PE29 6XG,52.3371,-0.190911,PE296XG
PE29 6XS,52.34609,-0.197415,PE296XS
PE29 6XU,52.34698,-0.196497,PE296XU
PE3 6EX,52.57835,-0.257644,PE36EX
PE3 6HH,52.57544,-0.259014,PE36HH
PE3 6JH,52.57263,-0.263405,PE36JH
PE3 7PH,52.59512,-0.26693,PE37PH
PE3 9EE,52.58221,-0.259616,PE39EE
PE3 9TG,52.57565,-0.290912,PE39TG
PE3 9YG,52.58316,-0.290472,PE39YG
PE30 1AG,52.756,0.401471,PE301AG
PE30 1AQ,52.75584,0.399521,PE301AQ
PE30 1AY,52.75552,0.394968,PE301AY
PE30 1LT,52.75796,0.396154,PE301LT
PE30 2DS,52.76507,0.40237,PE302DS
PE30 2HJ,52.76671,0.393951,PE302HJ
PE30 3FB,52.76902,0.423787,PE303FB
PE30 3HU,52.77375,0.440388,PE303HU
PE30 4EZ,52.75881,0.421575,PE304EZ
PE30 4JQ,52.73278,0.411053,PE304JQ
PE30 4TQ,52.75669,0.440739,PE304TQ
PE30 4WR,52.73387,0.404106,PE304WR
PE30 5DS,52.75101,0.394261,PE305DS
PE30 5GN,52.75126,0.394246,PE305GN
PE31 6AG,52.79445,0.471186,PE316AG
PE31 7JT,52.91713,0.497204,PE317JT
PE31 7NY,52.87973,0.500347,PE317NY
PE31 8LS,52.90426,0.623722,PE318LS
PE33 0TD,52.67089,0.385338,PE330TD
PE36 5FA,52.9388,0.493286,PE365FA
PE37 7DG,52.64614,0.688848,PE377DG
PE37 7XD,52.65466,0.68554,PE377XD
PE38 9BX,52.6018,0.378157,PE389BX
PE38 9DB,52.60236,0.377789,PE389DB
PE38 9HF,52.60352,0.37859,PE389HF
PE38 9JZ,52.60219,0.377115,PE389JZ
PE38 9UZ,52.59474,0.376416,PE389UZ
PE4 5BH,52.61677,-0.290463,PE45BH
PE4 6AG,52.60223,-0.264228,PE46AG
PE4 6BP,52.6063,-0.273223,PE46BP
PE4 6NA,52.62146,-0.27273,PE46NA
PE4 6WD,52.60554,-0.264436,PE46WD
PE4 7FB,52.61172,-0.230428,PE47FB
PE4 7GT,52.60713,-0.254272,PE47GT
PE4 7NE,52.60987,-0.247679,PE47NE
PE4 7UP,52.60638,-0.256443,PE47UP
PE6 7GH,52.61066,-0.183709,PE67GH
PE6 7JP,52.63907,-0.297738,PE67JP
PE6 8ED,52.67462,-0.313515,PE68ED
PE6 8FD,52.68897,-0.309411,PE68FD
PE6 8HA,52.67225,-0.303741,PE68HA
PE7 0LT,52.54919,-0.249123,PE70LT
PE7 1AB,52.55614,-0.127719,PE71AB
PE7 1SE,52.5563,-0.125396,PE71SE
PE7 2FN,52.55974,-0.109626,PE72FN
PE7 2GD,52.55964,-0.108686,PE72GD
PE7 3AF,52.51395,-0.265701,PE73AF
PE7 3BH,52.5385,-0.229213,PE73BH
PE7 8EE,52.54338,-0.264234,PE78EE
PE7 8FD,52.5421,-0.255347,PE78FD
PE7 8GX,52.54407,-0.257659,PE78GX
PE7 8HP,52.54367,-0.255182,PE78HP
PE7 8HS,52.533,-0.283322,PE78HS
PE7 8JB,52.54308,-0.258376,PE78JB
PE7 8NA,52.53695,-0.265475,PE78NA
PE7 8QT,52.52826,-0.256558,PE78QT
PE7 8RD,52.53563,-0.251961,PE78RD
PE7 8RX,52.52689,-0.257983,PE78RX
PE8 4DE,52.48679,-0.464508,PE84DE
PE9 1XB,52.65852,-0.475077,PE91XB
PE9 2EB,52.65209,-0.473866,PE92EB
PE9 4AA,52.67115,-0.523576,PE94AA
PL1 2NA,50.36686,-4.135319,PL12NA
PL1 2SR,50.37011,-4.147474,PL12SR
PL1 3AB,50.36811,-4.147019,PL13AB
PL1 3BJ,50.36679,-4.152612,PL13BJ
PL1 3DG,50.3686,-4.15493,PL13DG
PL1 3HN,50.36947,-4.157135,PL13HN
PL1 3HQ,50.36922,-4.157785,PL13HQ
PL1 3JX,50.3715,-4.160335,PL13JX
PL1 3JY,50.37123,-4.157552,PL13JY
PL1 4QQ,50.37607,-4.170388,PL14QQ
PL1 5LW,50.377,-4.151611,PL15LW
PL12 4BY,50.4067,-4.214574,PL124BY
PL12 6BA,50.40865,-4.210063,PL126BA
PL12 6EB,50.41148,-4.228268,PL126EB
PL12 6JL,50.40879,-4.211618,PL126JL
PL12 6LX,50.41766,-4.237863,PL126LX
PL14 3DP,50.45628,-4.464494,PL143DP
PL14 3UT,50.4585,-4.449491,PL143UT
PL14 3UX,50.45713,-4.449504,PL143UX
PL14 4BA,50.45343,-4.466276,PL144BA
PL14 6AF,50.45499,-4.465385,PL146AF
PL14 6AY,50.45608,-4.465892,PL146AY
PL15 7EU,50.62903,-4.407409,PL157EU
PL15 7FJ,50.63086,-4.366972,PL157FJ
PL15 8EX,50.64054,-4.35876,PL158EX
PL15 9LR,50.62478,-4.356048,PL159LR
PL17 7SH,50.5075,-4.30153,PL177SH
PL17 8DU,50.52077,-4.317188,PL178DU
PL19 0AB,50.54895,-4.144199,PL190AB
PL19 0BZ,50.55256,-4.143346,PL190BZ
PL19 0NU,50.56493,-4.122683,PL190NU
PL19 8AR,50.54784,-4.146859,PL198AR
PL19 9DP,50.537,-4.149217,PL199DP
PL2 3PF,50.39517,-4.146032,PL23PF
PL20 6HL,50.4746,-4.130318,PL206HL
PL20 7DU,50.48253,-4.189599,PL207DU
PL21 0EZ,50.39392,-3.888773,PL210EZ
PL21 0LS,50.38938,-3.915885,PL210LS
PL21 9AL,50.38824,-3.924407,PL219AL
PL21 9PS,50.38865,-3.921329,PL219PS
PL21 9QP,50.41894,-3.96725,PL219QP
PL22 0HG,50.40916,-4.666188,PL220HG
PL24 2BN,50.34723,-4.706324,PL242BN
PL24 2LN,50.35307,-4.716216,PL242LN
PL25 3EF,50.34428,-4.760288,PL253EF
PL25 3HQ,50.34215,-4.754261,PL253HQ
PL25 3RF,50.34368,-4.737959,PL253RF
PL25 4DS,50.3484,-4.78108,PL254DS
PL25 4LW,50.34135,-4.776592,PL254LW
PL25 4NN,50.34059,-4.777011,PL254NN
PL25 4UJ,50.33646,-4.78852,PL254UJ
PL25 5ER,50.33836,-4.794521,PL255ER
PL26 7BP,50.32017,-4.81731,PL267BP
PL26 8LG,50.41861,-4.829104,PL268LG
PL26 8LQ,50.42186,-4.832241,PL268LQ
PL27 6BX,50.51777,-4.833929,PL276BX
PL27 6HB,50.52011,-4.823276,PL276HB
PL27 7FD,50.51372,-4.834082,PL277FD
PL3 4BB,50.38208,-4.160928,PL34BB
PL3 4DT,50.38018,-4.165399,PL34DT
PL3 4FF,50.38208,-4.160928,PL34FF
PL3 4RJ,50.38469,-4.135894,PL34RJ
PL30 4AG,50.45343,-4.698559,PL304AG
PL31 1DZ,50.4596,-4.702208,PL311DZ
PL31 1QW,50.46593,-4.73976,PL311QW
PL31 1RB,50.4599,-4.706353,PL311RB
PL31 2RQ,50.47824,-4.703933,PL312RQ
PL32 9PQ,50.61917,-4.680877,PL329PQ
PL32 9QX,50.62007,-4.683077,PL329QX
PL34 0AE,50.66277,-4.746873,PL340AE
PL4 0EG,50.36937,-4.124055,PL40EG
PL4 0HP,50.3702,-4.13139,PL40HP
PL4 0NP,50.36954,-4.125581,PL40NP
PL4 0SJ,50.36318,-4.113781,PL40SJ
PL4 0ST,50.36868,-4.114911,PL40ST
PL4 6JJ,50.38314,-4.133912,PL46JJ
PL4 6JQ,50.38176,-4.133484,PL46JQ
PL4 6NU,50.38267,-4.140558,PL46NU
PL4 8JY,50.37969,-4.13446,PL48JY
PL4 9JH,50.3734,-4.112308,PL49JH
PL6 5AQ,50.40767,-4.132409,PL65AQ
PL6 5DH,50.40823,-4.127621,PL65DH
PL6 5QZ,50.41588,-4.123051,PL65QZ
PL6 5WR,50.41139,-4.121161,PL65WR
PL6 5XR,50.41434,-4.13406,PL65XR
PL6 7BD,50.44281,-4.108466,PL67BD
PL6 7EZ,50.44613,-4.119488,PL67EZ
PL6 7PP,50.41816,-4.096518,PL67PP
PL6 8AL,50.42261,-4.11513,PL68AL
PL6 8BX,50.4176,-4.108881,PL68BX
PL6 8LR,50.3957,-4.094317,PL68LR
PL6 8SE,50.41017,-4.087523,PL68SE
PL7 1LA,50.38189,-4.042773,PL71LA
PL7 1RF,50.38858,-4.070002,PL71RF
PL7 2AU,50.38891,-4.053964,PL72AU
PL7 2BW,50.38822,-4.048616,PL72BW
PL7 4DX,50.39348,-4.043806,PL74DX
PL7 4JH,50.39607,-4.041722,PL74JH
PL7 5HZ,50.38564,-4.019132,PL75HZ
PL7 5JX,50.38468,-4.023452,PL75JX
PL7 5JY,50.38644,-4.020868,PL75JY
PL9 9NR,50.35101,-4.106661,PL99NR
PL9 9RG,50.35278,-4.113108,PL99RG
PO1 1PJ,50.79789,-1.077628,PO11PJ
PO1 2QF,50.79358,-1.095633,PO12QF
PO1 2TQ,50.79031,-1.098491,PO12TQ
PO1 3JG,50.80076,-1.101596,PO13JG
PO1 4JB,50.80465,-1.079978,PO14JB
PO1 5EU,50.80151,-1.077514,PO15EU
PO1 5JJ,50.80146,-1.076691,PO15JJ
PO1 5PP,50.80378,-1.071083,PO15PP
PO10 7BY,50.84882,-0.936858,PO107BY
PO10 7JH,50.84692,-0.942129,PO107JH
PO11 9BG,50.78783,-0.975921,PO119BG
PO11 9BY,50.78982,-0.98605,PO119BY
PO12 1LR,50.79342,-1.133888,PO121LR
PO12 1SE,50.79214,-1.137359,PO121SE
PO12 1SN,50.79296,-1.129129,PO121SN
PO12 3AZ,50.81119,-1.154651,PO123AZ
PO12 3BB,50.81009,-1.153096,PO123BB
PO12 3UL,50.79896,-1.141207,PO123UL
PO12 4BG,50.81764,-1.153229,PO124BG
PO12 4SY,50.79807,-1.131149,PO124SY
PO13 0UR,50.82887,-1.17032,PO130UR
PO13 0YF,50.82854,-1.167997,PO130YF
PO13 8NZ,50.8003,-1.172486,PO138NZ
PO13 9DA,50.8017,-1.201581,PO139DA
PO13 9FU,50.81257,-1.194498,PO139FU
PO14 1AH,50.84058,-1.189129,PO141AH
PO14 2LE,50.8258,-1.213381,PO142LE
PO14 3HG,50.8296,-1.224009,PO143HG
PO14 3PE,50.82512,-1.22113,PO143PE
PO14 4AR,50.84985,-1.231443,PO144AR
PO14 4LG,50.85301,-1.260231,PO144LG
PO15 5AQ,50.85541,-1.19535,PO155AQ
PO15 5FB,50.85516,-1.240136,PO155FB
PO15 5TD,50.86939,-1.256062,PO155TD
PO15 5TT,50.86565,-1.244157,PO155TT
PO15 6JG,50.85965,-1.210509,PO156JG
PO15 7AH,50.87642,-1.240458,PO157AH
PO15 7AW,50.87897,-1.241141,PO157AW
PO15 7AZ,50.87799,-1.238471,PO157AZ
PO15 7FP,50.8801,-1.23946,PO157FP
PO16 0EN,50.85274,-1.185864,PO160EN
PO16 0JW,50.85221,-1.176312,PO160JW
PO16 0LA,50.85223,-1.177093,PO160LA
PO16 7AN,50.85295,-1.174538,PO167AN
PO16 7BG,50.85419,-1.173379,PO167BG
PO16 7ET,50.8602,-1.179212,PO167ET
PO16 7JL,50.86306,-1.179545,PO167JL
PO16 7PG,50.85967,-1.195632,PO167PG
PO16 8XT,50.8595,-1.164462,PO168XT
PO16 9QD,50.84615,-1.123167,PO169QD
PO16 9UL,50.84587,-1.128001,PO169UL
PO17 5JQ,50.8995,-1.187381,PO175JQ
PO17 6DF,50.89299,-1.14272,PO176DF
PO18 0FB,50.84674,-0.756702,PO180FB
PO18 9HP,50.89278,-0.811186,PO189HP
PO19 1BA,50.84015,-0.778693,PO191BA
PO19 1BJ,50.84108,-0.778683,PO191BJ
PO19 1ED,50.83633,-0.773992,PO191ED
PO19 1HA,50.83625,-0.778354,PO191HA
PO19 1LQ,50.83719,-0.778614,PO191LQ
PO19 1PL,50.83693,-0.775709,PO191PL
PO19 3DG,50.84265,-0.790175,PO193DG
PO19 6RS,50.85302,-0.770557,PO196RS
PO19 7FA,50.83651,-0.7599,PO197FA
PO19 8FX,50.83195,-0.756825,PO198FX
PO19 8FY,50.83402,-0.795922,PO198FY
PO19 8TF,50.82346,-0.78803,PO198TF
PO19 8TT,50.82996,-0.787365,PO198TT
PO19 8TX,50.83226,-0.79192,PO198TX
PO2 0LN,50.81465,-1.079568,PO20LN
PO2 7JP,50.81188,-1.072597,PO27JP
PO2 8AA,50.8135,-1.08182,PO28AA
PO2 8AL,50.81287,-1.080938,PO28AL
PO2 9AJ,50.82003,-1.077646,PO29AJ
PO2 9DT,50.82839,-1.075422,PO29DT
PO2 9SD,50.82912,-1.070694,PO29SD
PO20 0AX,50.73692,-0.790392,PO200AX
PO20 0LF,50.7275,-0.795579,PO200LF
PO20 0QE,50.73212,-0.792726,PO200QE
PO20 0RS,50.73152,-0.792245,PO200RS
PO20 1DY,50.82315,-0.728706,PO201DY
PO20 1QH,50.82362,-0.750658,PO201QH
PO20 2AA,50.83832,-0.749768,PO202AA
PO20 3BD,50.84312,-0.662413,PO203BD
PO20 7NG,50.77242,-0.791122,PO207NG
PO20 7PE,50.83068,-0.802824,PO207PE
PO20 8RG,50.76033,-0.850289,PO208RG
PO20 9AN,50.72997,-0.794963,PO209AN
PO20 9DH,50.72836,-0.79764,PO209DH
PO20 9DY,50.74788,-0.781803,PO209DY
PO21 1ER,50.78528,-0.673129,PO211ER
PO21 1HP,50.78781,-0.662928,PO211HP
PO21 1QF,50.78616,-0.676041,PO211QF
PO21 1QN,50.7841,-0.675446,PO211QN
PO21 2LN,50.78089,-0.682445,PO212LN
PO21 2NJ,50.7812,-0.685571,PO212NJ
PO21 2QP,50.78044,-0.689805,PO212QP
PO21 3JX,50.77972,-0.734976,PO213JX
PO21 4TW,50.77027,-0.738521,PO214TW
PO21 5AA,50.79487,-0.681556,PO215AA
PO21 5LU,50.79047,-0.688646,PO215LU
PO22 0AL,50.83288,-0.620884,PO220AL
PO22 6DZ,50.7951,-0.617697,PO226DZ
PO22 7HE,50.79007,-0.644888,PO227HE
PO22 7PG,50.79062,-0.653612,PO227PG
PO22 7QE,50.79258,-0.637153,PO227QE
PO22 9SL,50.80154,-0.674017,PO229SL
PO3 5DA,50.81641,-1.06433,PO35DA
PO3 5EG,50.82111,-1.065387,PO35EG
PO3 5EJ,50.82573,-1.066019,PO35EJ
PO3 5QP,50.82104,-1.052284,PO35QP
PO30 1BW,50.69789,-1.300125,PO301BW
PO30 1JN,50.70004,-1.289941,PO301JN
PO30 1NJ,50.69151,-1.305841,PO301NJ
PO30 1SS,50.70021,-1.291822,PO301SS
PO30 1UD,50.7006,-1.29081,PO301UD
PO30 2AA,50.69785,-1.289266,PO302AA
PO30 2QR,50.70276,-1.290296,PO302QR
PO30 4DZ,50.64863,-1.41629,PO304DZ
PO30 5BA,50.7011,-1.29253,PO305BA
PO30 5BZ,50.70221,-1.295487,PO305BZ
PO30 5HT,50.70721,-1.300865,PO305HT
PO30 5UN,50.7006,-1.300453,PO305UN
PO30 5WB,50.71274,-1.296094,PO305WB
PO30 5YL,50.70644,-1.29439,PO305YL
PO31 7AD,50.75095,-1.311071,PO317AD
PO32 6HN,50.74933,-1.283582,PO326HN
PO33 1DR,50.72115,-1.149983,PO331DR
PO33 1JE,50.73067,-1.152928,PO331JE
PO33 1LG,50.72782,-1.150854,PO331LG
PO33 1QT,50.71261,-1.145464,PO331QT
PO33 2DG,50.7191,-1.164753,PO332DG
PO33 3NB,50.72775,-1.175594,PO333NB
PO33 3NF,50.72918,-1.176787,PO333NF
PO35 5SD,50.69074,-1.088835,PO355SD
PO36 0EQ,50.65028,-1.214252,PO360EQ
PO36 8EB,50.66079,-1.150111,PO368EB
PO36 8EU,50.66051,-1.148461,PO368EU
PO36 9LE,50.6455,-1.168859,PO369LE
PO36 9PH,50.64522,-1.181098,PO369PH
PO37 6AT,50.62962,-1.177495,PO376AT
PO37 6LS,50.62703,-1.186405,PO376LS
PO37 6RG,50.62483,-1.175543,PO376RG
PO37 7JB,50.63847,-1.181626,PO377JB
PO39 0BD,50.68194,-1.541426,PO390BD
PO4 0DE,50.7796,-1.077406,PO40DE
PO4 0DF,50.79292,-1.076122,PO40DF
PO4 0PP,50.78456,-1.073903,PO40PP
PO4 8JP,50.79355,-1.054032,PO48JP
PO4 8PY,50.79869,-1.053063,PO48PY
PO4 8QQ,50.7978,-1.05501,PO48QQ
PO4 9BZ,50.7865,-1.07056,PO49BZ
PO40 9GG,50.69159,-1.528562,PO409GG
PO40 9UH,50.68147,-1.515429,PO409UH
PO40 9UR,50.68313,-1.526198,PO409UR
PO40 9UU,50.68378,-1.528825,PO409UU
PO5 1LJ,50.78966,-1.084344,PO51LJ
PO5 2LH,50.78307,-1.084586,PO52LH
PO6 2SA,50.83736,-1.062208,PO62SA
PO6 2TL,50.83941,-1.057083,PO62TL
PO6 3AG,50.84431,-1.067508,PO63AG
PO6 3DX,50.84594,-1.068669,PO63DX
PO6 3DY,50.84637,-1.06768,PO63DY
PO6 3EX,50.84529,-1.069775,PO63EX
PO6 3EZ,50.84073,-1.082777,PO63EZ
PO6 3QZ,50.84933,-1.078701,PO63QZ
PO6 3UD,50.85125,-1.067753,PO63UD
PO6 4PY,50.84673,-1.114917,PO64PY
PO6 4TY,50.8461,-1.101193,PO64TY
PO7 7DT,50.88005,-1.030262,PO77DT
PO7 7NF,50.88274,-1.026325,PO77NF
PO7 7SQ,50.88621,-1.043128,PO77SQ
PO7 7TH,50.88686,-1.044679,PO77TH
PO7 7YH,50.88557,-1.042473,PO77YH
PO7 7YP,50.89128,-1.048612,PO77YP
PO8 0DB,50.91227,-0.995241,PO80DB
PO8 8UJ,50.89442,-1.018503,PO88UJ
PO8 9FA,50.9034,-1.031853,PO89FA
PO9 1BE,50.85206,-0.980596,PO91BE
PO9 1BG,50.85237,-0.98066,PO91BG
PO9 1HS,50.84698,-1.001246,PO91HS
PO9 1JW,50.84575,-0.993006,PO91JW
PO9 1QN,50.84426,-0.987626,PO91QN
PO9 2ET,50.85666,-0.980169,PO92ET
PO9 2NP,50.862,-0.967691,PO92NP
PO9 2SN,50.85074,-0.974857,PO92SN
PO9 5JL,50.875,-0.969891,PO95JL
PR1 0DQ,53.74989,-2.732225,PR10DQ
PR1 1AF,53.76244,-2.69622,PR11AF
PR1 1LB,53.77086,-2.705781,PR11LB
PR1 2HB,53.76121,-2.704118,PR12HB
PR1 2QD,53.76129,-2.701449,PR12QD
PR1 3BY,53.75975,-2.691974,PR13BY
PR1 3NU,53.7572,-2.700031,PR13NU
PR1 3XX,53.75825,-2.695225,PR13XX
PR1 3YH,53.75843,-2.693302,PR13YH
PR1 4XJ,53.76081,-2.679037,PR14XJ
PR1 4XR,53.76228,-2.676937,PR14XR
PR1 5EA,53.76689,-2.679879,PR15EA
PR1 5EZ,53.76262,-2.689503,PR15EZ
PR1 5XE,53.76544,-2.670025,PR15XE
PR1 6AQ,53.76942,-2.70075,PR16AQ
PR1 6AS,53.7712,-2.703344,PR16AS
PR1 6QQ,53.76654,-2.687944,PR16QQ
PR1 7QE,53.77225,-2.7138,PR17QE
PR1 8BU,53.75713,-2.7032,PR18BU
PR1 8HU,53.75375,-2.70974,PR18HU
PR1 8QF,53.75678,-2.708639,PR18QF
PR1 8SJ,53.75943,-2.716996,PR18SJ
PR1 8UQ,53.76036,-2.717497,PR18UQ
PR1 8XE,53.76033,-2.714539,PR18XE
PR1 9UR,53.73336,-2.709397,PR19UR
PR2 1ES,53.76807,-2.736304,PR21ES
PR2 2XP,53.76021,-2.752079,PR22XP
PR2 2XS,53.76164,-2.741546,PR22XS
PR2 2YB,53.75973,-2.72419,PR22YB
PR2 2YP,53.76136,-2.744044,PR22YP
PR2 2YQ,53.76032,-2.727068,PR22YQ
PR2 2YS,53.76052,-2.746775,PR22YS
PR2 3AA,53.77396,-2.713283,PR23AA
PR2 3AE,53.77468,-2.709502,PR23AE
PR2 3BH,53.77704,-2.70983,PR23BH
PR2 3LF,53.77657,-2.730824,PR23LF
PR2 3NU,53.78498,-2.722304,PR23NU
PR2 3WQ,53.78246,-2.739288,PR23WQ
PR2 3XH,53.7786,-2.745078,PR23XH
PR2 5BL,53.7871,-2.649683,PR25BL
PR2 6DA,53.77107,-2.670373,PR26DA
PR2 6FY,53.77166,-2.657577,PR26FY
PR2 8ED,53.77946,-2.697579,PR28ED
PR2 8JE,53.77713,-2.712836,PR28JE
PR2 8NS,53.7764,-2.704418,PR28NS
PR2 8YS,53.78799,-2.70279,PR28YS
PR2 9XY,53.79047,-2.714778,PR29XY
PR2 9ZG,53.79688,-2.68797,PR29ZG
PR2 9ZZ,53.79686,-2.69002,PR29ZZ
PR25 1HR,53.68966,-2.709313,PR251HR
PR25 2EX,53.69048,-2.699832,PR252EX
PR25 2NZ,53.69735,-2.692251,PR252NZ
PR25 2SL,53.69658,-2.693329,PR252SL
PR25 2YJ,53.6986,-2.712129,PR252YJ
PR25 3EX,53.68951,-2.689215,PR253EX
PR25 3GR,53.70814,-2.687641,PR253GR
PR25 4YU,53.70374,-2.680223,PR254YU
PR26 6QG,53.70373,-2.713897,PR266QG
PR3 1EF,53.90109,-2.775686,PR31EF
PR3 1GD,53.89029,-2.747368,PR31GD
PR3 1LL,53.90071,-2.774888,PR31LL
PR3 1NS,53.90152,-2.775603,PR31NS
PR3 1PG,53.89803,-2.776558,PR31PG
PR3 1YD,53.89095,-2.768606,PR31YD
PR3 2XE,53.84154,-2.543535,PR32XE
PR3 5BJ,53.80448,-2.702262,PR35BJ
PR4 0HZ,53.79302,-2.751846,PR40HZ
PR4 2AH,53.78218,-2.87484,PR42AH
PR4 2AS,53.78227,-2.877073,PR42AS
PR4 2HY,53.78521,-2.8853,PR42HY
PR4 5GE,53.71079,-2.790514,PR45GE
PR4 6UP,53.67934,-2.830772,PR46UP
PR5 0RB,53.74487,-2.597295,PR50RB
PR5 4ED,53.74002,-2.634234,PR54ED
PR5 6BL,53.72239,-2.671325,PR56BL
PR5 6JD,53.73042,-2.663632,PR56JD
PR5 6LF,53.72968,-2.659149,PR56LF
PR5 6UP,53.72829,-2.666038,PR56UP
PR5 6ZE,53.73407,-2.650607,PR56ZE
PR6 0AG,53.6571,-2.6194,PR60AG
PR6 0FJ,53.651,-2.617934,PR60FJ
PR6 0HW,53.65993,-2.625222,PR60HW
PR6 0PJ,53.65134,-2.622039,PR60PJ
PR6 0PT,53.65236,-2.618726,PR60PT
PR6 7AU,53.66764,-2.631905,PR67AU
PR6 7DX,53.68829,-2.648492,PR67DX
PR6 7EU,53.70007,-2.652536,PR67EU
PR7 1HR,53.65372,-2.635888,PR71HR
PR7 1JE,53.6534,-2.636171,PR71JE
PR7 1NY,53.65607,-2.655669,PR71NY
PR7 1PS,53.66725,-2.635471,PR71PS
PR7 2EX,53.65028,-2.63216,PR72EX
PR7 2SE,53.65276,-2.632742,PR72SE
PR7 2SL,53.65089,-2.631866,PR72SL
PR7 4QN,53.62078,-2.657013,PR74QN
PR7 5BW,53.62744,-2.661894,PR75BW
PR7 6TB,53.67229,-2.66694,PR76TB
PR7 6TE,53.67275,-2.666539,PR76TE
PR7 7EP,53.67949,-2.664465,PR77EP
PR7 7NA,53.68672,-2.672574,PR77NA
PR8 1AW,53.64426,-3.001895,PR81AW
PR8 1DQ,53.64383,-3.002716,PR81DQ
PR8 1EF,53.64324,-3.002717,PR81EF
PR8 1HN,53.6422,-3.00416,PR81HN
PR8 1LQ,53.64357,-3.010546,PR81LQ
PR8 1RE,53.64637,-3.010613,PR81RE
PR8 2DT,53.6349,-3.015435,PR82DT
PR8 4DS,53.62907,-3.004997,PR84DS
PR8 4PE,53.61944,-3.015805,PR84PE
PR8 5AB,53.64014,-3.003083,PR85AB
PR8 6BT,53.64288,-2.985268,PR86BT
PR8 6JE,53.64133,-2.991025,PR86JE
PR8 6PA,53.63878,-2.988334,PR86PA
PR9 0NS,53.64872,-3.001486,PR90NS
PR9 0QE,53.65052,-2.999214,PR90QE
PR9 0SS,53.6469,-2.993652,PR90SS
PR9 7LG,53.6582,-2.969465,PR97LG
PR9 7QP,53.65374,-2.965202,PR97QP
PR9 9DH,53.65877,-2.981054,PR99DH
PR9 9JL,53.65166,-2.984021,PR99JL
PR9 9LR,53.65676,-2.98302,PR99LR
RG1 1LX,51.45808,-0.972693,RG11LX
RG1 1NU,51.45778,-0.975953,RG11NU
RG1 2LG,51.45502,-0.974546,RG12LG
RG1 2LR,51.45383,-0.97322,RG12LR
RG1 2TH,51.4491,-0.966074,RG12TH
RG1 3EU,51.45568,-0.968026,RG13EU
RG1 4PS,51.4526,-0.968024,RG14PS
RG1 4QA,51.4513,-0.967204,RG14QA
RG1 4SJ,51.45137,-0.967864,RG14SJ
RG1 5NR,51.45064,-0.948914,RG15NR
RG1 5PF,51.4489,-0.952451,RG15PF
RG1 6QL,51.44951,-0.974986,RG16QL
RG1 7BX,51.45767,-0.979222,RG17BX
RG1 7EB,51.45818,-0.977038,RG17EB
RG1 7HN,51.45811,-0.979673,RG17HN
RG1 7QE,51.45481,-0.975875,RG17QE
RG1 7QF,51.45454,-0.97732,RG17QF
RG1 8ED,51.4617,-0.983537,RG18ED
RG1 8EQ,51.46367,-0.985466,RG18EQ
RG10 9AA,51.49304,-0.841678,RG109AA
RG10 9AQ,51.47785,-0.870215,RG109AQ
RG10 9SR,51.49464,-0.843856,RG109SR
RG10 9TU,51.4754,-0.86574,RG109TU
RG10 9XQ,51.48845,-0.841045,RG109XQ
RG12 1JD,51.41418,-0.753095,RG121JD
RG12 1JS,51.41454,-0.762044,RG121JS
RG12 1RB,51.41535,-0.775425,RG121RB
RG12 1WA,51.41535,-0.757723,RG121WA
RG12 2AA,51.41555,-0.739727,RG122AA
RG12 2HZ,51.41977,-0.744861,RG122HZ
RG12 2SE,51.41394,-0.720445,RG122SE
RG12 8FB,51.40971,-0.767365,RG128FB
RG12 9DY,51.4085,-0.747901,RG129DY
RG12 9SL,51.40541,-0.744103,RG129SL
RG14 1AX,51.40605,-1.32463,RG141AX
RG14 1BA,51.40536,-1.324425,RG141BA
RG14 1BD,51.4036,-1.327067,RG141BD
RG14 1JB,51.40598,-1.325638,RG141JB
RG14 1JG,51.406,-1.32696,RG141JG
RG14 1LE,51.40809,-1.320862,RG141LE
RG14 2FL,51.40536,-1.311989,RG142FL
RG14 5LD,51.39837,-1.324686,RG145LD
RG14 5QA,51.39817,-1.327046,RG145QA
RG14 5SJ,51.40074,-1.301851,RG145SJ
RG14 5TA,51.39928,-1.309176,RG145TA
RG14 7EB,51.38835,-1.321069,RG147EB
RG14 7PA,51.39655,-1.314823,RG147PA
RG14 7RB,51.39562,-1.317612,RG147RB
RG17 0DL,51.41593,-1.51472,RG170DL
RG17 0EJ,51.41862,-1.514591,RG170EJ
RG17 0ET,51.41961,-1.50867,RG170ET
RG17 0HR,51.40519,-1.512174,RG170HR
RG17 8YQ,51.50858,-1.526431,RG178YQ
RG17 9AA,51.39743,-1.476824,RG179AA
RG18 3GT,51.41126,-1.280152,RG183GT
RG18 4AE,51.40424,-1.258295,RG184AE
RG19 3JD,51.40333,-1.2591,RG193JD
RG19 4AU,51.40203,-1.256059,RG194AU
RG19 8BG,51.35723,-1.20392,RG198BG
RG19 8FB,51.38284,-1.312758,RG198FB
RG2 0BS,51.43218,-0.971735,RG20BS
RG2 0LU,51.43766,-0.969986,RG20LU
RG2 0NH,51.43731,-0.973001,RG20NH
RG2 0NS,51.44067,-0.964552,RG20NS
RG2 0RR,51.44769,-0.975099,RG20RR
RG2 6AR,51.42537,-0.996036,RG26AR
RG2 6UB,51.42517,-0.987929,RG26UB
RG2 6UU,51.42226,-0.992163,RG26UU
RG2 7RB,51.43049,-0.965329,RG27RB
RG2 8AG,51.42605,-0.963171,RG28AG
RG2 8BN,51.42455,-0.967491,RG28BN
RG2 8PR,51.41544,-0.962778,RG28PR
RG2 9US,51.37764,-0.90287,RG29US
RG20 4SW,51.33096,-1.250349,RG204SW
RG21 4HG,51.26805,-1.074193,RG214HG
RG21 6AG,51.26731,-1.096855,RG216AG
RG21 7EE,51.26221,-1.088385,RG217EE
RG21 7PF,51.26143,-1.086207,RG217PF
RG21 7PU,51.26437,-1.083254,RG217PU
RG21 7QQ,51.26354,-1.087842,RG217QQ
RG22 4AG,51.25333,-1.102976,RG224AG
RG22 4BW,51.24381,-1.118089,RG224BW
RG22 6QG,51.25658,-1.117759,RG226QG
RG23 8DL,51.27622,-1.122716,RG238DL
RG23 8HF,51.27282,-1.128056,RG238HF
RG24 7AL,51.27155,-1.057207,RG247AL
RG24 7JN,51.26572,-1.035081,RG247JN
RG24 8AG,51.28131,-1.060218,RG248AG
RG24 8BX,51.28269,-1.055416,RG248BX
RG24 8GT,51.28054,-1.067231,RG248GT
RG24 8PE,51.2795,-1.067969,RG248PE
RG24 8PF,51.27731,-1.071684,RG248PF
RG24 8PH,51.2769,-1.072667,RG248PH
RG24 8TR,51.2918,-1.060994,RG248TR
RG24 8UP,51.27751,-1.06378,RG248UP
RG24 8WD,51.29309,-1.069588,RG248WD
RG24 9DX,51.28393,-1.092902,RG249DX
RG24 9GF,51.2847,-1.091983,RG249GF
RG24 9NP,51.27851,-1.106916,RG249NP
RG24 9TB,51.27867,-1.11173,RG249TB
RG26 3TH,51.3522,-1.127023,RG263TH
RG27 8NY,51.30668,-0.899013,RG278NY
RG29 1DU,51.25661,-0.949148,RG291DU
RG30 1BS,51.45802,-0.993838,RG301BS
RG30 1EA,51.46151,-1.000369,RG301EA
RG30 2DA,51.44894,-0.999765,RG302DA
RG30 2ES,51.44942,-0.998618,RG302ES
RG30 2RL,51.45877,-1.007698,RG302RL
RG30 2SS,51.45654,-1.000708,RG302SS
RG30 3NB,51.43789,-1.020293,RG303NB
RG30 3NT,51.44258,-1.019545,RG303NT
RG30 4AA,51.44971,-1.017147,RG304AA
RG30 4DG,51.4559,-1.016093,RG304DG
RG30 4QS,51.44465,-1.023515,RG304QS
RG30 4XR,51.45938,-1.032039,RG304XR
RG30 4YT,51.45929,-1.019346,RG304YT
RG30 6BU,51.4599,-1.034302,RG306BU
RG31 6HS,51.46225,-1.037521,RG316HS
RG31 6QR,51.46905,-1.047873,RG316QR
RG31 7RS,51.43945,-1.036575,RG317RS
RG4 5AF,51.468,-0.961026,RG45AF
RG4 5DA,51.46828,-0.951748,RG45DA
RG4 7DH,51.47098,-0.987435,RG47DH
RG4 7HD,51.47837,-0.992153,RG47HD
RG4 8DZ,51.46765,-0.97651,RG48DZ
RG4 9AQ,51.51557,-1.009721,RG49AQ
RG40 1AU,51.41131,-0.835276,RG401AU
RG40 1BJ,51.4117,-0.837279,RG401BJ
RG40 1XH,51.41143,-0.830197,RG401XH
RG40 1XP,51.41123,-0.829987,RG401XP
RG40 1XU,51.41174,-0.832073,RG401XU
RG40 3AE,51.4028,-0.81505,RG403AE
RG41 2AD,51.40504,-0.844147,RG412AD
RG41 2FD,51.40131,-0.848928,RG412FD
RG41 2GY,51.40276,-0.849064,RG412GY
RG41 2PY,51.40437,-0.844553,RG412PY
RG41 2QJ,51.40393,-0.849221,RG412QJ
RG41 2RP,51.40621,-0.852183,RG412RP
RG41 2RX,51.40487,-0.842268,RG412RX
RG41 5FL,51.42974,-0.880377,RG415FL
RG41 5RD,51.43858,-0.892376,RG415RD
RG41 5SY,51.42608,-0.884739,RG415SY
RG41 5TL,51.42992,-0.867974,RG415TL
RG41 5TP,51.43681,-0.883643,RG415TP
RG42 2BN,51.42367,-0.758677,RG422BN
RG42 2JP,51.42733,-0.741877,RG422JP
RG42 2PE,51.42653,-0.749926,RG422PE
RG42 3JP,51.42625,-0.731363,RG423JP
RG42 5TB,51.43535,-0.790801,RG425TB
RG45 6BQ,51.37632,-0.817616,RG456BQ
RG45 6GT,51.36907,-0.804156,RG456GT
RG45 6NA,51.37124,-0.792606,RG456NA
RG45 7AF,51.36832,-0.793315,RG457AF
RG45 7AH,51.36701,-0.794125,RG457AH
RG5 3JG,51.44882,-0.915038,RG53JG
RG5 3LE,51.4469,-0.902119,RG53LE
RG5 3PY,51.44124,-0.901218,RG53PY
RG5 4DH,51.44258,-0.897172,RG54DH
RG5 4JB,51.45425,-0.905368,RG54JB
RG6 1JH,51.45201,-0.945084,RG61JH
RG6 1PT,51.46058,-0.93245,RG61PT
RG6 5SY,51.42609,-0.933571,RG65SY
RG7 1WY,51.37802,-0.966239,RG71WY
RG7 2BJ,51.3746,-0.984332,RG72BJ
RG7 3GN,51.39746,-1.074156,RG73GN
RG7 4AA,51.43552,-1.075559,RG74AA
RG7 4SA,51.43569,-1.063543,RG74SA
RG7 8NA,51.36184,-1.163926,RG78NA
RG7 8RA,51.36154,-1.161202,RG78RA
RG8 0DN,51.52959,-1.128637,RG80DN
RG8 0QY,51.53361,-1.067532,RG80QY
RG8 0RX,51.53163,-1.071926,RG80RX
RG8 7JW,51.47992,-1.083114,RG87JW
RG8 7LR,51.48397,-1.085193,RG87LR
RG8 8BJ,51.4806,-1.043067,RG88BJ
RG8 8EH,51.47884,-1.044947,RG88EH
RG9 1HG,51.52936,-0.895508,RG91HG
RG9 1QW,51.52948,-0.914578,RG91QW
RG9 1SB,51.53592,-0.904692,RG91SB
RG9 2LX,51.5356,-0.896295,RG92LX
RG9 3JN,51.50916,-0.891559,RG93JN
RG9 4HE,51.52724,-0.895199,RG94HE
RH1 1BU,51.24207,-0.171029,RH11BU
RH1 1QZ,51.24223,-0.169003,RH11QZ
RH1 1SG,51.23833,-0.168599,RH11SG
RH1 1SS,51.24384,-0.172249,RH11SS
RH1 3DG,51.26508,-0.120663,RH13DG
RH1 3DR,51.25782,-0.155586,RH13DR
RH1 3JD,51.26072,-0.141953,RH13JD
RH1 4BH,51.23987,-0.163352,RH14BH
RH1 4EA,51.22953,-0.155112,RH14EA
RH1 4HW,51.23927,-0.122287,RH14HW
RH1 5BS,51.20768,-0.16854,RH15BS
RH1 5BX,51.20348,-0.167576,RH15BX
RH1 5HT,51.21491,-0.172707,RH15HT
RH1 5YP,51.21602,-0.138354,RH15YP
RH1 6PW,51.23731,-0.169384,RH16PW
RH10 1BQ,51.11469,-0.189978,RH101BQ
RH10 1JH,51.11293,-0.187232,RH101JH
RH10 1TN,51.11449,-0.165854,RH101TN
RH10 1TT,51.11349,-0.177452,RH101TT
RH10 1XP,51.11615,-0.187163,RH101XP
RH10 3BB,51.12669,-0.155024,RH103BB
RH10 6AG,51.11222,-0.189202,RH106AG
RH10 6AS,51.11186,-0.188374,RH106AS
RH10 6BD,51.11096,-0.18868,RH106BD
RH10 6JZ,51.11129,-0.168352,RH106JZ
RH10 6RS,51.10682,-0.190913,RH106RS
RH10 7DG,51.11421,-0.153192,RH107DG
RH10 7SL,51.11694,-0.147454,RH107SL
RH10 8EE,51.1242,-0.17763,RH108EE
RH10 8JZ,51.12665,-0.184694,RH108JZ
RH10 9LU,51.13684,-0.165797,RH109LU
RH10 9NH,51.13434,-0.168784,RH109NH
RH10 9PJ,51.13559,-0.166133,RH109PJ
RH10 9SE,51.13168,-0.175421,RH109SE
RH10 9WE,51.13185,-0.176514,RH109WE
RH11 0JX,51.13518,-0.215048,RH110JX
RH11 0PR,51.14548,-0.182482,RH110PR
RH11 7XA,51.13615,-0.191811,RH117XA
RH11 7XL,51.13664,-0.191363,RH117XL
RH11 7XX,51.13277,-0.191243,RH117XX
RH11 8UR,51.10045,-0.217186,RH118UR
RH11 9AD,51.07655,-0.203044,RH119AD
RH12 1AF,51.06474,-0.327997,RH121AF
RH12 1DD,51.06282,-0.323628,RH121DD
RH12 1GF,51.06093,-0.355149,RH121GF
RH12 1LE,51.05732,-0.344146,RH121LE
RH12 1TL,51.06064,-0.335009,RH121TL
RH12 2FX,51.07686,-0.333613,RH122FX
RH12 2RB,51.07672,-0.333061,RH122RB
RH12 4QD,51.09958,-0.319741,RH124QD
RH12 4RU,51.08486,-0.283594,RH124RU
RH12 4SE,51.09499,-0.246701,RH124SE
RH12 4TB,51.08059,-0.258896,RH124TB
RH13 0JS,51.05518,-0.3512,RH130JS
RH13 0TP,51.06393,-0.376579,RH130TP
RH13 5AA,51.0607,-0.323033,RH135AA
RH13 5BB,51.05967,-0.321572,RH135BB
RH13 5UR,51.06783,-0.314654,RH135UR
RH13 6QT,51.01154,-0.332463,RH136QT
RH13 9AF,51.01628,-0.343998,RH139AF
RH14 9BF,51.02637,-0.452114,RH149BF
RH14 9QX,51.02114,-0.45226,RH149QX
RH14 9SJ,51.01472,-0.446871,RH149SJ
RH14 9UR,51.01581,-0.449216,RH149UR
RH15 8DN,50.95532,-0.12786,RH158DN
RH15 8HB,50.95979,-0.134145,RH158HB
RH15 9BH,50.95622,-0.135057,RH159BH
RH15 9BQ,50.9562,-0.131954,RH159BQ
RH15 9BS,50.95559,-0.135481,RH159BS
RH15 9DD,50.95465,-0.135419,RH159DD
RH15 9DE,50.95433,-0.128825,RH159DE
RH15 9LH,50.95549,-0.148485,RH159LH
RH15 9QU,50.9553,-0.139593,RH159QU
RH15 9RN,50.95641,-0.139393,RH159RN
RH16 1UA,51.00897,-0.099243,RH161UA
RH16 2PD,51.01757,-0.084377,RH162PD
RH16 4LA,50.99664,-0.101572,RH164LA
RH16 4PF,50.99484,-0.108115,RH164PF
RH16 4XH,50.99915,-0.117345,RH164XH
RH17 5BF,51.0076,-0.132298,RH175BF
RH17 7RF,50.96669,-0.091897,RH177RF
RH19 1ER,51.13087,-0.019677,RH191ER
RH19 1PX,51.13399,-0.023974,RH191PX
RH19 2HQ,51.1464,-0.017768,RH192HQ
RH19 2LQ,51.15932,-0.028427,RH192LQ
RH19 3BD,51.12595,-0.008897,RH193BD
RH19 3DD,51.12401,-0.005051,RH193DD
RH19 3DE,51.12373,-0.005191,RH193DE
RH2 0AH,51.23825,-0.202196,RH20AH
RH2 7AN,51.23513,-0.20398,RH27AN
RH2 7QS,51.21787,-0.199539,RH27QS
RH2 8AU,51.22401,-0.200001,RH28AU
RH2 8EF,51.22495,-0.199363,RH28EF
RH2 9AA,51.23742,-0.206254,RH29AA
RH2 9BL,51.23845,-0.211329,RH29BL
RH2 9BX,51.23943,-0.21364,RH29BX
RH2 9RJ,51.24111,-0.205968,RH29RJ
RH20 1AS,50.9623,-0.50591,RH201AS
RH20 4AG,50.91037,-0.420903,RH204AG
RH20 4EE,50.91838,-0.456285,RH204EE
RH20 4RG,50.92032,-0.470733,RH204RG
RH4 1PT,51.23895,-0.316449,RH41PT
RH4 1SJ,51.2356,-0.325295,RH41SJ
RH4 3EJ,51.22547,-0.334327,RH43EJ
RH5 4QU,51.17928,-0.317018,RH54QU
RH5 5DD,51.15721,-0.294282,RH55DD
RH6 0BD,51.16793,-0.186492,RH60BD
RH6 7AB,51.17238,-0.164788,RH67AB
RH6 7PH,51.17171,-0.163956,RH67PH
RH6 8HJ,51.18013,-0.180648,RH68HJ
RH6 9AU,51.17451,-0.157036,RH69AU
RH6 9FD,51.1823,-0.150801,RH69FD
RH6 9GA,51.17628,-0.157609,RH69GA
RH6 9LR,51.17463,-0.136788,RH69LR
RH6 9LW,51.17416,-0.157536,RH69LW
RH7 6NJ,51.15697,-0.005274,RH76NJ
RH7 6PY,51.16158,0.006581,RH76PY
RH8 0BT,51.25721,-0.000208,RH80BT
RH8 0RP,51.22562,0.011312,RH80RP
RH8 9EP,51.25677,-0.006619,RH89EP
RH9 8ND,51.25528,-0.078484,RH98ND
RM1 1JL,51.57723,0.178414,RM11JL
RM1 1JU,51.57808,0.179985,RM11JU
RM1 1QA,51.57306,0.184464,RM11QA
RM1 1QX,51.57256,0.184281,RM11QX
RM1 2HA,51.57135,0.187384,RM12HA
RM1 2LH,51.57518,0.186615,RM12LH
RM1 3ED,51.57817,0.181317,RM13ED
RM1 3JS,51.57643,0.183687,RM13JS
RM1 3JT,51.57674,0.184005,RM13JT
RM1 3LP,51.57846,0.187508,RM13LP
RM1 3NH,51.57614,0.185232,RM13NH
RM1 3PJ,51.57557,0.184902,RM13PJ
RM1 4BX,51.5853,0.184185,RM14BX
RM1 4EE,51.58832,0.188473,RM14EE
RM1 4SR,51.59111,0.176999,RM14SR
RM10 7AT,51.55603,0.164995,RM107AT
RM10 7DJ,51.55337,0.162085,RM107DJ
RM10 7FN,51.54645,0.170945,RM107FN
RM10 7LB,51.55198,0.151489,RM107LB
RM10 7LU,51.55669,0.151364,RM107LU
RM10 7QT,51.55857,0.152564,RM107QT
RM10 7RE,51.55426,0.148538,RM107RE
RM10 7UP,51.55233,0.164488,RM107UP
RM10 8AT,51.54125,0.167957,RM108AT
RM10 8AX,51.53983,0.169836,RM108AX
RM10 8JT,51.54667,0.15294,RM108JT
RM10 8QR,51.55007,0.160976,RM108QR
RM10 8RX,51.54131,0.155644,RM108RX
RM10 9AB,51.53133,0.155418,RM109AB
RM10 9AR,51.53128,0.155891,RM109AR
RM10 9DJ,51.53161,0.15435,RM109DJ
RM10 9JD,51.53395,0.151331,RM109JD
RM10 9LP,51.53195,0.153745,RM109LP
RM10 9PP,51.53289,0.148599,RM109PP
RM10 9RL,51.53997,0.153908,RM109RL
RM10 9UR,51.53969,0.160744,RM109UR
RM10 9XR,51.53692,0.168689,RM109XR
RM11 1BH,51.56933,0.193275,RM111BH
RM11 1QL,51.56507,0.200473,RM111QL
RM11 1QX,51.5628,0.22049,RM111QX
RM11 1SU,51.56774,0.220254,RM111SU
RM11 2DR,51.57469,0.216682,RM112DR
RM11 2JS,51.57066,0.219242,RM112JS
RM11 3EX,51.57897,0.239349,RM113EX
RM11 3JQ,51.5718,0.230742,RM113JQ
RM11 3LB,51.56696,0.226493,RM113LB
RM12 4EU,51.55736,0.188285,RM124EU
RM12 4TN,51.56527,0.187828,RM124TN
RM12 6NB,51.56028,0.220295,RM126NB
RM12 6RD,51.5533,0.219177,RM126RD
RM13 7PP,51.54072,0.192448,RM137PP
RM13 7PS,51.54175,0.193897,RM137PS
RM13 7TD,51.53554,0.179799,RM137TD
RM13 8BE,51.53036,0.18431,RM138BE
RM13 8EU,51.51769,0.17197,RM138EU
RM13 8TU,51.52844,0.188283,RM138TU
RM13 8TX,51.52781,0.188181,RM138TX
RM13 8XJ,51.52491,0.164687,RM138XJ
RM13 9BH,51.52011,0.203524,RM139BH
RM13 9GP,51.51701,0.191152,RM139GP
RM13 9LA,51.52623,0.209802,RM139LA
RM13 9LZ,51.51722,0.201497,RM139LZ
RM13 9QD,51.52655,0.213047,RM139QD
RM13 9QU,51.52718,0.213971,RM139QU
RM13 9XL,51.51935,0.210767,RM139XL
RM13 9YA,51.50675,0.180067,RM139YA
RM14 1TH,51.57474,0.277951,RM141TH
RM14 2ED,51.54944,0.246655,RM142ED
RM14 3TU,51.54684,0.360027,RM143TU
RM15 4BX,51.49886,0.254656,RM154BX
RM15 5FR,51.51472,0.286198,RM155FR
RM15 5JJ,51.51004,0.273958,RM155JJ
RM15 5PS,51.50332,0.287486,RM155PS
RM15 5PX,51.50293,0.282769,RM155PX
RM16 2AA,51.49591,0.331966,RM162AA
RM16 2DW,51.487,0.352917,RM162DW
RM16 2PQ,51.49624,0.328597,RM162PQ
RM16 3HS,51.51473,0.37095,RM163HS
RM16 4EX,51.48284,0.360164,RM164EX
RM16 5UU,51.4963,0.300346,RM165UU
RM16 6QJ,51.48731,0.30796,RM166QJ
RM16 6RR,51.48978,0.296157,RM166RR
RM17 5DD,51.47868,0.32341,RM175DD
RM17 5DF,51.47825,0.324036,RM175DF
RM17 5DS,51.47901,0.32442,RM175DS
RM17 5DX,51.47937,0.324612,RM175DX
RM17 5NR,51.48782,0.337847,RM175NR
RM17 5RS,51.48872,0.336266,RM175RS
RM17 5RY,51.48893,0.340915,RM175RY
RM17 5RZ,51.48892,0.339042,RM175RZ
RM17 6DU,51.48399,0.3435,RM176DU
RM17 6FL,51.4759,0.341862,RM176FL
RM17 6HB,51.47734,0.342468,RM176HB
RM17 6LU,51.47799,0.32264,RM176LU
RM17 6LY,51.47747,0.322456,RM176LY
RM17 6PH,51.47543,0.312429,RM176PH
RM17 6SB,51.47355,0.331732,RM176SB
RM17 6SS,51.47707,0.335872,RM176SS
RM18 7HG,51.472,0.341835,RM187HG
RM18 7ND,51.45311,0.367569,RM187ND
RM18 7QU,51.46183,0.362924,RM187QU
RM18 7QX,51.46103,0.363012,RM187QX
RM18 8AD,51.46178,0.365269,RM188AD
RM18 8AS,51.46457,0.373029,RM188AS
RM18 8AT,51.46402,0.372914,RM188AT
RM18 8AX,51.46427,0.375937,RM188AX
RM18 8DU,51.46,0.371856,RM188DU
RM18 8ED,51.45958,0.369603,RM188ED
RM18 8HX,51.46711,0.375955,RM188HX
RM18 8NL,51.46918,0.365061,RM188NL
RM18 8RH,51.47868,0.415614,RM188RH
RM18 8TA,51.48303,0.423335,RM188TA
RM18 8YA,51.4598,0.364216,RM188YA
RM19 1GU,51.48839,0.236292,RM191GU
RM2 5EH,51.58641,0.19658,RM25EH
RM2 6JB,51.58466,0.210541,RM26JB
RM20 3JT,51.47597,0.275403,RM203JT
RM20 3LH,51.47548,0.274183,RM203LH
RM20 4AR,51.47654,0.290956,RM204AR
RM20 4XX,51.4766,0.300506,RM204XX
RM3 0AP,51.59164,0.2183,RM30AP
RM3 0BP,51.59368,0.233747,RM30BP
RM3 0BS,51.59398,0.234571,RM30BS
RM3 0JA,51.59689,0.240836,RM30JA
RM3 0JF,51.59689,0.24085,RM30JF
RM3 0JU,51.59959,0.246269,RM30JU
RM3 0SH,51.59842,0.242384,RM30SH
RM3 7AA,51.59664,0.210141,RM37AA
RM3 7HB,51.59883,0.208616,RM37HB
RM3 7HR,51.59902,0.210227,RM37HR
RM3 7YL,51.61199,0.217199,RM37YL
RM3 8BS,51.60225,0.217056,RM38BS
RM3 8HL,51.60574,0.218886,RM38HL
RM3 8JD,51.60423,0.216517,RM38JD
RM3 8JY,51.60476,0.214391,RM38JY
RM3 8SF,51.59524,0.216628,RM38SF
RM3 9HB,51.61207,0.226129,RM39HB
RM3 9JN,51.60308,0.234931,RM39JN
RM5 2ED,51.60687,0.160582,RM52ED
RM5 3BL,51.5892,0.170282,RM53BL
RM5 3QA,51.60778,0.176252,RM53QA
RM5 3XB,51.60128,0.178151,RM53XB
RM6 4AT,51.57024,0.126548,RM64AT
RM6 4BB,51.56985,0.127439,RM64BB
RM6 4PL,51.57429,0.119535,RM64PL
RM6 4SA,51.57094,0.118124,RM64SA
RM6 4YG,51.58201,0.118379,RM64YG
RM6 5TP,51.57779,0.131043,RM65TP
RM6 5TR,51.57836,0.12941,RM65TR
RM6 6AX,51.57304,0.146782,RM66AX
RM6 6PY,51.57101,0.130654,RM66PY
RM7 0AZ,51.57002,0.184506,RM70AZ
RM7 0JB,51.56927,0.164008,RM70JB
RM7 0PS,51.56586,0.183614,RM70PS
RM7 0PT,51.56548,0.183798,RM70PT
RM7 0YH,51.55783,0.179825,RM70YH
RM7 0YL,51.55913,0.181835,RM70YL
RM7 0YP,51.55986,0.181812,RM70YP
RM7 7HL,51.5784,0.173621,RM77HL
RM7 7JB,51.58021,0.16789,RM77JB
RM7 7PJ,51.58308,0.172877,RM77PJ
RM7 8QB,51.59148,0.163793,RM78QB
RM7 9DP,51.57212,0.169554,RM79DP
RM7 9PH,51.5727,0.157575,RM79PH
RM7 9QA,51.57514,0.175558,RM79QA
RM8 1JA,51.56669,0.146108,RM81JA
RM8 1JJ,51.56736,0.150656,RM81JJ
RM8 1SP,51.56669,0.131332,RM81SP
RM8 1TT,51.5637,0.130846,RM81TT
RM8 1UH,51.56348,0.125684,RM81UH
RM8 1UU,51.56234,0.123063,RM81UU
RM8 1YT,51.56204,0.123035,RM81YT
RM8 2HN,51.5429,0.115005,RM82HN
RM8 3BS,51.55308,0.132095,RM83BS
RM8 3RU,51.56039,0.126276,RM83RU
RM8 3XH,51.55358,0.127834,RM83XH
RM9 4AT,51.54008,0.116662,RM94AT
RM9 4HX,51.53507,0.119747,RM94HX
RM9 5NU,51.54433,0.14471,RM95NU
RM9 5RP,51.54185,0.144002,RM95RP
RM9 5SL,51.55178,0.131832,RM95SL
RM9 5SR,51.55231,0.135088,RM95SR
RM9 6AG,51.53649,0.147903,RM96AG
RM9 6BQ,51.53308,0.146762,RM96BQ
RM9 6JP,51.53632,0.139517,RM96JP
RM9 6JR,51.5374,0.138602,RM96JR
S1 2BJ,53.38038,-1.462775,S12BJ
S1 2BX,53.37706,-1.465658,S12BX
S1 2DD,53.38416,-1.471372,S12DD
S1 2EA,53.3832,-1.472842,S12EA
S1 2EF,53.38376,-1.469408,S12EF
S1 2GU,53.38253,-1.47273,S12GU
S1 2NG,53.37714,-1.468182,S12NG
S1 2SH,53.37843,-1.470195,S12SH
S1 4BY,53.3842,-1.473161,S14BY
S10 5BY,53.37754,-1.508072,S105BY
S11 8YL,53.36594,-1.491179,S118YL
S11 9AL,53.36319,-1.494818,S119AL
S11 9EF,53.36111,-1.49343,S119EF
S11 9GD,53.35537,-1.507245,S119GD
S11 9RN,53.35193,-1.52719,S119RN
S12 2AW,53.35848,-1.421625,S122AW
S12 4PS,53.34464,-1.388723,S124PS
S12 4SD,53.35137,-1.402057,S124SD
S12 4WD,53.34999,-1.402812,S124WD
S13 7PS,53.35592,-1.361142,S137PS
S13 9BX,53.37268,-1.389795,S139BX
S13 9LQ,53.37253,-1.370874,S139LQ
S14 1AA,53.33952,-1.450717,S141AA
S17 3AJ,53.32385,-1.550095,S173AJ
S17 3GD,53.32631,-1.541091,S173GD
S17 4LY,53.32068,-1.51491,S174LY
S18 1PN,53.30738,-1.479749,S181PN
S2 1AS,53.37072,-1.41677,S21AS
S2 1DS,53.37203,-1.414693,S21DS
S2 1GE,53.36809,-1.440431,S21GE
S2 2AD,53.3578,-1.445344,S22AD
S2 2SE,53.37659,-1.453082,S22SE
S2 3QE,53.37117,-1.461102,S23QE
S2 4DH,53.37102,-1.464215,S24DH
S2 4DL,53.36823,-1.466279,S24DL
S2 4FB,53.36808,-1.469061,S24FB
S2 4HJ,53.36347,-1.472199,S24HJ
S2 4QX,53.37134,-1.469862,S24QX
S2 4SW,53.37074,-1.471974,S24SW
S2 5BQ,53.38558,-1.450696,S25BQ
S20 1BE,53.35054,-1.345749,S201BE
S20 5AF,53.32439,-1.361913,S205AF
S20 6RL,53.34154,-1.378043,S206RL
S20 7NL,53.34086,-1.355555,S207NL
S21 1DY,53.32543,-1.315431,S211DY
S21 1TW,53.31134,-1.319978,S211TW
S21 4BA,53.30375,-1.371479,S214BA
S21 4HL,53.31292,-1.344433,S214HL
S25 3QA,53.37534,-1.234408,S253QA
S25 3RW,53.37945,-1.232921,S253RW
S25 4EQ,53.35594,-1.213601,S254EQ
S26 1HJ,53.35506,-1.257939,S261HJ
S26 5PQ,53.34952,-1.300323,S265PQ
S3 8BT,53.39188,-1.476224,S38BT
S3 8GG,53.38843,-1.466057,S38GG
S3 8JB,53.38666,-1.462756,S38JB
S3 8JD,53.38708,-1.462089,S38JD
S3 8JU,53.38676,-1.462364,S38JU
S3 9DD,53.39391,-1.459958,S39DD
S3 9DQ,53.39586,-1.461407,S39DQ
S33 6RW,53.34074,-1.740973,S336RW
S33 9HG,53.33883,-1.727979,S339HG
S35 0ER,53.43427,-1.537298,S350ER
S35 0GB,53.43966,-1.541725,S350GB
S35 1SF,53.46213,-1.468718,S351SF
S35 1SY,53.46086,-1.464622,S351SY
S35 2PH,53.47293,-1.476116,S352PH
S35 2XH,53.46362,-1.465175,S352XH
S35 2XQ,53.46407,-1.468423,S352XQ
S35 4LE,53.47614,-1.492876,S354LE
S35 9TG,53.44288,-1.45452,S359TG
S35 9XJ,53.44682,-1.445165,S359XJ
S35 9YR,53.44426,-1.456128,S359YR
S35 9YY,53.44164,-1.472421,S359YY
S36 2DT,53.48184,-1.589506,S362DT
S36 6DT,53.52627,-1.631223,S366DT
S4 7LJ,53.39221,-1.454777,S47LJ
S4 7QN,53.39533,-1.449488,S47QN
S4 7WZ,53.38989,-1.445318,S47WZ
S4 8LJ,53.40049,-1.447722,S48LJ
S40 1DU,53.23406,-1.448652,S401DU
S40 1ND,53.23771,-1.435614,S401ND
S40 1NP,53.23708,-1.43829,S401NP
S40 2GQ,53.23308,-1.438732,S402GQ
S40 4AA,53.23846,-1.438541,S404AA
S41 0DT,53.23395,-1.420127,S410DT
S41 0SJ,53.22411,-1.414074,S410SJ
S41 0TZ,53.2458,-1.412579,S410TZ
S41 7GZ,53.24649,-1.426807,S417GZ
S41 7JH,53.24773,-1.426385,S417JH
S41 7LP,53.24142,-1.429871,S417LP
S41 7SL,53.23935,-1.426243,S417SL
S41 7TU,53.23684,-1.423324,S417TU
S41 8JY,53.25412,-1.428339,S418JY
S41 8LP,53.25765,-1.428261,S418LP
S41 8LQ,53.25576,-1.427327,S418LQ
S41 8ND,53.2644,-1.439791,S418ND
S41 8NG,53.26363,-1.437552,S418NG
S41 8NL,53.26352,-1.435769,S418NL
S41 8XA,53.26009,-1.432531,S418XA
S41 9FG,53.26686,-1.44715,S419FG
S41 9LX,53.27306,-1.412729,S419LX
S41 9QD,53.26646,-1.443587,S419QD
S42 5RF,53.19023,-1.350914,S425RF
S42 5ZQ,53.18686,-1.361799,S425ZQ
S42 6UU,53.19822,-1.431178,S426UU
S42 7JE,53.23933,-1.480649,S427JE
S43 2BG,53.27508,-1.402834,S432BG
S43 2PE,53.27045,-1.377227,S432PE
S43 3NW,53.25779,-1.365119,S433NW
S43 3QE,53.26204,-1.34641,S433QE
S43 3TN,53.26988,-1.350683,S433TN
S43 4DN,53.27256,-1.2646,S434DN
S43 4JY,53.27142,-1.268233,S434JY
S43 4PZ,53.28127,-1.286048,S434PZ
S44 5TH,53.23552,-1.382904,S445TH
S44 6BD,53.22901,-1.293149,S446BD
S44 6EA,53.22827,-1.279035,S446EA
S45 0AQ,53.16839,-1.481235,S450AQ
S45 9EE,53.16456,-1.415304,S459EE
S45 9JB,53.166,-1.415359,S459JB
S45 9JW,53.16944,-1.398334,S459JW
S5 0PL,53.42594,-1.443721,S50PL
S5 6GJ,53.41708,-1.434598,S56GJ
S5 7JF,53.41512,-1.461194,S57JF
S5 7SL,53.42552,-1.460235,S57SL
S5 9FS,53.43296,-1.463768,S59FS
S5 9GX,53.42989,-1.470143,S59GX
S5 9JN,53.43695,-1.463658,S59JN
S5 9LX,53.43018,-1.476581,S59LX
S5 9NU,53.43214,-1.481389,S59NU
S6 2FH,53.40059,-1.485518,S62FH
S6 2HH,53.40033,-1.493011,S62HH
S6 3AE,53.39017,-1.478094,S63AE
S6 3EB,53.38984,-1.486263,S63EB
S6 3TP,53.39224,-1.502836,S63TP
S6 4GN,53.40448,-1.504574,S64GN
S6 4HA,53.40435,-1.503327,S64HA
S6 4SP,53.40378,-1.519398,S64SP
S6 4TF,53.40097,-1.519505,S64TF
S60 1AE,53.42907,-1.360875,S601AE
S60 1AP,53.42918,-1.357156,S601AP
S60 1BP,53.42012,-1.363883,S601BP
S60 1BY,53.42242,-1.363608,S601BY
S60 1DH,53.41994,-1.368776,S601DH
S60 1FE,53.41957,-1.383256,S601FE
S60 1RU,53.43558,-1.355615,S601RU
S60 2AG,53.42422,-1.354432,S602AG
S60 2DH,53.42648,-1.354322,S602DH
S60 2NN,53.42781,-1.350555,S602NN
S60 2PB,53.42669,-1.347607,S602PB
S60 4HQ,53.40403,-1.328594,S604HQ
S60 8BQ,53.38021,-1.373948,S608BQ
S61 1SZ,53.43225,-1.376902,S611SZ
S61 2RQ,53.45474,-1.415186,S612RQ
S61 3PF,53.4407,-1.391427,S613PF
S61 3RQ,53.44191,-1.385538,S613RQ
S62 6AA,53.45934,-1.339457,S626AA
S62 6BL,53.45341,-1.341401,S626BL
S62 6DP,53.45455,-1.343191,S626DP
S62 6NU,53.44912,-1.345623,S626NU
S63 5DA,53.51328,-1.363727,S635DA
S63 6PY,53.50447,-1.353199,S636PY
S63 7JZ,53.50209,-1.315229,S637JZ
S64 5SJ,53.4695,-1.304966,S645SJ
S64 9JP,53.49545,-1.28466,S649JP
S64 9PN,53.49871,-1.287499,S649PN
S65 1AL,53.433,-1.354826,S651AL
S65 1ED,53.43135,-1.352382,S651ED
S65 1SG,53.43973,-1.338075,S651SG
S65 2BN,53.43412,-1.340479,S652BN
S65 2QU,53.42982,-1.3329,S652QU
S65 2UF,53.44059,-1.32382,S652UF
S65 3EW,53.4435,-1.313686,S653EW
S65 3HH,53.44247,-1.315509,S653HH
S65 3PA,53.43487,-1.315405,S653PA
S66 1WR,53.41804,-1.256346,S661WR
S66 2SE,53.42558,-1.265726,S662SE
S66 8JB,53.4218,-1.206894,S668JB
S66 8JD,53.42225,-1.20365,S668JD
S66 9BF,53.3902,-1.246516,S669BF
S7 1HD,53.36039,-1.483311,S71HD
S7 2BN,53.34917,-1.493211,S72BN
S7 2EF,53.35284,-1.499778,S72EF
S7 2QA,53.34981,-1.489147,S72QA
S70 1BB,53.55047,-1.485922,S701BB
S70 2DR,53.55389,-1.485141,S702DR
S70 2JT,53.55478,-1.485795,S702JT
S70 2LT,53.55818,-1.485633,S702LT
S70 2NZ,53.55323,-1.488938,S702NZ
S70 2TA,53.55424,-1.482722,S702TA
S70 3NA,53.54259,-1.456576,S703NA
S70 4DE,53.54544,-1.473487,S704DE
S70 4DX,53.54313,-1.474829,S704DX
S70 4PU,53.53757,-1.463807,S704PU
S70 4SY,53.52927,-1.454755,S704SY
S70 6JT,53.54809,-1.49152,S706JT
S71 1HH,53.55014,-1.465068,S711HH
S71 1HT,53.55013,-1.450005,S711HT
S71 1HU,53.55405,-1.456294,S711HU
S71 1HX,53.55067,-1.462872,S711HX
S71 3AA,53.57963,-1.478033,S713AA
S71 3DG,53.58303,-1.477493,S713DG
S71 3GN,53.58186,-1.462222,S713GN
S71 3HR,53.58117,-1.460675,S713HR
S71 4FP,53.60277,-1.450684,S714FP
S71 4PZ,53.60168,-1.447827,S714PZ
S71 5PN,53.55773,-1.43854,S715PN
S72 7BB,53.57535,-1.382415,S727BB
S72 8FU,53.56841,-1.418439,S728FU
S72 8RP,53.57728,-1.415358,S728RP
S72 8UT,53.57505,-1.420931,S728UT
S72 9AJ,53.60782,-1.38853,S729AJ
S73 9DT,53.53867,-1.380323,S739DT
S73 9NL,53.53763,-1.386931,S739NL
S73 9RB,53.53727,-1.391674,S739RB
S75 1JL,53.56459,-1.503945,S751JL
S75 1JN,53.56754,-1.504832,S751JN
S75 2BL,53.55393,-1.495571,S752BL
S75 3SP,53.54547,-1.530819,S753SP
S75 5DH,53.58282,-1.537869,S755DH
S75 6AL,53.58613,-1.508165,S756AL
S75 6GZ,53.58373,-1.502483,S756GZ
S8 0BJ,53.3391,-1.483118,S80BJ
S8 0JZ,53.34715,-1.488804,S80JZ
S8 7PE,53.32433,-1.484062,S87PE
S8 8AU,53.32504,-1.462704,S88AU
S8 8QH,53.34182,-1.476731,S88QH
S80 1HF,53.29967,-1.123809,S801HF
S80 1NS,53.3042,-1.129734,S801NS
S80 1PH,53.30894,-1.121564,S801PH
S80 1UD,53.31083,-1.125802,S801UD
S80 2PU,53.3026,-1.103912,S802PU
S80 2TJ,53.30192,-1.115945,S802TJ
S80 3LR,53.26144,-1.168575,S803LR
S80 4AJ,53.259,-1.213864,S804AJ
S81 0HT,53.31501,-1.118632,S810HT
S81 7QF,53.32895,-1.120162,S817QF
S81 8AP,53.32264,-1.158109,S818AP
S81 8BW,53.32317,-1.15948,S818BW
S81 8QS,53.32621,-1.169825,S818QS
S81 8UZ,53.32265,-1.137767,S818UZ
S81 9RJ,53.37924,-1.118254,S819RJ
S9 1BX,53.41245,-1.41933,S91BX
S9 1GD,53.4164,-1.421232,S91GD
S9 1WT,53.41027,-1.387001,S91WT
S9 1XZ,53.3956,-1.382504,S91XZ
S9 2FH,53.40465,-1.416743,S92FH
S9 2JN,53.40811,-1.417388,S92JN
S9 2LF,53.40253,-1.4216,S92LF
S9 2SU,53.40369,-1.426909,S92SU
S9 2TJ,53.39869,-1.43227,S92TJ
S9 3HB,53.39204,-1.433802,S93HB
S9 3HF,53.39003,-1.429769,S93HF
S9 3HH,53.38864,-1.430299,S93HH
S9 3HY,53.38789,-1.434654,S93HY
S9 3RF,53.39581,-1.430143,S93RF
S9 3TL,53.3951,-1.424904,S93TL
S9 3TY,53.39603,-1.42838,S93TY
S9 4JT,53.38504,-1.411658,S94JT
S9 4WG,53.38249,-1.427043,S94WG
S9 5JF,53.38895,-1.404538,S95JF
SE1 1EN,51.50147,-0.094615,SE11EN
SE1 1LB,51.50258,-0.092566,SE11LB
SE1 1LL,51.50353,-0.091748,SE11LL
SE1 1SD,51.50351,-0.093363,SE11SD
SE1 1UN,51.50499,-0.093604,SE11UN
SE1 2LX,51.50333,-0.07484,SE12LX
SE1 2RE,51.50416,-0.079748,SE12RE
SE1 3PL,51.49995,-0.077706,SE13PL
SE1 4RF,51.49382,-0.084461,SE14RF
SE1 4YB,51.50093,-0.092145,SE14YB
SE1 5AN,51.48429,-0.071048,SE15AN
SE1 5NA,51.49094,-0.081009,SE15NA
SE1 5UB,51.48928,-0.079135,SE15UB
SE1 5UT,51.49172,-0.081769,SE15UT
SE1 5XR,51.49298,-0.077077,SE15XR
SE1 6PF,51.49565,-0.097192,SE16PF
SE1 7DD,51.49649,-0.1141,SE17DD
SE1 7FY,51.49103,-0.12134,SE17FY
SE1 7TL,51.48922,-0.122726,SE17TL
SE1 7XA,51.49862,-0.110568,SE17XA
SE1 8UL,51.50275,-0.110282,SE18UL
SE1 9RA,51.50673,-0.088661,SE19RA
SE1 9RS,51.50464,-0.088964,SE19RS
SE10 0LE,51.48615,0.016043,SE100LE
SE10 9BJ,51.48099,-0.009949,SE109BJ
SE10 9JP,51.47881,-0.015387,SE109JP
SE10 9NX,51.48419,-0.001946,SE109NX
SE10 9RJ,51.4807,-0.013677,SE109RJ
SE11 4RE,51.48899,-0.105608,SE114RE
SE11 6DN,51.494,-0.112704,SE116DN
SE11 6EE,51.49274,-0.11643,SE116EE
SE12 0EA,51.42968,0.022937,SE120EA
SE12 0LR,51.43481,0.024012,SE120LR
SE12 0QA,51.43597,0.021373,SE120QA
SE12 8LG,51.4505,0.011349,SE128LG
SE12 8RU,51.45731,0.009273,SE128RU
SE12 8RW,51.45641,0.010544,SE128RW
SE12 8SS,51.45554,0.012823,SE128SS
SE13 5BD,51.46277,-0.007705,SE135BD
SE13 5JX,51.46289,-0.009571,SE135JX
SE13 5NS,51.4617,-0.006528,SE135NS
SE13 5PB,51.45901,-0.002585,SE135PB
SE13 6EE,51.46149,-0.011029,SE136EE
SE13 6JZ,51.45727,-0.013976,SE136JZ
SE13 6NA,51.45864,-0.011771,SE136NA
SE13 6QT,51.45523,-0.01084,SE136QT
SE13 6SR,51.45016,-0.00169,SE136SR
SE13 7AF,51.45868,-0.018031,SE137AF
SE13 7DJ,51.4641,-0.015824,SE137DJ
SE13 7SB,51.47346,-0.02148,SE137SB
SE14 5DJ,51.47606,-0.04749,SE145DJ
SE14 6EX,51.48199,-0.040237,SE146EX
SE14 6JA,51.4796,-0.037315,SE146JA
SE14 6QP,51.47176,-0.029992,SE146QP
SE15 1LE,51.48453,-0.062627,SE151LE
SE15 1LW,51.48248,-0.061201,SE151LW
SE15 1PD,51.48137,-0.058036,SE151PD
SE15 1RJ,51.48158,-0.065992,SE151RJ
SE15 1TW,51.4842,-0.054229,SE151TW
SE15 2DL,51.47026,-0.054462,SE152DL
SE15 2HJ,51.47291,-0.056135,SE152HJ
SE15 2NL,51.47421,-0.055864,SE152NL
SE15 2TP,51.47212,-0.060906,SE152TP
SE15 2TZ,51.47641,-0.061314,SE152TZ
SE15 5BY,51.47115,-0.069745,SE155BY
SE15 5GY,51.47648,-0.071622,SE155GY
SE15 6BD,51.48165,-0.077554,SE156BD
SE15 6JL,51.47807,-0.073874,SE156JL
SE15 6RX,51.4817,-0.071186,SE156RX
SE16 2JN,51.49312,-0.057955,SE162JN
SE16 2TB,51.48911,-0.050764,SE162TB
SE16 2UG,51.49279,-0.04679,SE162UG
SE16 2XB,51.49866,-0.054506,SE162XB
SE16 3PL,51.48961,-0.056822,SE163PL
SE16 7DW,51.49187,-0.037739,SE167DW
SE16 7EJ,51.49156,-0.037162,SE167EJ
SE16 7JL,51.49926,-0.052074,SE167JL
SE17 1RT,51.4908,-0.0964,SE171RT
SE17 2SX,51.49012,-0.08234,SE172SX
SE17 2TN,51.48772,-0.091127,SE172TN
SE18 1AQ,51.48716,0.085373,SE181AQ
SE18 1DU,51.48769,0.090525,SE181DU
SE18 1DY,51.48645,0.097584,SE181DY
SE18 1LR,51.48523,0.100049,SE181LR
SE18 1NQ,51.48363,0.083729,SE181NQ
SE18 1PR,51.48625,0.090993,SE181PR
SE18 1SB,51.48836,0.089923,SE181SB
SE18 1SL,51.4886,0.088435,SE181SL
SE18 1SP,51.48934,0.088224,SE181SP
SE18 1SS,51.48935,0.088556,SE181SS
SE18 3RD,51.48177,0.07277,SE183RD
SE18 3RG,51.46857,0.064137,SE183RG
SE18 4AP,51.47448,0.059753,SE184AP
SE18 4DT,51.47922,0.061608,SE184DT
SE18 4EJ,51.47978,0.064168,SE184EJ
SE18 5QL,51.49379,0.053751,SE185QL
SE18 5QU,51.49403,0.050434,SE185QU
SE18 6AR,51.49137,0.069633,SE186AR
SE18 6ED,51.48912,0.067528,SE186ED
SE18 6FH,51.49036,0.068593,SE186FH
SE18 6HQ,51.48945,0.065613,SE186HQ
SE18 6PF,51.49041,0.065483,SE186PF
SE18 6SW,51.49231,0.074458,SE186SW
SE18 6SX,51.49189,0.077248,SE186SX
SE18 7AP,51.48624,0.070135,SE187AP
SE18 7BZ,51.49091,0.071398,SE187BZ
SE18 7JN,51.48415,0.070689,SE187JN
SE19 2ET,51.41932,-0.079307,SE192ET
SE19 3UA,51.41224,-0.094847,SE193UA
SE2 0AS,51.4776,0.116404,SE20AS
SE2 0ET,51.48596,0.10691,SE20ET
SE2 0JY,51.48457,0.113947,SE20JY
SE2 0SE,51.48072,0.13268,SE20SE
SE2 0XY,51.48063,0.102992,SE20XY
SE2 9BL,51.49838,0.116892,SE29BL
SE2 9DW,51.49372,0.104992,SE29DW
SE2 9JY,51.49428,0.115981,SE29JY
SE2 9XX,51.49569,0.113194,SE29XX
SE20 7NN,51.41525,-0.046933,SE207NN
SE20 7QE,51.41149,-0.049149,SE207QE
SE20 7WB,51.41125,-0.053358,SE207WB
SE20 8AJ,51.41237,-0.067073,SE208AJ
SE20 8BD,51.41211,-0.067501,SE208BD
SE20 8FF,51.4114,-0.056012,SE208FF
SE22 0QF,51.45339,-0.066809,SE220QF
SE23 1AT,51.44353,-0.046691,SE231AT
SE23 1DD,51.44203,-0.037373,SE231DD
SE23 1JG,51.44329,-0.042744,SE231JG
SE24 0LW,51.46035,-0.110033,SE240LW
SE24 9DA,51.45015,-0.099315,SE249DA
SE25 4DZ,51.40523,-0.072637,SE254DZ
SE25 4EA,51.4046,-0.073339,SE254EA
SE25 4UF,51.39834,-0.072423,SE254UF
SE25 4XB,51.39312,-0.066562,SE254XB
SE25 5AA,51.39691,-0.077457,SE255AA
SE25 6JT,51.39811,-0.081044,SE256JT
SE25 6LX,51.39633,-0.082168,SE256LX
SE25 6RA,51.39889,-0.089105,SE256RA
SE25 6XX,51.39677,-0.080382,SE256XX
SE26 5AL,51.42255,-0.036092,SE265AL
SE26 5FU,51.42907,-0.036173,SE265FU
SE26 5QW,51.42619,-0.053644,SE265QW
SE26 6SJ,51.42689,-0.073696,SE266SJ
SE27 0DD,51.42841,-0.105668,SE270DD
SE27 0HY,51.43266,-0.10414,SE270HY
SE27 9DL,51.43467,-0.103554,SE279DL
SE27 9JU,51.43208,-0.101906,SE279JU
SE27 9LF,51.4344,-0.100946,SE279LF
SE28 0AX,51.49416,0.098011,SE280AX
SE28 0BQ,51.49274,0.093119,SE280BQ
SE28 0LN,51.50251,0.094129,SE280LN
SE28 8AJ,51.50256,0.118829,SE288AJ
SE28 8AN,51.5021,0.117309,SE288AN
SE28 8GL,51.5073,0.110734,SE288GL
SE28 8HU,51.50677,0.124112,SE288HU
SE28 8RU,51.49974,0.105702,SE288RU
SE28 8SF,51.50513,0.107377,SE288SF
SE28 8SN,51.50219,0.104316,SE288SN
SE28 8TH,51.50282,0.100023,SE288TH
SE3 0AX,51.46621,0.009103,SE30AX
SE3 0PW,51.46949,0.01898,SE30PW
SE3 8BS,51.47329,0.026679,SE38BS
SE3 8DL,51.47227,0.03824,SE38DL
SE3 8DP,51.47199,0.036759,SE38DP
SE4 1JF,51.45291,-0.023866,SE41JF
SE4 1RD,51.4515,-0.035657,SE41RD
SE4 1SD,51.4498,-0.029181,SE41SD
SE4 2PD,51.46522,-0.039617,SE42PD
SE5 0EE,51.48,-0.094646,SE50EE
SE5 0EN,51.48351,-0.09463,SE50EN
SE5 0EW,51.48287,-0.094887,SE50EW
SE5 0LA,51.47711,-0.096279,SE50LA
SE5 0SH,51.48072,-0.095034,SE50SH
SE5 0UB,51.47803,-0.099567,SE50UB
SE5 7HN,51.477,-0.091228,SE57HN
SE5 7JZ,51.48062,-0.092662,SE57JZ
SE5 8EE,51.46263,-0.091512,SE58EE
SE5 9BS,51.46986,-0.097602,SE59BS
SE6 1EA,51.43906,-0.011499,SE61EA
SE6 1EJ,51.43537,-0.006667,SE61EJ
SE6 1EU,51.43802,-0.010134,SE61EU
SE6 1QD,51.43539,0.002557,SE61QD
SE6 2BS,51.44634,-0.013989,SE62BS
SE6 2NZ,51.43662,-0.01795,SE62NZ
SE6 2QB,51.43653,-0.012069,SE62QB
SE6 2RA,51.43283,-0.016891,SE62RA
SE6 3BT,51.43266,-0.02038,SE63BT
SE6 3DT,51.42479,-0.015254,SE63DT
SE6 3SF,51.43201,-0.027228,SE63SF
SE6 4AS,51.44904,-0.016678,SE64AS
SE6 4DT,51.43885,-0.033423,SE64DT
SE6 4HW,51.44733,-0.01894,SE64HW
SE6 4TT,51.44912,-0.019266,SE64TT
SE7 7BZ,51.47617,0.034497,SE77BZ
SE7 7ED,51.47983,0.031563,SE77ED
SE7 7SJ,51.49036,0.027739,SE77SJ
SE7 8DB,51.48925,0.04718,SE78DB
SE7 8NQ,51.4927,0.037639,SE78NQ
SE7 8UG,51.48206,0.036992,SE78UG
SE8 3BU,51.48105,-0.021886,SE83BU
SE8 3EY,51.48151,-0.017286,SE83EY
SE8 3FZ,51.48455,-0.024039,SE83FZ
SE8 4AF,51.47567,-0.025719,SE84AF
SE8 4AG,51.47788,-0.027409,SE84AG
SE8 4NA,51.47838,-0.03165,SE84NA
SE8 4PP,51.4734,-0.027746,SE84PP
SE8 5AD,51.48654,-0.036124,SE85AD
SE8 5EN,51.49183,-0.038677,SE85EN
SE8 5FS,51.48203,-0.034446,SE85FS
SE8 5HB,51.47978,-0.030496,SE85HB
SE9 1QR,51.45883,0.065209,SE91QR
SE9 1TX,51.45094,0.061844,SE91TX
SE9 3AX,51.43064,0.057363,SE93AX
SE9 3AZ,51.43002,0.056975,SE93AZ
SE9 3BN,51.42984,0.053831,SE93BN
SE9 3SB,51.43404,0.067702,SE93SB
SE9 3TL,51.43655,0.062707,SE93TL
SE9 3UL,51.43687,0.073254,SE93UL
SE9 4JU,51.4281,0.043999,SE94JU
SE9 5EA,51.45121,0.048558,SE95EA
SE9 5RN,51.44454,0.042632,SE95RN
SE9 6NY,51.46236,0.044465,SE96NY
SG1 1ER,51.90048,-0.20116,SG11ER
SG1 1UQ,51.90147,-0.194768,SG11UQ
SG1 2DX,51.90185,-0.21618,SG12DX
SG1 2EF,51.90836,-0.219702,SG12EF
SG1 2EQ,51.90353,-0.222393,SG12EQ
SG1 2FQ,51.89817,-0.212474,SG12FQ
SG1 2FS,51.88991,-0.203268,SG12FS
SG1 2NG,51.89701,-0.203552,SG12NG
SG1 2XU,51.89983,-0.217524,SG12XU
SG1 3AD,51.90855,-0.209488,SG13AD
SG1 3AT,51.90791,-0.207246,SG13AT
SG1 3BG,51.9138,-0.208552,SG13BG
SG1 3HU,51.90834,-0.205237,SG13HU
SG1 3LL,51.90722,-0.206619,SG13LL
SG1 3TT,51.90789,-0.193886,SG13TT
SG1 4FX,51.92141,-0.164883,SG14FX
SG1 4TQ,51.9284,-0.185295,SG14TQ
SG1 5JN,51.91743,-0.189577,SG15JN
SG1 5QG,51.911,-0.182042,SG15QG
SG1 5RL,51.92012,-0.174868,SG15RL
SG1 6HB,51.93406,-0.177822,SG16HB
SG10 6EW,51.8303,0.089329,SG106EW
SG11 2ET,51.87091,0.106972,SG112ET
SG12 0EF,51.82072,-0.048337,SG120EF
SG12 7DU,51.81299,-0.02234,SG127DU
SG12 8BQ,51.78811,-0.006261,SG128BQ
SG12 8UU,51.78725,0.00852,SG128UU
SG12 9EN,51.81224,-0.031817,SG129EN
SG13 7BJ,51.80136,-0.068057,SG137BJ
SG13 7TG,51.79731,-0.047926,SG137TG
SG13 8DE,51.79095,-0.081465,SG138DE
SG13 8EA,51.7939,-0.080499,SG138EA
SG13 8FQ,51.79383,-0.07953,SG138FQ
SG13 8NL,51.77677,-0.07308,SG138NL
SG14 1DB,51.79576,-0.076722,SG141DB
SG14 1DX,51.79712,-0.078158,SG141DX
SG14 1JA,51.79673,-0.082307,SG141JA
SG14 1RL,51.7981,-0.076288,SG141RL
SG14 2JA,51.80853,-0.104306,SG142JA
SG15 6XP,52.02545,-0.250356,SG156XP
SG16 6BD,52.02863,-0.287958,SG166BD
SG17 5DE,52.04197,-0.333365,SG175DE
SG17 5ET,52.03842,-0.302398,SG175ET
SG17 5RP,52.03381,-0.298738,SG175RP
SG17 5TQ,52.03555,-0.360649,SG175TQ
SG18 0JE,52.08708,-0.265507,SG180JE
SG18 0LN,52.08752,-0.26025,SG180LN
SG18 8AL,52.08504,-0.261967,SG188AL
SG19 1AL,52.12679,-0.28331,SG191AL
SG19 2AF,52.14719,-0.301336,SG192AF
SG19 2NE,52.11105,-0.214486,SG192NE
SG2 9AL,51.89116,-0.184253,SG29AL
SG2 9EL,51.89848,-0.171341,SG29EL
SG2 9PQ,51.89112,-0.160827,SG29PQ
SG2 9XL,51.8913,-0.179946,SG29XL
SG3 6EU,51.86596,-0.184106,SG36EU
SG4 0AP,51.96145,-0.264246,SG40AP
SG4 0SB,51.96418,-0.269875,SG40SB
SG4 0TW,51.96439,-0.265311,SG40TW
SG4 0TY,51.9678,-0.266023,SG40TY
SG4 9SP,51.95036,-0.271879,SG49SP
SG5 1EH,51.94883,-0.280421,SG51EH
SG5 1RT,51.96039,-0.27302,SG51RT
SG5 2JB,51.95,-0.291173,SG52JB
SG5 2JR,51.94889,-0.282776,SG52JR
SG6 1GJ,51.98294,-0.21249,SG61GJ
SG6 1JG,51.98153,-0.217963,SG61JG
SG6 1LH,51.98115,-0.216231,SG61LH
SG6 2HB,51.97988,-0.207705,SG62HB
SG6 2NB,51.97174,-0.21116,SG62NB
SG6 3EA,51.97902,-0.2276,SG63EA
SG6 4ET,51.98032,-0.232427,SG64ET
SG7 5AN,51.99134,-0.192726,SG75AN
SG7 5QN,52.03888,-0.155947,SG75QN
SG7 6NG,51.98363,-0.186352,SG76NG
SG7 6QQ,51.99075,-0.186909,SG76QQ
SG8 5AZ,52.05193,-0.024916,SG85AZ
SG8 5FF,52.04784,-0.029239,SG85FF
SG8 6FH,52.08751,0.020488,SG86FH
SK1 1AR,53.41122,-2.157136,SK11AR
SK1 1YG,53.40972,-2.153851,SK11YG
SK1 2NY,53.41347,-2.144056,SK12NY
SK1 3BZ,53.40598,-2.151807,SK13BZ
SK1 3NA,53.40759,-2.159274,SK13NA
SK1 3SH,53.4068,-2.159286,SK13SH
SK1 3SL,53.40664,-2.159346,SK13SL
SK1 3TS,53.4036,-2.157334,SK13TS
SK1 3UA,53.40233,-2.156306,SK13UA
SK1 3XE,53.40599,-2.158486,SK13XE
SK1 4JG,53.40495,-2.139018,SK14JG
SK10 1AQ,53.26164,-2.127098,SK101AQ
SK10 1EA,53.2607,-2.125131,SK101EA
SK10 1EQ,53.26218,-2.125315,SK101EQ
SK10 1HZ,53.26374,-2.130987,SK101HZ
SK10 1JQ,53.25795,-2.120116,SK101JQ
SK10 2LP,53.27147,-2.113137,SK102LP
SK10 3DE,53.26848,-2.153012,SK103DE
SK10 5JB,53.29194,-2.106907,SK105JB
SK11 0HR,53.23054,-2.102917,SK110HR
SK11 0JG,53.22388,-2.124305,SK110JG
SK11 6AY,53.26025,-2.128353,SK116AY
SK11 6BA,53.26067,-2.126765,SK116BA
SK11 6JD,53.25742,-2.123697,SK116JD
SK11 6RG,53.25407,-2.13334,SK116RG
SK11 7BD,53.25639,-2.116994,SK117BD
SK11 7HS,53.25352,-2.11835,SK117HS
SK11 7NA,53.25664,-2.123485,SK117NA
SK11 7NH,53.25559,-2.122718,SK117NH
SK11 7PG,53.25183,-2.121148,SK117PG
SK11 8SW,53.25053,-2.15587,SK118SW
SK11 9AP,53.26929,-2.271993,SK119AP
SK12 1QZ,53.34945,-2.121533,SK121QZ
SK12 2DT,53.3594,-2.037464,SK122DT
SK13 1DP,53.46451,-1.968463,SK131DP
SK13 8AR,53.44281,-1.950804,SK138AR
SK13 8ER,53.44468,-1.963765,SK138ER
SK14 1AB,53.45051,-2.079766,SK141AB
SK14 1QS,53.44581,-2.075586,SK141QS
SK14 2JW,53.45597,-2.068633,SK142JW
SK14 4EH,53.46392,-2.060347,SK144EH
SK14 4RY,53.45675,-2.083317,SK144RY
SK14 5QS,53.44195,-2.067013,SK145QS
SK15 1FF,53.47935,-2.072271,SK151FF
SK15 1UD,53.47861,-2.066032,SK151UD
SK15 2QF,53.48586,-2.042684,SK152QF
SK15 3AW,53.48467,-2.051574,SK153AW
SK15 3EJ,53.48941,-2.033931,SK153EJ
SK16 4LA,53.47804,-2.092385,SK164LA
SK17 6AY,53.25923,-1.914934,SK176AY
SK17 6EE,53.25615,-1.913486,SK176EE
SK17 6EQ,53.25648,-1.914924,SK176EQ
SK17 6GP,53.26084,-1.911408,SK176GP
SK17 6NU,53.25294,-1.909685,SK176NU
SK17 7AN,53.26323,-1.910563,SK177AN
SK17 7DN,53.26066,-1.905277,SK177DN
SK17 7LF,53.26004,-1.892446,SK177LF
SK17 7TB,53.25562,-1.898438,SK177TB
SK17 9BA,53.25204,-1.922337,SK179BA
SK2 6NG,53.40035,-2.15481,SK26NG
SK2 6NW,53.39994,-2.155064,SK26NW
SK2 6PL,53.39534,-2.149408,SK26PL
SK2 6QS,53.39989,-2.159366,SK26QS
SK2 7AE,53.39162,-2.14502,SK27AE
SK23 0EN,53.32367,-1.915542,SK230EN
SK23 0NH,53.32418,-1.907494,SK230NH
SK23 6DZ,53.33919,-1.92221,SK236DZ
SK23 7DG,53.32262,-1.987289,SK237DG
SK23 9TJ,53.3219,-1.924148,SK239TJ
SK3 0GA,53.40766,-2.161501,SK30GA
SK3 0LX,53.40134,-2.192821,SK30LX
SK3 0UT,53.40003,-2.178106,SK30UT
SK3 0XA,53.3936,-2.183387,SK30XA
SK3 8AB,53.40422,-2.16045,SK38AB
SK3 9AB,53.40261,-2.163602,SK39AB
SK4 1BS,53.40953,-2.16411,SK41BS
SK4 1QB,53.41988,-2.167355,SK41QB
SK4 2LP,53.41627,-2.169823,SK42LP
SK4 2PB,53.42032,-2.172638,SK42PB
SK4 3GN,53.40689,-2.202262,SK43GN
SK4 4DU,53.41762,-2.189674,SK44DU
SK4 4QG,53.42898,-2.178753,SK44QG
SK4 5DG,53.42785,-2.17625,SK45DG
SK4 5NU,53.43633,-2.170731,SK45NU
SK5 6DA,53.43635,-2.165869,SK56DA
SK5 6NF,53.44767,-2.157632,SK56NF
SK5 7BW,53.43502,-2.159256,SK57BW
SK5 7DL,53.43445,-2.165154,SK57DL
SK6 1HX,53.42549,-2.086114,SK61HX
SK6 6BD,53.39442,-2.062051,SK66BD
SK6 7AD,53.39367,-2.063869,SK67AD
SK6 8DX,53.36432,-2.069521,SK68DX
SK7 1PA,53.35548,-2.165375,SK71PA
SK7 1QS,53.34225,-2.163041,SK71QS
SK7 5DA,53.37827,-2.128545,SK75DA
SK7 5DL,53.37871,-2.132725,SK75DL
SK7 5DP,53.37789,-2.137067,SK75DP
SK7 6AA,53.37597,-2.114153,SK76AA
SK7 6LU,53.37422,-2.096517,SK76LU
SK8 1AA,53.39394,-2.216788,SK81AA
SK8 1BB,53.39408,-2.213029,SK81BB
SK8 1DW,53.39312,-2.216934,SK81DW
SK8 1NZ,53.39325,-2.218649,SK81NZ
SK8 2HU,53.39437,-2.201602,SK82HU
SK8 2JY,53.39699,-2.198862,SK82JY
SK8 3GP,53.38021,-2.223648,SK83GP
SK8 3PT,53.37031,-2.227098,SK83PT
SK8 3QD,53.37032,-2.234717,SK83QD
SK8 3TD,53.37645,-2.225762,SK83TD
SK8 4NG,53.39191,-2.23583,SK84NG
SK8 5BF,53.377,-2.186683,SK85BF
SK9 1LS,53.32388,-2.231415,SK91LS
SK9 2GH,53.33676,-2.217068,SK92GH
SK9 2TB,53.33686,-2.214936,SK92TB
SK9 3ER,53.34898,-2.215493,SK93ER
SK9 3HQ,53.34988,-2.216218,SK93HQ
SK9 3NS,53.3525,-2.212896,SK93NS
SK9 3RX,53.35457,-2.214649,SK93RX
SK9 3SU,53.35592,-2.213349,SK93SU
SK9 5BB,53.32676,-2.236805,SK95BB
SK9 5BG,53.32622,-2.234145,SK95BG
SK9 5EQ,53.32742,-2.235998,SK95EQ
SL0 9ND,51.52002,-0.505522,SL09ND
SL1 1DH,51.50937,-0.594553,SL11DH
SL1 1EL,51.50968,-0.596288,SL11EL
SL1 1FQ,51.51086,-0.593484,SL11FQ
SL1 1PE,51.50758,-0.591525,SL11PE
SL1 1XA,51.51037,-0.585184,SL11XA
SL1 1XQ,51.50937,-0.593761,SL11XQ
SL1 2BE,51.50505,-0.59215,SL12BE
SL1 2PU,51.50488,-0.60338,SL12PU
SL1 3BP,51.51885,-0.61271,SL13BP
SL1 3BX,51.51724,-0.606735,SL13BX
SL1 3DR,51.51725,-0.611793,SL13DR
SL1 3FT,51.51947,-0.612994,SL13FT
SL1 3RP,51.51708,-0.592471,SL13RP
SL1 3XG,51.51452,-0.615407,SL13XG
SL1 4DX,51.51983,-0.631649,SL14DX
SL1 4XE,51.52316,-0.614943,SL14XE
SL1 5TG,51.51108,-0.641652,SL15TG
SL1 6DQ,51.52298,-0.650249,SL16DQ
SL1 6EH,51.52527,-0.656985,SL16EH
SL1 6JJ,51.52115,-0.644941,SL16JJ
SL1 7DS,51.53703,-0.66382,SL17DS
SL1 7EP,51.53441,-0.65973,SL17EP
SL1 7JP,51.53391,-0.658418,SL17JP
SL1 7JT,51.53506,-0.65873,SL17JT
SL1 7JZ,51.53529,-0.659069,SL17JZ
SL1 8DF,51.53495,-0.648698,SL18DF
SL1 9LD,51.50691,-0.619211,SL19LD
SL2 1HU,51.53181,-0.61791,SL21HU
SL2 2DZ,51.53418,-0.633453,SL22DZ
SL2 3AU,51.53791,-0.616629,SL23AU
SL2 4FJ,51.52692,-0.578457,SL24FJ
SL2 5DT,51.5126,-0.586038,SL25DT
SL2 5DY,51.51382,-0.588666,SL25DY
SL2 5EN,51.51437,-0.58398,SL25EN
SL3 0HJ,51.47523,-0.51508,SL30HJ
SL3 0PD,51.47921,-0.510818,SL30PD
SL3 6AG,51.52362,-0.56057,SL36AG
SL3 6EZ,51.50851,-0.545873,SL36EZ
SL3 6NT,51.54383,-0.572465,SL36NT
SL3 7GE,51.49121,-0.550948,SL37GE
SL3 7UD,51.50211,-0.554722,SL37UD
SL3 8JH,51.50314,-0.540065,SL38JH
SL3 8ND,51.4948,-0.541527,SL38ND
SL3 9EB,51.48328,-0.579557,SL39EB
SL3 9EH,51.48365,-0.578696,SL39EH
SL4 1BN,51.48027,-0.605731,SL41BN
SL4 1TX,51.48545,-0.607517,SL41TX
SL4 3EZ,51.47671,-0.616524,SL43EZ
SL4 3PZ,51.4764,-0.623445,SL43PZ
SL4 4BW,51.47197,-0.632203,SL44BW
SL4 4EW,51.47747,-0.636286,SL44EW
SL4 4LE,51.47837,-0.654893,SL44LE
SL4 4NB,51.47602,-0.65394,SL44NB
SL4 5AR,51.48044,-0.620947,SL45AR
SL4 6AS,51.48993,-0.609123,SL46AS
SL5 0FG,51.39842,-0.646889,SL50FG
SL5 0QB,51.40492,-0.640285,SL50QB
SL5 7BH,51.40473,-0.652238,SL57BH
SL5 7EX,51.41167,-0.668556,SL57EX
SL5 9QS,51.38806,-0.64432,SL59QS
SL6 0XW,51.51929,-0.656051,SL60XW
SL6 1LY,51.52171,-0.719501,SL61LY
SL6 1RF,51.52195,-0.718644,SL61RF
SL6 2LT,51.49177,-0.70817,SL62LT
SL6 2NX,51.48165,-0.692399,SL62NX
SL6 4BY,51.50829,-0.735513,SL64BY
SL6 4EP,51.52165,-0.732461,SL64EP
SL6 4JP,51.52279,-0.730512,SL64JP
SL6 4NU,51.51239,-0.753484,SL64NU
SL6 7AJ,51.52547,-0.725854,SL67AJ
SL6 8NJ,51.52548,-0.702703,SL68NJ
SL6 8ST,51.53046,-0.71235,SL68ST
SL7 1DQ,51.57389,-0.771644,SL71DQ
SL7 2FF,51.56986,-0.775649,SL72FF
SL8 5AS,51.57764,-0.709487,SL85AS
SL8 5DT,51.57311,-0.707033,SL85DT
SL9 0BG,51.59686,-0.546633,SL90BG
SL9 0LX,51.61953,-0.542817,SL90LX
SL9 0RJ,51.62127,-0.551125,SL90RJ
SL9 8BQ,51.58764,-0.553264,SL98BQ
SL9 9FU,51.60588,-0.560395,SL99FU
SL9 9RF,51.60759,-0.557612,SL99RF
SM1 1BB,51.36,-0.192364,SM11BB
SM1 1EA,51.36163,-0.194899,SM11EA
SM1 1JB,51.36222,-0.193985,SM11JB
SM1 2NU,51.37363,-0.20516,SM12NU
SM1 4AF,51.36405,-0.19252,SM14AF
SM1 4BH,51.36899,-0.192354,SM14BH
SM1 4FS,51.36023,-0.190157,SM14FS
SM1 4LE,51.36143,-0.191718,SM14LE
SM1 4PL,51.36463,-0.185544,SM14PL
SM1 4PP,51.36464,-0.186033,SM14PP
SM1 4QJ,51.36593,-0.185134,SM14QJ
SM1 4SY,51.36071,-0.191172,SM14SY
SM2 5AE,51.35895,-0.191055,SM25AE
SM2 5RY,51.35028,-0.183713,SM25RY
SM2 6BH,51.34354,-0.199573,SM26BH
SM2 6BX,51.34401,-0.200703,SM26BX
SM2 6TH,51.35486,-0.196257,SM26TH
SM2 7AJ,51.35507,-0.212492,SM27AJ
SM3 8BL,51.3589,-0.216868,SM38BL
SM3 8BU,51.35778,-0.217529,SM38BU
SM3 8PY,51.35876,-0.215336,SM38PY
SM3 9DL,51.37689,-0.222161,SM39DL
SM3 9ED,51.37856,-0.218059,SM39ED
SM3 9JR,51.38215,-0.20888,SM39JR
SM4 4ED,51.39887,-0.208802,SM44ED
SM4 5BL,51.40184,-0.196106,SM45BL
SM4 5BT,51.40305,-0.193169,SM45BT
SM4 5DA,51.40154,-0.196736,SM45DA
SM4 5DX,51.40128,-0.196272,SM45DX
SM4 5PQ,51.39844,-0.187657,SM45PQ
SM4 6BL,51.38707,-0.18332,SM46BL
SM4 6HY,51.39782,-0.186244,SM46HY
SM4 6JH,51.39087,-0.187942,SM46JH
SM4 6QQ,51.39119,-0.189496,SM46QQ
SM5 1BQ,51.38332,-0.18699,SM51BQ
SM5 1BU,51.38601,-0.183607,SM51BU
SM5 1PD,51.38281,-0.165152,SM51PD
SM5 2LP,51.37564,-0.166933,SM52LP
SM5 3HQ,51.35828,-0.157787,SM53HQ
SM5 3RG,51.35751,-0.16724,SM53RG
SM5 4AF,51.34621,-0.173406,SM54AF
SM5 4HS,51.34185,-0.185511,SM54HS
SM6 0BL,51.35788,-0.151885,SM60BL
SM6 0BY,51.36658,-0.152296,SM60BY
SM6 0DD,51.36229,-0.150444,SM60DD
SM6 0EU,51.35693,-0.151981,SM60EU
SM6 0HL,51.35606,-0.153625,SM60HL
SM6 7AH,51.37516,-0.157124,SM67AH
SM6 7DJ,51.37135,-0.152895,SM67DJ
SM6 7JD,51.36971,-0.157271,SM67JD
SM6 8EW,51.36738,-0.140441,SM68EW
SM6 9AA,51.35835,-0.146308,SM69AA
SM6 9AD,51.35482,-0.133165,SM69AD
SM6 9BS,51.35967,-0.13903,SM69BS
SM6 9BT,51.35934,-0.138756,SM69BT
SM6 9DZ,51.359,-0.131961,SM69DZ
SM6 9GA,51.35644,-0.126133,SM69GA
SM7 1RN,51.32738,-0.214129,SM71RN
SM7 3BT,51.32288,-0.194325,SM73BT
SN1 1BY,51.5656,-1.786047,SN11BY
SN1 1HN,51.56397,-1.783704,SN11HN
SN1 1PZ,51.55815,-1.782058,SN11PZ
SN1 2JH,51.56013,-1.777908,SN12JH
SN1 2NY,51.57008,-1.760906,SN12NY
SN1 3BU,51.55505,-1.777674,SN13BU
SN1 3EY,51.55335,-1.77523,SN13EY
SN1 5EL,51.55954,-1.796578,SN15EL
SN1 5NS,51.55861,-1.784522,SN15NS
SN1 5PL,51.55882,-1.784002,SN15PL
SN10 1AP,51.35188,-1.994846,SN101AP
SN10 1HT,51.35283,-1.996713,SN101HT
SN10 1NJ,51.3507,-1.99354,SN101NJ
SN10 2EY,51.36799,-1.967336,SN102EY
SN10 2GZ,51.35492,-2.006004,SN102GZ
SN11 0QZ,51.43716,-2.003656,SN110QZ
SN11 9PU,51.4509,-1.999138,SN119PU
SN12 6BF,51.35861,-2.115787,SN126BF
SN12 6JY,51.37319,-2.138279,SN126JY
SN12 6ZE,51.3562,-2.139937,SN126ZE
SN12 7NP,51.37112,-2.136606,SN127NP
SN13 0HN,51.43332,-2.202188,SN130HN
SN13 0RP,51.44727,-2.201473,SN130RP
SN13 9FN,51.41344,-2.215631,SN139FN
SN14 0GT,51.44648,-2.143394,SN140GT
SN14 0SQ,51.46201,-2.159708,SN140SQ
SN14 6RZ,51.46202,-2.145184,SN146RZ
SN14 6YQ,51.47158,-2.138952,SN146YQ
SN15 1EE,51.46009,-2.116822,SN151EE
SN15 1EJ,51.46037,-2.117859,SN151EJ
SN15 1EQ,51.46112,-2.117775,SN151EQ
SN15 1ER,51.46104,-2.11491,SN151ER
SN15 1SB,51.45923,-2.120894,SN151SB
SN15 3BW,51.45682,-2.115447,SN153BW
SN15 3ED,51.45819,-2.115393,SN153ED
SN15 3EQ,51.45029,-2.101932,SN153EQ
SN15 3GU,51.45593,-2.117258,SN153GU
SN15 3RS,51.44292,-2.07675,SN153RS
SN15 4DL,51.5258,-1.958041,SN154DL
SN15 5DF,51.56319,-1.998373,SN155DF
SN15 5LJ,51.4794,-2.13035,SN155LJ
SN15 5NN,51.49017,-2.112737,SN155NN
SN16 0AJ,51.58686,-2.101054,SN160AJ
SN16 9AG,51.58189,-2.097406,SN169AG
SN2 1FH,51.57775,-1.779756,SN21FH
SN2 1FP,51.57184,-1.795613,SN21FP
SN2 2AZ,51.56468,-1.801676,SN22AZ
SN2 2PJ,51.57185,-1.804632,SN22PJ
SN2 2PN,51.57341,-1.811378,SN22PN
SN2 8AD,51.57881,-1.76529,SN28AD
SN2 8BW,51.57889,-1.766459,SN28BW
SN25 1RY,51.59029,-1.809893,SN251RY
SN25 2AY,51.60213,-1.8206,SN252AY
SN25 2LY,51.59975,-1.830225,SN252LY
SN25 5AZ,51.59684,-1.774697,SN255AZ
SN26 8AA,51.61122,-1.791681,SN268AA
SN26 8AB,51.61086,-1.79265,SN268AB
SN3 1FX,51.5433,-1.770333,SN31FX
SN3 1NN,51.54436,-1.75585,SN31NN
SN3 4FF,51.5792,-1.749457,SN34FF
SN3 4FY,51.57529,-1.734515,SN34FY
SN3 4TG,51.60013,-1.739495,SN34TG
SN3 5HY,51.56141,-1.722247,SN35HY
SN3 6EJ,51.54093,-1.732364,SN36EJ
SN4 7AQ,51.54314,-1.902884,SN47AQ
SN4 7AY,51.54221,-1.90352,SN47AY
SN4 7DB,51.54022,-1.915175,SN47DB
SN4 7FU,51.53509,-1.898821,SN47FU
SN4 8ET,51.54495,-1.861782,SN48ET
SN5 5FQ,51.57773,-1.830135,SN55FQ
SN5 6QR,51.55023,-1.848627,SN56QR
SN5 7EX,51.56976,-1.825187,SN57EX
SN5 7XE,51.55624,-1.816368,SN57XE
SN5 7XF,51.55724,-1.816653,SN57XF
SN5 7XP,51.55894,-1.814756,SN57XP
SN5 7YJ,51.56052,-1.813264,SN57YJ
SN5 8YZ,51.54602,-1.836989,SN58YZ
SN6 8RP,51.61323,-1.644954,SN68RP
SN6 8TZ,51.61409,-1.64697,SN68TZ
SN7 7HP,51.65805,-1.583888,SN77HP
SN7 7RX,51.64629,-1.596699,SN77RX
SN7 7YR,51.65328,-1.582023,SN77YR
SN7 8LL,51.63853,-1.503217,SN78LL
SN8 2AG,51.42029,-1.722831,SN82AG
SN8 3BT,51.34569,-1.673689,SN83BT
SN9 5NU,51.34413,-1.771417,SN95NU
SO14 0QB,50.91457,-1.389984,SO140QB
SO14 3DJ,50.89846,-1.398968,SO143DJ
SO14 3EW,50.89983,-1.394627,SO143EW
SO14 3FD,50.89759,-1.397315,SO143FD
SO14 3JP,50.89753,-1.40208,SO143JP
SO14 3JZ,50.89406,-1.394204,SO143JZ
SO14 3LA,50.89961,-1.397403,SO143LA
SO14 3LP,50.90088,-1.397273,SO143LP
SO14 3XB,50.89603,-1.393781,SO143XB
SO14 5FE,50.89907,-1.392746,SO145FE
SO14 5GZ,50.89943,-1.388788,SO145GZ
SO14 6QR,50.91907,-1.402601,SO146QR
SO14 6RJ,50.91974,-1.397684,SO146RJ
SO14 6RL,50.91948,-1.397659,SO146RL
SO14 6TE,50.91951,-1.402851,SO146TE
SO15 0HW,50.91332,-1.438748,SO150HW
SO15 0SD,50.91638,-1.45352,SO150SD
SO15 1GX,50.90823,-1.413919,SO151GX
SO15 1HN,50.9094,-1.420475,SO151HN
SO15 1HQ,50.90999,-1.426115,SO151HQ
SO15 1HY,50.9082,-1.419111,SO151HY
SO15 1JR,50.90953,-1.426249,SO151JR
SO15 2AY,50.91247,-1.402074,SO152AY
SO15 2BG,50.91026,-1.406881,SO152BG
SO15 2EP,50.9147,-1.404335,SO152EP
SO15 2EW,50.91296,-1.403916,SO152EW
SO15 2EX,50.9142,-1.414285,SO152EX
SO15 2FD,50.91355,-1.401818,SO152FD
SO15 2FH,50.91122,-1.411975,SO152FH
SO15 2JE,50.91542,-1.408722,SO152JE
SO15 2JU,50.91103,-1.406302,SO152JU
SO15 2XE,50.91809,-1.404847,SO152XE
SO15 3DL,50.91405,-1.424244,SO153DL
SO15 3GX,50.91699,-1.430069,SO153GX
SO15 3HP,50.91583,-1.425389,SO153HP
SO15 5DJ,50.91268,-1.417376,SO155DJ
SO15 5WB,50.9119,-1.414556,SO155WB
SO15 8SL,50.91986,-1.440476,SO158SL
SO16 0XY,50.9488,-1.472371,SO160XY
SO16 0YA,50.94469,-1.47424,SO160YA
SO16 0YB,50.94628,-1.488641,SO160YB
SO16 3GD,50.93973,-1.399147,SO163GD
SO16 4JA,50.92999,-1.447668,SO164JA
SO16 5DE,50.9327,-1.442613,SO165DE
SO16 5DW,50.93597,-1.449661,SO165DW
SO16 5NA,50.93976,-1.429804,SO165NA
SO16 6AX,50.92834,-1.439392,SO166AX
SO16 6RB,50.93242,-1.426422,SO166RB
SO16 7JJ,50.96407,-1.419197,SO167JJ
SO16 8HF,50.9393,-1.448241,SO168HF
SO16 8LY,50.94516,-1.446748,SO168LY
SO16 9QD,50.93723,-1.455182,SO169QD
SO16 9RU,50.93282,-1.452345,SO169RU
SO17 1QH,50.92931,-1.395539,SO171QH
SO17 1XS,50.91908,-1.404507,SO171XS
SO17 2FW,50.92233,-1.395118,SO172FW
SO17 3TG,50.93673,-1.384499,SO173TG
SO18 2RZ,50.9459,-1.363267,SO182RZ
SO18 4HS,50.91829,-1.371128,SO184HS
SO18 5FT,50.91951,-1.340937,SO185FT
SO18 5RR,50.91468,-1.360621,SO185RR
SO18 6AZ,50.91925,-1.356518,SO186AZ
SO19 2EF,50.90471,-1.370813,SO192EF
SO19 4DD,50.91635,-1.374412,SO194DD
SO19 4DY,50.91388,-1.368627,SO194DY
SO19 6DB,50.90889,-1.333008,SO196DB
SO19 7JP,50.9071,-1.371933,SO197JP
SO19 7JT,50.90569,-1.367372,SO197JT
SO19 7NR,50.91039,-1.358163,SO197NR
SO19 7PE,50.89761,-1.374734,SO197PE
SO21 1TH,50.98774,-1.312046,SO211TH
SO21 1WP,50.99314,-1.311553,SO211WP
SO21 2FL,50.99747,-1.355152,SO212FL
SO21 2QU,51.11363,-1.341392,SO212QU
SO21 3XX,51.15286,-1.337501,SO213XX
SO22 4AU,51.05447,-1.326238,SO224AU
SO22 6NE,51.07997,-1.333477,SO226NE
SO23 0HU,51.06018,-1.306963,SO230HU
SO23 0LD,51.0663,-1.298322,SO230LD
SO23 7TB,51.06655,-1.311962,SO237TB
SO23 7TD,51.06676,-1.312873,SO237TD
SO23 8BB,51.06586,-1.31564,SO238BB
SO23 8UJ,51.06253,-1.318929,SO238UJ
SO23 9EH,51.06089,-1.317869,SO239EH
SO23 9LN,51.06068,-1.308853,SO239LN
SO24 9EZ,51.08676,-1.179434,SO249EZ
SO24 9FT,51.09055,-1.166516,SO249FT
SO30 0QG,50.91257,-1.292031,SO300QG
SO30 2AE,50.92981,-1.293833,SO302AE
SO30 2AU,50.92386,-1.306173,SO302AU
SO30 2TD,50.92843,-1.291392,SO302TD
SO30 3DR,50.92749,-1.33664,SO303DR
SO30 3JZ,50.92835,-1.319453,SO303JZ
SO30 3RN,50.93319,-1.339505,SO303RN
SO30 4AG,50.91027,-1.3073,SO304AG
SO31 7GE,50.87172,-1.267366,SO317GE
SO31 7GH,50.87237,-1.267996,SO317GH
SO31 8ER,50.88885,-1.321394,SO318ER
SO31 8ES,50.88968,-1.31679,SO318ES
SO31 8GD,50.88369,-1.337448,SO318GD
SO32 1AA,50.95408,-1.212682,SO321AA
SO32 1DR,50.94563,-1.225181,SO321DR
SO32 1HJ,50.97378,-1.256618,SO321HJ
SO32 2BN,50.93239,-1.242563,SO322BN
SO32 2HD,50.92152,-1.214114,SO322HD
SO32 2HQ,50.9213,-1.213933,SO322HQ
SO32 3QY,50.95872,-1.103323,SO323QY
SO40 2ZU,50.92875,-1.516267,SO402ZU
SO40 3AE,50.91782,-1.484956,SO403AE
SO40 3DP,50.91889,-1.491175,SO403DP
SO40 3HW,50.91882,-1.489938,SO403HW
SO40 3HX,50.91974,-1.491507,SO403HX
SO40 3NF,50.93218,-1.50785,SO403NF
SO40 3SJ,50.92011,-1.506911,SO403SJ
SO40 4XR,50.89027,-1.44858,SO404XR
SO40 9HL,50.91699,-1.483301,SO409HL
SO40 9LA,50.90785,-1.501394,SO409LA
SO41 0FF,50.76059,-1.621134,SO410FF
SO41 0HY,50.75427,-1.621426,SO410HY
SO41 0PS,50.72457,-1.600414,SO410PS
SO41 0XD,50.72358,-1.582997,SO410XD
SO41 8LZ,50.77053,-1.546135,SO418LZ
SO41 8ZZ,50.7455,-1.552102,SO418ZZ
SO41 9AR,50.7585,-1.543486,SO419AR
SO41 9GN,50.76004,-1.544549,SO419GN
SO41 9PA,50.76048,-1.549833,SO419PA
SO41 9YA,50.75757,-1.543878,SO419YA
SO43 7FT,50.90181,-1.597321,SO437FT
SO45 6BP,50.8683,-1.398929,SO456BP
SO45 6DY,50.87294,-1.400931,SO456DY
SO45 6EB,50.86703,-1.39805,SO456EB
SO50 4GG,50.97968,-1.351481,SO504GG
SO50 5GA,50.97005,-1.36335,SO505GA
SO50 5LF,50.96833,-1.353889,SO505LF
SO50 6LQ,50.97149,-1.337509,SO506LQ
SO50 7HF,50.98524,-1.295656,SO507HF
SO50 9AL,50.97081,-1.354311,SO509AL
SO50 9FD,50.97048,-1.351253,SO509FD
SO50 9PD,50.97194,-1.370332,SO509PD
SO50 9ST,50.9719,-1.351262,SO509ST
SO50 9SX,50.97223,-1.352169,SO509SX
SO51 0GY,51.00462,-1.521292,SO510GY
SO51 0HE,51.0077,-1.516215,SO510HE
SO51 0PP,51.02203,-1.467319,SO510PP
SO51 7ND,50.99377,-1.482049,SO517ND
SO51 7QN,50.99181,-1.485975,SO517QN
SO51 8BW,50.98897,-1.49833,SO518BW
SO51 8BX,50.98882,-1.496066,SO518BX
SO51 8FT,50.99293,-1.49578,SO518FT
SO51 8JJ,50.98772,-1.496563,SO518JJ
SO51 9AQ,50.98098,-1.462861,SO519AQ
SO51 9DH,50.98148,-1.465134,SO519DH
SO53 1EP,50.9912,-1.377252,SO531EP
SO53 2ER,50.98367,-1.369019,SO532ER
SO53 2FS,50.98689,-1.385488,SO532FS
SO53 2HY,50.98296,-1.368559,SO532HY
SO53 2RR,50.98381,-1.369359,SO532RR
SO53 3GZ,50.96875,-1.38681,SO533GZ
SO53 3LS,50.97177,-1.381329,SO533LS
SO53 3TG,50.96751,-1.383209,SO533TG
SO53 4TL,50.98537,-1.398444,SO534TL
SP1 1DP,51.07093,-1.794458,SP11DP
SP1 1EF,51.07006,-1.791993,SP11EF
SP1 1EY,51.06918,-1.793923,SP11EY
SP1 2JA,51.06689,-1.787997,SP12JA
SP1 2LP,51.06578,-1.784163,SP12LP
SP1 3SP,51.07184,-1.796395,SP13SP
SP1 3UZ,51.07233,-1.79104,SP13UZ
SP1 3YP,51.09581,-1.815868,SP13YP
SP10 1DR,51.2125,-1.475503,SP101DR
SP10 1LS,51.20892,-1.479723,SP101LS
SP10 1LZ,51.20869,-1.480513,SP101LZ
SP10 1NN,51.20756,-1.478923,SP101NN
SP10 1NS,51.21821,-1.475309,SP101NS
SP10 1PA,51.20784,-1.477932,SP101PA
SP10 2EG,51.20375,-1.478723,SP102EG
SP10 2GJ,51.20547,-1.487464,SP102GJ
SP10 2PA,51.20614,-1.478166,SP102PA
SP10 3EG,51.20939,-1.487348,SP103EG
SP10 3FG,51.21733,-1.506977,SP103FG
SP10 5AP,51.21524,-1.45809,SP105AP
SP10 5NX,51.21356,-1.452827,SP105NX
SP11 6AZ,51.21996,-1.438647,SP116AZ
SP11 6JS,51.24398,-1.474127,SP116JS
SP11 6RU,51.22305,-1.4409,SP116RU
SP11 8SH,51.17068,-1.626164,SP118SH
SP11 9FA,51.25479,-1.628363,SP119FA
SP2 7GL,51.06668,-1.814942,SP27GL
SP2 7LD,51.07132,-1.818563,SP27LD
SP2 7PU,51.06968,-1.816828,SP27PU
SP2 7SU,51.06957,-1.800687,SP27SU
SP2 7UD,51.06629,-1.817584,SP27UD
SP2 9PB,51.09118,-1.829808,SP29PB
SP4 6AT,51.12727,-1.788276,SP46AT
SP4 6BU,51.10235,-1.781978,SP46BU
SP4 6EB,51.10259,-1.780477,SP46EB
SP4 7HD,51.17186,-1.780835,SP47HD
SP4 7RX,51.17547,-1.761821,SP47RX
SP4 7XY,51.16269,-1.765748,SP47XY
SP4 8DQ,51.19519,-1.769505,SP48DQ
SP4 8HA,51.20085,-1.772654,SP48HA
SP5 5PA,50.95568,-1.999842,SP55PA
SP7 8BP,51.0075,-2.197192,SP78BP
SP7 8PL,51.00925,-2.189275,SP78PL
SP7 9QJ,51.01743,-2.187027,SP79QJ
SP8 4AB,51.03704,-2.273422,SP84AB
SP8 4DZ,51.04025,-2.276935,SP84DZ
SP8 4FA,51.04773,-2.282714,SP84FA
SP9 7LG,51.24274,-1.664561,SP97LG
SP9 7QD,51.23897,-1.659087,SP97QD
SR1 1NA,54.90599,-1.379563,SR11NA
SR1 1PB,54.90427,-1.377282,SR11PB
SR1 2BP,54.90861,-1.367295,SR12BP
SR1 2BS,54.90749,-1.375017,SR12BS
SR1 2DN,54.90948,-1.367562,SR12DN
SR1 2JH,54.90606,-1.367117,SR12JH
SR2 7JP,54.90133,-1.388726,SR27JP
SR2 9TQ,54.87995,-1.372186,SR29TQ
SR3 1EB,54.88094,-1.405494,SR31EB
SR3 1HN,54.87421,-1.403131,SR31HN
SR3 2FD,54.86606,-1.413877,SR32FD
SR3 3XW,54.86285,-1.43843,SR33XW
SR3 4EN,54.8882,-1.428849,SR34EN
SR3 4JH,54.88523,-1.4343,SR34JH
SR4 0FA,54.90547,-1.425906,SR40FA
SR5 2DE,54.92425,-1.398318,SR52DE
SR5 2HZ,54.92069,-1.401679,SR52HZ
SR5 2TA,54.91831,-1.414991,SR52TA
SR5 2TJ,54.91791,-1.416712,SR52TJ
SR5 2TZ,54.9182,-1.418315,SR52TZ
SR5 3AD,54.92264,-1.419281,SR53AD
SR5 3PE,54.91364,-1.438597,SR53PE
SR5 3RL,54.91214,-1.45392,SR53RL
SR6 0EA,54.91552,-1.374737,SR60EA
SR6 0QA,54.91424,-1.37329,SR60QA
SR7 7PR,54.82213,-1.327699,SR77PR
SR8 1PH,54.74906,-1.33138,SR81PH
SR8 2RR,54.75237,-1.365833,SR82RR
SR8 3LJ,54.78823,-1.333891,SR83LJ
SR8 4NL,54.76471,-1.320632,SR84NL
SR8 4PH,54.76768,-1.321981,SR84PH
SR8 5AS,54.76657,-1.33305,SR85AS
SS0 0JB,51.56339,0.668676,SS00JB
SS0 0NF,51.55929,0.684884,SS00NF
SS0 0QH,51.5567,0.686334,SS00QH
SS0 0RJ,51.55689,0.695536,SS00RJ
SS0 7BX,51.54152,0.697915,SS07BX
SS0 7EL,51.54134,0.695524,SS07EL
SS0 7HG,51.53975,0.692748,SS07HG
SS0 7LF,51.53909,0.698377,SS07LF
SS0 7LX,51.53793,0.693073,SS07LX
SS0 7SR,51.53682,0.689921,SS07SR
SS0 7SS,51.53651,0.690552,SS07SS
SS0 8BJ,51.53978,0.686332,SS08BJ
SS0 8LQ,51.5401,0.684995,SS08LQ
SS0 9AA,51.54841,0.70001,SS09AA
SS0 9EU,51.549,0.693193,SS09EU
SS0 9FH,51.54688,0.70028,SS09FH
SS0 9HR,51.54546,0.68218,SS09HR
SS0 9HT,51.54497,0.685166,SS09HT
SS0 9HW,51.54543,0.683145,SS09HW
SS0 9LG,51.54456,0.69071,SS09LG
SS0 9LJ,51.54505,0.688517,SS09LJ
SS0 9LL,51.5443,0.689079,SS09LL
SS0 9PE,51.54569,0.68531,SS09PE
SS0 9RH,51.55107,0.679092,SS09RH
SS0 9ST,51.54585,0.680545,SS09ST
SS0 9SZ,51.54598,0.673859,SS09SZ
SS0 9TW,51.54748,0.680929,SS09TW
SS1 1AT,51.53627,0.712963,SS11AT
SS1 1BH,51.53569,0.712799,SS11BH
SS1 1BX,51.53511,0.713226,SS11BX
SS1 1EF,51.53632,0.710457,SS11EF
SS1 1NX,51.54007,0.708545,SS11NX
SS1 1PG,51.54012,0.707062,SS11PG
SS1 2BB,51.53743,0.715729,SS12BB
SS1 2FS,51.54064,0.72104,SS12FS
SS1 2JD,51.53402,0.728202,SS12JD
SS1 2LR,51.53988,0.719596,SS12LR
SS1 2NS,51.53894,0.720506,SS12NS
SS1 2PQ,51.5404,0.723853,SS12PQ
SS1 2SF,51.53561,0.731917,SS12SF
SS1 2YN,51.53099,0.735087,SS12YN
SS1 3AA,51.53045,0.741485,SS13AA
SS1 3DT,51.53867,0.741936,SS13DT
SS1 3JB,51.53379,0.761615,SS13JB
SS11 7DP,51.625,0.526512,SS117DP
SS11 8BB,51.61369,0.523804,SS118BB
SS11 8DX,51.61374,0.529151,SS118DX
SS11 8UD,51.60052,0.557964,SS118UD
SS11 8XG,51.60477,0.542085,SS118XG
SS11 8YB,51.60181,0.545443,SS118YB
SS11 8YR,51.60093,0.547488,SS118YR
SS11 8YU,51.6008,0.549098,SS118YU
SS12 0RA,51.61352,0.520141,SS120RA
SS12 9HZ,51.59027,0.528397,SS129HZ
SS13 1FG,51.57747,0.510077,SS131FG
SS13 1LT,51.58758,0.51446,SS131LT
SS13 2BN,51.57442,0.514686,SS132BN
SS13 2BZ,51.56573,0.516732,SS132BZ
SS13 3AS,51.56526,0.505523,SS133AS
SS13 3DU,51.56615,0.504071,SS133DU
SS13 3FB,51.56394,0.504094,SS133FB
SS13 3LP,51.57067,0.499802,SS133LP
SS13 3LR,51.57074,0.49845,SS133LR
SS14 1EA,51.5705,0.457308,SS141EA
SS14 1ET,51.57026,0.46174,SS141ET
SS14 1GJ,51.57102,0.456456,SS141GJ
SS14 1LS,51.57035,0.466868,SS141LS
SS14 1QD,51.57109,0.478064,SS141QD
SS14 1QQ,51.57026,0.480745,SS141QQ
SS14 1SB,51.568,0.491518,SS141SB
SS14 2LU,51.57388,0.470797,SS142LU
SS14 2LX,51.57434,0.471501,SS142LX
SS14 2NN,51.57862,0.476828,SS142NN
SS14 2SR,51.58093,0.483723,SS142SR
SS14 3AY,51.5815,0.449429,SS143AY
SS14 3BB,51.5821,0.453055,SS143BB
SS14 3HJ,51.5843,0.449204,SS143HJ
SS14 3RZ,51.57787,0.488881,SS143RZ
SS15 5BF,51.56739,0.429666,SS155BF
SS15 5FP,51.56767,0.427545,SS155FP
SS15 5LX,51.57241,0.423728,SS155LX
SS15 5RS,51.57783,0.427278,SS155RS
SS15 5UR,51.57083,0.429055,SS155UR
SS15 6AG,51.5737,0.419582,SS156AG
SS15 6BA,51.57727,0.419613,SS156BA
SS15 6LF,51.57254,0.407859,SS156LF
SS15 6SL,51.57761,0.40283,SS156SL
SS15 6SS,51.57487,0.401863,SS156SS
SS15 6TQ,51.57762,0.398674,SS156TQ
SS16 4BD,51.56568,0.47207,SS164BD
SS16 4PY,51.55893,0.486246,SS164PY
SS16 4TR,51.56076,0.495768,SS164TR
SS16 5NJ,51.56124,0.451774,SS165NJ
SS16 5TP,51.56238,0.447564,SS165TP
SS16 6NR,51.56482,0.408461,SS166NR
SS17 0AD,51.51578,0.437239,SS170AD
SS17 0RN,51.50297,0.429782,SS170RN
SS17 7AB,51.52497,0.436561,SS177AB
SS17 7EJ,51.52011,0.441939,SS177EJ
SS2 4AF,51.55076,0.726232,SS24AF
SS2 4LP,51.54778,0.733007,SS24LP
SS2 4QR,51.54934,0.739722,SS24QR
SS2 4QY,51.55109,0.742885,SS24QY
SS2 5BZ,51.54427,0.713684,SS25BZ
SS2 5SE,51.56315,0.709253,SS25SE
SS2 6BB,51.54384,0.708207,SS26BB
SS2 6ER,51.54488,0.708975,SS26ER
SS2 6HJ,51.54808,0.703496,SS26HJ
SS2 6JD,51.54376,0.705721,SS26JD
SS2 6LD,51.55153,0.708808,SS26LD
SS2 6NJ,51.55321,0.701045,SS26NJ
SS2 6NN,51.55738,0.698363,SS26NN
SS2 6PE,51.55201,0.702012,SS26PE
SS2 6RQ,51.56377,0.700675,SS26RQ
SS2 6SA,51.56004,0.699228,SS26SA
SS2 6XA,51.56649,0.693463,SS26XA
SS3 0FQ,51.55063,0.788905,SS30FQ
SS3 0FT,51.55191,0.793687,SS30FT
SS3 9QE,51.53174,0.785429,SS39QE
SS3 9QY,51.53506,0.795078,SS39QY
SS4 1AJ,51.5824,0.705995,SS41AJ
SS4 1AS,51.58273,0.70307,SS41AS
SS4 1BB,51.58063,0.70615,SS41BB
SS4 1PX,51.5831,0.705892,SS41PX
SS4 1XG,51.58483,0.688151,SS41XG
SS5 4DS,51.59956,0.669048,SS54DS
SS6 7BY,51.58566,0.604538,SS67BY
SS6 7HH,51.58899,0.601104,SS67HH
SS6 7LH,51.57728,0.627211,SS67LH
SS6 7NY,51.58064,0.612075,SS67NY
SS6 7UZ,51.5785,0.605182,SS67UZ
SS6 8JQ,51.5865,0.607719,SS68JQ
SS6 9ET,51.5973,0.581825,SS69ET
SS6 9TQ,51.59,0.58336,SS69TQ
SS7 1BU,51.56301,0.585783,SS71BU
SS7 1QQ,51.55288,0.589637,SS71QQ
SS7 2BN,51.55269,0.61157,SS72BN
SS7 2BT,51.55195,0.613389,SS72BT
SS7 2EE,51.54966,0.624192,SS72EE
SS7 2PA,51.55328,0.60817,SS72PA
SS7 2RF,51.55375,0.609596,SS72RF
SS7 3BT,51.56552,0.578551,SS73BT
SS7 4AD,51.56792,0.563607,SS74AD
SS7 4EX,51.57056,0.55361,SS74EX
SS7 4HH,51.57245,0.558306,SS74HH
SS7 4PS,51.57403,0.564672,SS74PS
SS7 4QN,51.57187,0.565359,SS74QN
SS7 5SQ,51.56701,0.552343,SS75SQ
SS7 5TG,51.56773,0.548776,SS75TG
SS8 0PB,51.52134,0.559318,SS80PB
SS8 7AT,51.51982,0.593196,SS87AT
SS8 7RD,51.52296,0.596071,SS87RD
SS8 9FH,51.53115,0.584179,SS89FH
SS8 9RZ,51.53162,0.586153,SS89RZ
SS9 1EN,51.54189,0.666134,SS91EN
SS9 2AH,51.54825,0.65084,SS92AH
SS9 3DN,51.54912,0.65555,SS93DN
SS9 3EB,51.54911,0.658262,SS93EB
SS9 3HU,51.54767,0.672891,SS93HU
SS9 4HU,51.553,0.658171,SS94HU
SS9 5PT,51.57014,0.648434,SS95PT
ST1 3AD,53.0235,-2.175699,ST13AD
ST1 3EU,53.01739,-2.168624,ST13EU
ST1 3EY,53.01795,-2.168,ST13EY
ST1 3LL,53.02,-2.168947,ST13LL
ST1 4EU,53.02279,-2.179856,ST14EU
ST1 4JH,53.02065,-2.180712,ST14JH
ST1 5DD,53.02917,-2.179883,ST15DD
ST1 5NS,53.02489,-2.188378,ST15NS
ST1 5PR,53.02138,-2.195548,ST15PR
ST1 5RW,53.02557,-2.177661,ST15RW
ST1 5SN,53.02517,-2.192762,ST15SN
ST1 6EZ,53.04326,-2.165593,ST16EZ
ST10 1HJ,52.98384,-1.982441,ST101HJ
ST13 5DN,53.10493,-2.026066,ST135DN
ST13 5HH,53.10627,-2.025111,ST135HH
ST13 5QG,53.09761,-2.032454,ST135QG
ST13 6AU,53.10978,-2.018988,ST136AU
ST13 6HQ,53.10712,-2.024081,ST136HQ
ST13 6HU,53.10612,-2.022243,ST136HU
ST13 6LP,53.10666,-2.017672,ST136LP
ST13 7HP,53.0685,-2.044983,ST137HP
ST13 8TY,53.14555,-1.983571,ST138TY
ST14 7JZ,52.89934,-1.870697,ST147JZ
ST14 8AG,52.89893,-1.86337,ST148AG
ST15 0SH,52.88645,-2.140694,ST150SH
ST15 0TL,52.88609,-2.140158,ST150TL
ST15 8AR,52.89951,-2.136975,ST158AR
ST15 8LQ,52.90915,-2.158135,ST158LQ
ST16 1BQ,52.80366,-2.124034,ST161BQ
ST16 1GD,52.80156,-2.128374,ST161GD
ST16 1NP,52.82361,-2.126332,ST161NP
ST16 2AD,52.80859,-2.119138,ST162AD
ST16 2BT,52.80753,-2.119209,ST162BT
ST16 2DE,52.80768,-2.119981,ST162DE
ST16 2LY,52.80613,-2.111862,ST162LY
ST16 2RH,52.81552,-2.120937,ST162RH
ST16 2RS,52.81731,-2.12348,ST162RS
ST16 2ST,52.81288,-2.125722,ST162ST
ST16 3AR,52.81294,-2.118823,ST163AR
ST16 3BU,52.81662,-2.118982,ST163BU
ST16 3DP,52.82296,-2.115556,ST163DP
ST16 3DU,52.81867,-2.122044,ST163DU
ST16 3EL,52.82224,-2.112735,ST163EL
ST16 3NG,52.81569,-2.11113,ST163NG
ST16 3RS,52.80907,-2.099037,ST163RS
ST16 3TB,52.81784,-2.118956,ST163TB
ST17 4AL,52.80112,-2.115365,ST174AL
ST17 4EB,52.79316,-2.11088,ST174EB
ST17 4XX,52.79345,-2.099476,ST174XX
ST18 0BF,52.81299,-2.081851,ST180BF
ST18 0ES,52.81496,-2.086365,ST180ES
ST18 0FX,52.81683,-2.084173,ST180FX
ST18 0FZ,52.81493,-2.088086,ST180FZ
ST18 0GB,52.81555,-2.082479,ST180GB
ST18 0GP,52.81776,-2.084397,ST180GP
ST18 0LQ,52.81613,-2.084943,ST180LQ
ST18 0PS,52.82598,-2.001912,ST180PS
ST18 0WL,52.81646,-2.078326,ST180WL
ST18 9AP,52.76558,-2.108305,ST189AP
ST19 5DH,52.72518,-2.114245,ST195DH
ST19 9BS,52.6765,-2.173811,ST199BS
ST2 8EJ,53.03796,-2.132882,ST28EJ
ST2 8FA,53.03849,-2.137939,ST28FA
ST2 8PN,53.03156,-2.136873,ST28PN
ST2 9AF,53.02362,-2.147701,ST29AF
ST2 9JZ,53.01382,-2.136951,ST29JZ
ST2 9RJ,53.01306,-2.145206,ST29RJ
ST20 0PN,52.80304,-2.306955,ST200PN
ST3 1AZ,52.99376,-2.136515,ST31AZ
ST3 1ED,52.99109,-2.134228,ST31ED
ST3 1RJ,52.98452,-2.131228,ST31RJ
ST3 3EA,52.97526,-2.153836,ST33EA
ST3 4EG,52.97887,-2.137169,ST34EG
ST3 4JF,52.98288,-2.131551,ST34JF
ST3 4QX,52.97795,-2.122332,ST34QX
ST3 5SQ,52.99936,-2.134924,ST35SQ
ST3 5XA,52.99784,-2.117159,ST35XA
ST3 6FB,52.97761,-2.097862,ST36FB
ST4 1EH,53.0018,-2.182466,ST41EH
ST4 1HH,53.00513,-2.182212,ST41HH
ST4 1NH,53.00357,-2.186005,ST41NH
ST4 2DN,53.01522,-2.185876,ST42DN
ST4 2HE,53.00021,-2.160451,ST42HE
ST4 2JX,53.00176,-2.161857,ST42JX
ST4 2LJ,53.00057,-2.161227,ST42LJ
ST4 2LW,53.0062,-2.165048,ST42LW
ST4 2RW,53.01095,-2.184442,ST42RW
ST4 3AF,52.99832,-2.163305,ST43AF
ST4 3JP,52.99769,-2.150384,ST43JP
ST4 3NJ,52.99568,-2.154058,ST43NJ
ST4 5AB,52.99773,-2.189839,ST45AB
ST4 5NX,52.98738,-2.201785,ST45NX
ST4 5RE,52.98817,-2.203949,ST45RE
ST4 6AB,53.00952,-2.208163,ST46AB
ST4 7AB,53.01631,-2.189548,ST47AB
ST4 7SN,53.00839,-2.189856,ST47SN
ST4 8GB,52.97039,-2.167086,ST48GB
ST5 1BL,53.01203,-2.22454,ST51BL
ST5 1ED,53.01382,-2.223655,ST51ED
ST5 1EL,53.01314,-2.222593,ST51EL
ST5 1EZ,53.01285,-2.223128,ST51EZ
ST5 1JU,53.01241,-2.216598,ST51JU
ST5 1PE,53.01151,-2.226967,ST51PE
ST5 2BU,53.01475,-2.22758,ST52BU
ST5 2RS,53.01134,-2.231154,ST52RS
ST5 6PQ,53.01618,-2.260649,ST56PQ
ST5 6SR,53.0215,-2.283968,ST56SR
ST5 7AP,53.04923,-2.247424,ST57AP
ST5 7NJ,53.03901,-2.239118,ST57NJ
ST5 7RG,53.04962,-2.24304,ST57RG
ST5 7SF,53.05136,-2.25494,ST57SF
ST5 9GA,53.02171,-2.241154,ST59GA
ST5 9HD,53.02005,-2.231141,ST59HD
ST5 9JR,53.02858,-2.22321,ST59JR
ST5 9QA,53.0301,-2.245152,ST59QA
ST5 9QF,53.02642,-2.250245,ST59QF
ST6 1AP,53.05056,-2.189252,ST61AP
ST6 1AW,53.05041,-2.191698,ST61AW
ST6 1BN,53.05389,-2.187193,ST61BN
ST6 1EA,53.04692,-2.191264,ST61EA
ST6 1EB,53.04704,-2.18852,ST61EB
ST6 1HP,53.04919,-2.182921,ST61HP
ST6 1JQ,53.04632,-2.190561,ST61JQ
ST6 1LH,53.05222,-2.174579,ST61LH
ST6 2EZ,53.04127,-2.19103,ST62EZ
ST6 2HF,53.03983,-2.187802,ST62HF
ST6 3EA,53.04536,-2.196612,ST63EA
ST6 3ES,53.04388,-2.195263,ST63ES
ST6 3PR,53.03899,-2.203309,ST63PR
ST6 3QF,53.04403,-2.201797,ST63QF
ST6 4BF,53.06189,-2.22477,ST64BF
ST6 5AR,53.06115,-2.211591,ST65AR
ST6 5UN,53.06472,-2.204804,ST65UN
ST6 6SB,53.07484,-2.199941,ST66SB
ST6 7JE,53.06276,-2.191156,ST67JE
ST7 1QW,53.06805,-2.258187,ST71QW
ST7 2GU,53.09842,-2.335087,ST72GU
ST7 2HN,53.09932,-2.329867,ST72HN
ST7 2JA,53.09523,-2.314126,ST72JA
ST7 8EH,53.05209,-2.306368,ST78EH
ST8 6DR,53.11662,-2.169506,ST86DR
ST9 0DG,53.01989,-2.070707,ST90DG
ST9 9JL,53.05242,-2.113935,ST99JL
SW11 1SW,51.45997,-0.179391,SW111SW
SW11 2PJ,51.46953,-0.171092,SW112PJ
SW11 3RL,51.47047,-0.176166,SW113RL
SW11 3TZ,51.46699,-0.179947,SW113TZ
SW11 4DS,51.47772,-0.165508,SW114DS
SW11 4ND,51.47367,-0.160587,SW114ND
SW11 4SN,51.47508,-0.164016,SW114SN
SW11 5JE,51.47369,-0.152839,SW115JE
SW11 5QL,51.46518,-0.155371,SW115QL
SW12 0NT,51.44642,-0.141304,SW120NT
SW12 8ET,51.44373,-0.153947,SW128ET
SW12 9ER,51.45024,-0.14833,SW129ER
SW12 9JJ,51.43932,-0.14624,SW129JJ
SW13 9DW,51.48584,-0.232591,SW139DW
SW14 7HQ,51.46814,-0.270781,SW147HQ
SW14 8AB,51.4674,-0.266446,SW148AB
SW14 8AN,51.46512,-0.263509,SW148AN
SW15 2RS,51.45823,-0.206336,SW152RS
SW15 2SH,51.46072,-0.215826,SW152SH
SW15 3PW,51.43332,-0.257493,SW153PW
SW15 5AR,51.45877,-0.237955,SW155AR
SW15 5LH,51.46482,-0.249081,SW155LH
SW16 1HS,51.42995,-0.130636,SW161HS
SW16 1NG,51.43596,-0.129197,SW161NG
SW16 2BF,51.42692,-0.1304,SW162BF
SW16 2HR,51.42629,-0.11945,SW162HR
SW16 2UG,51.43033,-0.126736,SW162UG
SW16 3QF,51.41767,-0.127081,SW163QF
SW16 4AQ,51.40983,-0.122657,SW164AQ
SW16 4HY,51.4055,-0.128269,SW164HY
SW16 4JS,51.41027,-0.120496,SW164JS
SW16 4QQ,51.40789,-0.134311,SW164QQ
SW16 4QR,51.40931,-0.128717,SW164QR
SW16 5FR,51.40631,-0.141334,SW165FR
SW16 5JA,51.41116,-0.142576,SW165JA
SW16 5LG,51.4181,-0.129164,SW165LG
SW16 5LY,51.41587,-0.127946,SW165LY
SW16 5SH,51.42077,-0.128867,SW165SH
SW16 6AB,51.4271,-0.131918,SW166AB
SW16 6EX,51.42268,-0.129753,SW166EX
SW16 6HX,51.42376,-0.130486,SW166HX
SW16 6LG,51.42873,-0.131448,SW166LG
SW17 0SN,51.4294,-0.166235,SW170SN
SW17 0SZ,51.42443,-0.171152,SW170SZ
SW17 7BQ,51.43998,-0.154573,SW177BQ
SW17 7EA,51.44316,-0.165684,SW177EA
SW17 7EW,51.43098,-0.165237,SW177EW
SW17 8HE,51.42693,-0.161918,SW178HE
SW17 8TA,51.42868,-0.164667,SW178TA
SW17 9NJ,51.42354,-0.162312,SW179NJ
SW17 9QH,51.42384,-0.159797,SW179QH
SW17 9SH,51.42359,-0.163648,SW179SH
SW18 1NL,51.46082,-0.198461,SW181NL
SW18 1UQ,51.45742,-0.192765,SW181UQ
SW18 2PU,51.45737,-0.190924,SW182PU
SW18 2SJ,51.45653,-0.188957,SW182SJ
SW18 4FS,51.44842,-0.198646,SW184FS
SW18 4GQ,51.4562,-0.196656,SW184GQ
SW18 4UJ,51.44519,-0.190484,SW184UJ
SW18 5EB,51.4489,-0.199246,SW185EB
SW18 5QY,51.45108,-0.209855,SW185QY
SW19 1EX,51.41891,-0.191177,SW191EX
SW19 1NE,51.41885,-0.198169,SW191NE
SW19 2NE,51.4156,-0.183743,SW192NE
SW19 3AN,51.41329,-0.203608,SW193AN
SW19 3EQ,51.40805,-0.193992,SW193EQ
SW19 3TL,51.40858,-0.187659,SW193TL
SW19 3TZ,51.40919,-0.189403,SW193TZ
SW19 3UX,51.40783,-0.187027,SW193UX
SW19 4EU,51.42017,-0.208991,SW194EU
SW19 5DQ,51.42633,-0.21705,SW195DQ
SW19 8JZ,51.42663,-0.190786,SW198JZ
SW19 8NG,51.42062,-0.204284,SW198NG
SW1E 6QT,51.4972,-0.136301,SW1E6QT
SW1W 0QP,51.49782,-0.144444,SW1W0QP
SW2 1BZ,51.45843,-0.114157,SW21BZ
SW2 1HE,51.44898,-0.124002,SW21HE
SW2 1HJ,51.44743,-0.124641,SW21HJ
SW2 1RS,51.45317,-0.121109,SW21RS
SW2 3BJ,51.43773,-0.118736,SW23BJ
SW2 4RD,51.44132,-0.125265,SW24RD
SW2 4UN,51.4486,-0.125428,SW24UN
SW2 5UA,51.45954,-0.127484,SW25UA
SW20 0UH,51.40646,-0.239377,SW200UH
SW20 8DA,51.40983,-0.2102,SW208DA
SW20 8ZU,51.41007,-0.228324,SW208ZU
SW3 2ST,51.49198,-0.160888,SW32ST
SW3 4SR,51.4874,-0.157313,SW34SR
SW4 0AF,51.46362,-0.140303,SW40AF
SW4 6JP,51.46936,-0.128249,SW46JP
SW4 9AH,51.45261,-0.149127,SW49AH
SW4 9DT,51.45638,-0.143519,SW49DT
SW5 9HR,51.48902,-0.192006,SW59HR
SW6 2JY,51.47213,-0.183659,SW62JY
SW6 2SZ,51.46873,-0.185507,SW62SZ
SW6 3HH,51.46667,-0.193954,SW63HH
SW6 3PA,51.46794,-0.208532,SW63PA
SW6 4HH,51.47644,-0.20002,SW64HH
SW6 4QP,51.47924,-0.194495,SW64QP
SW6 5QE,51.47772,-0.198803,SW65QE
SW6 5UA,51.48021,-0.197769,SW65UA
SW6 7PH,51.48355,-0.21783,SW67PH
SW7 2HQ,51.49475,-0.174002,SW72HQ
SW8 1BG,51.48258,-0.125087,SW81BG
SW8 1EL,51.4794,-0.120954,SW81EL
SW9 0BQ,51.4702,-0.115932,SW90BQ
SW9 0NH,51.4743,-0.113301,SW90NH
SW9 6DE,51.4804,-0.110227,SW96DE
SW9 6HX,51.47704,-0.109746,SW96HX
SW9 7HJ,51.46885,-0.108141,SW97HJ
SW9 8BJ,51.46387,-0.115401,SW98BJ
SW9 8RR,51.4651,-0.102897,SW98RR
SW9 9EZ,51.47023,-0.122411,SW99EZ
SW9 9HF,51.46909,-0.122903,SW99HF
SW9 9PY,51.46932,-0.119439,SW99PY
SY1 1HL,52.70744,-2.755913,SY11HL
SY1 3AB,52.74531,-2.738732,SY13AB
SY1 3AF,52.74538,-2.743726,SY13AF
SY1 3BF,52.74598,-2.736462,SY13BF
SY1 3EH,52.74621,-2.741444,SY13EH
SY1 3FE,52.74566,-2.73502,SY13FE
SY1 3GZ,52.74041,-2.73271,SY13GZ
SY1 3LL,52.73547,-2.738462,SY13LL
SY10 7HD,52.88696,-3.03214,SY107HD
SY10 9NX,52.84234,-3.062393,SY109NX
SY11 1QA,52.86054,-3.054164,SY111QA
SY11 1RB,52.86042,-3.052156,SY111RB
SY11 2NR,52.85834,-3.052655,SY112NR
SY11 2NU,52.85842,-3.052256,SY112NU
SY11 2PA,52.85828,-3.055,SY112PA
SY11 2SZ,52.857,-3.057137,SY112SZ
SY11 3JA,52.88908,-3.028415,SY113JA
SY11 4AD,52.87138,-3.034058,SY114AD
SY12 0EG,52.90683,-2.895327,SY120EG
SY13 1AA,52.9692,-2.681587,SY131AA
SY13 1AD,52.96929,-2.681767,SY131AD
SY13 1BB,52.96997,-2.684875,SY131BB
SY13 1DP,52.96795,-2.683146,SY131DP
SY13 1EA,52.96709,-2.68212,SY131EA
SY13 4AL,52.99384,-2.595565,SY134AL
SY13 4PP,52.91765,-2.597447,SY134PP
SY14 8EW,53.0233,-2.761099,SY148EW
SY2 5ST,52.71815,-2.720612,SY25ST
SY2 5XW,52.71471,-2.721059,SY25XW
SY2 6LG,52.69202,-2.715506,SY26LG
SY3 0HT,52.67472,-2.772549,SY30HT
SY3 5BS,52.70642,-2.80009,SY35BS
SY3 5HJ,52.71557,-2.796971,SY35HJ
SY3 6DU,52.69643,-2.775507,SY36DU
SY3 7FE,52.69607,-2.743923,SY37FE
SY3 7HW,52.69851,-2.758482,SY37HW
SY3 8BD,52.70596,-2.782884,SY38BD
SY3 8HQ,52.71141,-2.756352,SY38HQ
SY3 8JY,52.71091,-2.759674,SY38JY
SY3 9PS,52.69004,-2.772553,SY39PS
SY4 3DH,52.79011,-2.732166,SY43DH
SY4 3QJ,52.78278,-2.784469,SY43QJ
SY4 4NZ,52.78777,-2.655124,SY44NZ
SY4 5AA,52.85578,-2.723186,SY45AA
SY4 5LU,52.86145,-2.71526,SY45LU
SY5 0BP,52.64191,-2.917852,SY50BP
SY5 0PS,52.64885,-2.887504,SY50PS
SY5 0QB,52.6497,-2.883102,SY50QB
SY5 7BG,52.6459,-2.745496,SY57BG
SY6 6BH,52.53899,-2.807114,SY66BH
SY7 0LB,52.36139,-2.876431,SY70LB
SY7 9AW,52.40928,-2.802346,SY79AW
SY7 9NN,52.43991,-2.833738,SY79NN
SY8 1EN,52.37639,-2.723526,SY81EN
SY8 1FF,52.36525,-2.692987,SY81FF
SY8 1NH,52.36707,-2.718952,SY81NH
SY8 1SX,52.36979,-2.705161,SY81SX
SY8 1XE,52.36748,-2.696635,SY81XE
TA1 1BT,51.02131,-3.106353,TA11BT
TA1 1DG,51.01954,-3.109177,TA11DG
TA1 1NL,51.01992,-3.105265,TA11NL
TA1 1RZ,51.01518,-3.101788,TA11RZ
TA1 1SW,51.0171,-3.098968,TA11SW
TA1 1UR,51.01836,-3.105342,TA11UR
TA1 2DT,51.02095,-3.073579,TA12DT
TA1 2DX,51.0249,-3.072544,TA12DX
TA1 2EP,51.01851,-3.077515,TA12EP
TA1 2ES,51.01767,-3.075172,TA12ES
TA1 2LR,51.0214,-3.064194,TA12LR
TA1 3EN,51.01517,-3.095957,TA13EN
TA1 3FA,51.01501,-3.090065,TA13FA
TA1 3GH,51.01226,-3.092167,TA13GH
TA1 3PJ,51.01305,-3.103077,TA13PJ
TA1 3SS,51.01048,-3.097314,TA13SS
TA1 3UF,51.01533,-3.090814,TA13UF
TA1 4AJ,51.01454,-3.104153,TA14AJ
TA1 4EA,51.01348,-3.105811,TA14EA
TA1 4PX,51.01159,-3.110541,TA14PX
TA1 4QL,51.00669,-3.112947,TA14QL
TA1 4TY,51.00524,-3.121308,TA14TY
TA10 0QN,51.05815,-2.854623,TA100QN
TA11 6SB,51.05922,-2.748122,TA116SB
TA11 7DR,51.08099,-2.608983,TA117DR
TA12 6HB,50.97932,-2.768886,TA126HB
TA18 7BQ,50.89106,-2.795325,TA187BQ
TA18 8AB,50.88221,-2.791606,TA188AB
TA2 6BD,51.02558,-3.128386,TA26BD
TA2 6BJ,51.02584,-3.123915,TA26BJ
TA2 6FD,51.02811,-3.137588,TA26FD
TA2 6FG,51.02719,-3.139476,TA26FG
TA2 6NS,51.03316,-3.14239,TA26NS
TA2 6NU,51.03596,-3.142744,TA26NU
TA2 7PU,51.02609,-3.095572,TA27PU
TA2 8QN,51.04281,-3.054771,TA28QN
TA20 2AH,50.87201,-2.965549,TA202AH
TA21 0BE,50.98737,-3.239532,TA210BE
TA21 0BW,50.99753,-3.230967,TA210BW
TA21 0LS,50.96269,-3.285825,TA210LS
TA21 8LS,50.97854,-3.227759,TA218LS
TA21 9AD,50.98055,-3.208252,TA219AD
TA21 9SF,50.97928,-3.210484,TA219SF
TA24 5TY,51.20374,-3.479076,TA245TY
TA24 5UB,51.20488,-3.478182,TA245UB
TA24 6EW,51.18785,-3.470983,TA246EW
TA3 6DG,50.99837,-2.986156,TA36DG
TA3 7RE,50.90706,-3.119089,TA37RE
TA4 1EL,51.00333,-3.151791,TA41EL
TA5 1JS,51.15595,-3.161765,TA51JS
TA5 2JG,51.1478,-3.003035,TA52JG
TA6 3EW,51.1293,-3.005507,TA63EW
TA6 3HW,51.13004,-3.002079,TA63HW
TA6 3LJ,51.12661,-3.006577,TA63LJ
TA6 4DB,51.13416,-3.000781,TA64DB
TA6 4DH,51.13679,-2.998094,TA64DH
TA6 4EN,51.12712,-2.973993,TA64EN
TA6 4FF,51.13854,-2.994901,TA64FF
TA6 4RR,51.14567,-2.991609,TA64RR
TA6 4SY,51.14212,-2.990447,TA64SY
TA6 6AD,51.12255,-2.999687,TA66AD
TA6 6DF,51.10133,-2.998258,TA66DF
TA6 6PY,51.09315,-3.012362,TA66PY
TA7 8DD,51.1715,-2.969965,TA78DD
TA8 1AL,51.23767,-2.996911,TA81AL
TA8 1QS,51.23127,-2.981348,TA81QS
TA9 3RH,51.19525,-2.995566,TA93RH
TA9 4AL,51.21983,-2.964323,TA94AL
TA9 4JN,51.26089,-2.923547,TA94JN
TD15 1BN,55.77019,-2.00424,TD151BN
TD15 1ED,55.77235,-2.002423,TD151ED
TF1 1BJ,52.70051,-2.518722,TF11BJ
TF1 1DD,52.70185,-2.519256,TF11DD
TF1 1QA,52.69947,-2.521862,TF11QA
TF1 1RJ,52.69635,-2.519412,TF11RJ
TF1 2GE,52.70144,-2.532555,TF12GE
TF1 2GF,52.70218,-2.533541,TF12GF
TF1 2GQ,52.69029,-2.500344,TF12GQ
TF1 5FH,52.6974,-2.477268,TF15FH
TF1 5FJ,52.69783,-2.476592,TF15FJ
TF1 5JD,52.69345,-2.482418,TF15JD
TF1 5QX,52.70552,-2.480538,TF15QX
TF1 6QJ,52.71767,-2.479354,TF16QJ
TF10 7AQ,52.76823,-2.377511,TF107AQ
TF10 7AX,52.76878,-2.379769,TF107AX
TF10 7BF,52.76233,-2.375771,TF107BF
TF10 7BW,52.76788,-2.378382,TF107BW
TF11 8AF,52.66632,-2.373984,TF118AF
TF11 8FQ,52.6773,-2.374654,TF118FQ
TF11 8LE,52.6932,-2.287953,TF118LE
TF11 9BA,52.6645,-2.372238,TF119BA
TF13 6HF,52.59311,-2.557413,TF136HF
TF2 6DU,52.69505,-2.449174,TF26DU
TF2 6DW,52.69139,-2.45285,TF26DW
TF2 6RX,52.70773,-2.455165,TF26RX
TF2 7BF,52.70768,-2.436264,TF27BF
TF2 8AJ,52.72271,-2.433823,TF28AJ
TF2 9AA,52.69573,-2.447183,TF29AA
TF2 9FT,52.68441,-2.424405,TF29FT
TF2 9TU,52.68682,-2.44443,TF29TU
TF2 9TW,52.68564,-2.442376,TF29TW
TF2 9TX,52.68772,-2.444143,TF29TX
TF2 9TZ,52.68545,-2.443484,TF29TZ
TF3 1ET,52.65503,-2.435711,TF31ET
TF3 1RD,52.6545,-2.441707,TF31RD
TF3 2NS,52.66155,-2.430823,TF32NS
TF3 3BA,52.67559,-2.421096,TF33BA
TF3 3BD,52.67933,-2.433601,TF33BD
TF3 3BQ,52.68016,-2.427101,TF33BQ
TF3 4JA,52.67899,-2.444898,TF34JA
TF3 4NT,52.68013,-2.445915,TF34NT
TF3 5JD,52.68656,-2.487609,TF35JD
TF3 5JH,52.68656,-2.482786,TF35JH
TF4 2DQ,52.66616,-2.459243,TF42DQ
TF4 2PP,52.67621,-2.480794,TF42PP
TF4 3JR,52.66257,-2.466583,TF43JR
TF5 0DB,52.71742,-2.544402,TF50DB
TF7 4BB,52.63148,-2.440248,TF74BB
TF7 4DX,52.62677,-2.446746,TF74DX
TF7 4JR,52.64092,-2.443107,TF74JR
TF7 4NA,52.6395,-2.421399,TF74NA
TF7 4QH,52.64424,-2.42171,TF74QH
TF7 4QN,52.63745,-2.424586,TF74QN
TF7 4QU,52.64109,-2.426586,TF74QU
TF7 5AQ,52.63656,-2.448249,TF75AQ
TF8 7NE,52.63388,-2.480019,TF87NE
TF9 1PD,52.90395,-2.48434,TF91PD
TF9 1PW,52.90541,-2.485605,TF91PW
TF9 1QX,52.90926,-2.484027,TF91QX
TF9 2HT,52.89774,-2.490306,TF92HT
TF9 3FX,52.90714,-2.501192,TF93FX
TF9 3PX,52.88562,-2.544338,TF93PX
TF9 3SH,52.90798,-2.4866,TF93SH
TN1 1DJ,51.12995,0.260894,TN11DJ
TN1 1LU,51.13353,0.264442,TN11LU
TN1 1UL,51.129,0.26302,TN11UL
TN1 1XP,51.12722,0.260089,TN11XP
TN1 2NB,51.13238,0.267502,TN12NB
TN10 3AB,51.20155,0.276153,TN103AB
TN10 3LR,51.21989,0.274951,TN103LR
TN10 3RR,51.2208,0.287627,TN103RR
TN10 4NZ,51.20575,0.283346,TN104NZ
TN11 8RQ,51.19452,0.213171,TN118RQ
TN11 9BP,51.20644,0.257681,TN119BP
TN11 9LN,51.22785,0.243603,TN119LN
TN12 5EN,51.21242,0.391454,TN125EN
TN12 9AG,51.17751,0.503927,TN129AG
TN13 1DA,51.27233,0.192105,TN131DA
TN13 1JX,51.26949,0.191095,TN131JX
TN13 1YH,51.27139,0.189723,TN131YH
TN13 2AA,51.28383,0.169636,TN132AA
TN13 2BT,51.28463,0.170391,TN132BT
TN13 3PE,51.28746,0.194748,TN133PE
TN13 3QG,51.28714,0.190315,TN133QG
TN14 5PQ,51.31331,0.189007,TN145PQ
TN14 7AA,51.32432,0.155571,TN147AA
TN15 6BX,51.35051,0.251184,TN156BX
TN16 1JP,51.27722,0.110551,TN161JP
TN16 1JR,51.27696,0.110553,TN161JR
TN17 2AF,51.11833,0.555243,TN172AF
TN17 2DY,51.11261,0.557699,TN172DY
TN18 4AS,51.04839,0.510197,TN184AS
TN18 4HT,51.04613,0.514341,TN184HT
TN18 5EF,51.05647,0.506909,TN185EF
TN2 3AD,51.14682,0.280306,TN23AD
TN2 3DH,51.15118,0.277561,TN23DH
TN2 3FX,51.15388,0.293625,TN23FX
TN2 3UU,51.13605,0.283292,TN23UU
TN2 4AY,51.14526,0.337379,TN24AY
TN2 4QS,51.14215,0.313688,TN24QS
TN2 4QU,51.13691,0.309495,TN24QU
TN2 4RF,51.13253,0.299614,TN24RF
TN21 0JB,50.93407,0.24146,TN210JB
TN21 0JL,50.92329,0.232519,TN210JL
TN21 8PP,50.97257,0.255935,TN218PP
TN21 8QR,50.95993,0.259096,TN218QR
TN22 1FH,50.97958,0.096995,TN221FH
TN22 1RJ,50.97318,0.096949,TN221RJ
TN22 3DT,51.01519,0.086896,TN223DT
TN22 4HE,50.98812,0.136951,TN224HE
TN22 5EJ,50.96516,0.102869,TN225EJ
TN23 1PD,51.14657,0.87143,TN231PD
TN23 4XL,51.14351,0.848877,TN234XL
TN23 5HG,51.1372,0.833834,TN235HG
TN23 6LN,51.1323,0.867371,TN236LN
TN23 6LW,51.13275,0.866713,TN236LW
TN23 6LZ,51.12865,0.863843,TN236LZ
TN23 7RP,51.14152,0.87166,TN237RP
TN23 7TS,51.13808,0.87169,TN237TS
TN24 0LH,51.1246,0.897496,TN240LH
TN24 0NR,51.14433,0.906824,TN240NR
TN24 8BF,51.15793,0.862895,TN248BF
TN24 8DF,51.15021,0.875117,TN248DF
TN24 8DH,51.15068,0.884528,TN248DH
TN24 8JR,51.15039,0.873526,TN248JR
TN24 8XU,51.16252,0.866841,TN248XU
TN24 9BZ,51.1623,0.878372,TN249BZ
TN24 9HT,51.17117,0.886021,TN249HT
TN25 4BF,51.17044,0.867405,TN254BF
TN25 4DF,51.21791,0.867204,TN254DF
TN25 5LL,51.13768,0.998523,TN255LL
TN25 6SX,51.11335,0.954236,TN256SX
TN26 2HN,51.06546,0.857772,TN262HN
TN26 3RJ,51.07412,0.794186,TN263RJ
TN26 3SN,51.07131,0.775386,TN263SN
TN27 9LY,51.17055,0.635241,TN279LY
TN27 9TN,51.16808,0.626717,TN279TN
TN28 8BN,50.98529,0.938987,TN288BN
TN28 8DW,50.98606,0.938965,TN288DW
TN3 0AQ,51.14535,0.218638,TN30AQ
TN3 0TU,51.15567,0.228529,TN30TU
TN3 9JA,51.08308,0.230537,TN39JA
TN30 6BW,51.06834,0.688643,TN306BW
TN30 7LZ,51.05289,0.693498,TN307LZ
TN31 7AD,50.95114,0.731068,TN317AD
TN31 7BE,50.95275,0.722561,TN317BE
TN31 7SQ,50.96201,0.730338,TN317SQ
TN33 0AE,50.916,0.485052,TN330AE
TN33 0AG,50.91632,0.485139,TN330AG
TN33 0TP,50.90286,0.514108,TN330TP
TN34 1DT,50.85551,0.576284,TN341DT
TN34 1HL,50.85521,0.578001,TN341HL
TN34 1NH,50.85718,0.578849,TN341NH
TN34 2PQ,50.87275,0.568962,TN342PQ
TN34 2RR,50.88398,0.577471,TN342RR
TN34 3AA,50.85529,0.58349,TN343AA
TN35 5BB,50.87101,0.606349,TN355BB
TN37 6PA,50.86654,0.556256,TN376PA
TN38 8BE,50.84722,0.510973,TN388BE
TN38 9BA,50.86858,0.548862,TN389BA
TN38 9BB,50.87071,0.551893,TN389BB
TN38 9EA,50.87412,0.547573,TN389EA
TN38 9UH,50.87366,0.527078,TN389UH
TN39 3DN,50.83767,0.458659,TN393DN
TN39 4AU,50.85287,0.470143,TN394AU
TN39 4PQ,50.84578,0.434508,TN394PQ
TN39 4SJ,50.84456,0.433805,TN394SJ
TN39 4SL,50.84371,0.433888,TN394SL
TN39 5BB,50.85679,0.469724,TN395BB
TN39 5HE,50.85732,0.464012,TN395HE
TN4 0PP,51.15667,0.259711,TN40PP
TN4 9FJ,51.1424,0.259629,TN49FJ
TN40 1JA,50.83986,0.476657,TN401JA
TN40 1JB,50.83947,0.476424,TN401JB
TN40 2DZ,50.8507,0.475527,TN402DZ
TN5 6PT,51.07213,0.309223,TN56PT
TN6 1BL,51.05462,0.157278,TN61BL
TN6 1DF,51.05874,0.162607,TN61DF
TN6 1DH,51.05853,0.158858,TN61DH
TN6 1EJ,51.05305,0.164597,TN61EJ
TN6 2JD,51.04573,0.1848,TN62JD
TN8 5AX,51.19376,0.066143,TN85AX
TN8 5QR,51.17716,0.053598,TN85QR
TN8 7JU,51.14365,0.053412,TN87JU
TN9 1EP,51.19324,0.271878,TN91EP
TN9 1SP,51.19072,0.282045,TN91SP
TN9 1UB,51.19262,0.268541,TN91UB
TN9 2AA,51.19035,0.270877,TN92AA
TN9 2HR,51.19017,0.270138,TN92HR
TN9 2JN,51.18497,0.279757,TN92JN
TQ1 1EY,50.46531,-3.526588,TQ11EY
TQ1 1HF,50.46321,-3.519349,TQ11HF
TQ1 1LR,50.47241,-3.524618,TQ11LR
TQ1 2DZ,50.45851,-3.516888,TQ12DZ
TQ1 3AE,50.46725,-3.528694,TQ13AE
TQ1 3HQ,50.47479,-3.529445,TQ13HQ
TQ1 3QH,50.47617,-3.528446,TQ13QH
TQ1 3TB,50.47296,-3.507006,TQ13TB
TQ1 4BD,50.47335,-3.536431,TQ14BD
TQ1 4HA,50.47962,-3.536253,TQ14HA
TQ1 4LX,50.48298,-3.524099,TQ14LX
TQ1 4TB,50.50315,-3.528288,TQ14TB
TQ11 0AA,50.48124,-3.777637,TQ110AA
TQ11 0BU,50.48167,-3.775004,TQ110BU
TQ11 0JN,50.48741,-3.807488,TQ110JN
TQ12 1GJ,50.52866,-3.607786,TQ121GJ
TQ12 1SP,50.53256,-3.620209,TQ121SP
TQ12 2EF,50.53047,-3.608991,TQ122EF
TQ12 2EL,50.53032,-3.608492,TQ122EL
TQ12 2HH,50.52998,-3.60508,TQ122HH
TQ12 2HP,50.53041,-3.603852,TQ122HP
TQ12 2JS,50.52964,-3.609555,TQ122JS
TQ12 2QZ,50.53093,-3.609965,TQ122QZ
TQ12 2RJ,50.53067,-3.612567,TQ122RJ
TQ12 2TS,50.53935,-3.61227,TQ122TS
TQ12 3SB,50.54298,-3.595726,TQ123SB
TQ12 4PH,50.53277,-3.591741,TQ124PH
TQ12 5NL,50.50982,-3.619022,TQ125NL
TQ12 5RU,50.49173,-3.643725,TQ125RU
TQ12 6AH,50.51453,-3.633655,TQ126AH
TQ12 6HW,50.56421,-3.687391,TQ126HW
TQ12 6NQ,50.54555,-3.656138,TQ126NQ
TQ12 6TZ,50.57413,-3.659273,TQ126TZ
TQ13 8AY,50.67428,-3.839877,TQ138AY
TQ13 8NF,50.66092,-3.764984,TQ138NF
TQ13 9AD,50.59336,-3.675081,TQ139AD
TQ14 9DF,50.54788,-3.504933,TQ149DF
TQ14 9JX,50.54946,-3.502217,TQ149JX
TQ14 9QL,50.55254,-3.538933,TQ149QL
TQ2 5NQ,50.46555,-3.529527,TQ25NQ
TQ2 5QB,50.46784,-3.5317,TQ25QB
TQ2 5QW,50.46854,-3.533273,TQ25QW
TQ2 5QZ,50.47084,-3.538942,TQ25QZ
TQ2 5UW,50.46786,-3.538508,TQ25UW
TQ2 7SU,50.49404,-3.559548,TQ27SU
TQ2 8BX,50.4934,-3.530215,TQ28BX
TQ3 2BT,50.44793,-3.557708,TQ32BT
TQ3 2LP,50.44371,-3.57109,TQ32LP
TQ3 2NX,50.44643,-3.557461,TQ32NX
TQ3 2TH,50.44458,-3.56357,TQ32TH
TQ3 3DU,50.43631,-3.567916,TQ33DU
TQ3 3EN,50.43558,-3.570765,TQ33EN
TQ4 5AA,50.43534,-3.567701,TQ45AA
TQ4 5BP,50.43673,-3.565395,TQ45BP
TQ4 5XW,50.4293,-3.581371,TQ45XW
TQ4 7EP,50.4239,-3.590061,TQ47EP
TQ4 7FE,50.41785,-3.584242,TQ47FE
TQ5 9PN,50.38919,-3.511242,TQ59PN
TQ5 9TF,50.39584,-3.512199,TQ59TF
TQ7 1AB,50.28633,-3.777596,TQ71AB
TQ7 3QH,50.29745,-3.804816,TQ73QH
TQ9 5AL,50.42744,-3.680303,TQ95AL
TQ9 5BH,50.43287,-3.674947,TQ95BH
TQ9 5RS,50.43155,-3.709131,TQ95RS
TQ9 5RU,50.43126,-3.686606,TQ95RU
TQ9 5ZY,50.4262,-3.678232,TQ95ZY
TQ9 6FZ,50.40794,-3.620067,TQ96FZ
TQ9 7QE,50.32774,-3.740136,TQ97QE
TR1 1RN,50.27178,-5.034084,TR11RN
TR1 2DP,50.25753,-5.046466,TR12DP
TR1 2UL,50.26346,-5.049216,TR12UL
TR1 2XN,50.25055,-5.044941,TR12XN
TR1 3AJ,50.26448,-5.056481,TR13AJ
TR1 3FF,50.26665,-5.097179,TR13FF
TR10 8AA,50.17085,-5.107154,TR108AA
TR10 8BD,50.16594,-5.092676,TR108BD
TR10 9EP,50.16645,-5.122583,TR109EP
TR11 2DA,50.1538,-5.076491,TR112DA
TR11 4SN,50.15371,-5.095443,TR114SN
TR11 4SZ,50.14843,-5.092932,TR114SZ
TR13 0LW,50.1132,-5.269774,TR130LW
TR13 0QD,50.09981,-5.257588,TR130QD
TR14 0HX,50.23229,-5.283766,TR140HX
TR14 0PY,50.21742,-5.316142,TR140PY
TR14 7DB,50.21597,-5.307937,TR147DB
TR14 7JF,50.217,-5.31077,TR147JF
TR14 8BQ,50.21483,-5.298283,TR148BQ
TR14 8EX,50.21218,-5.299095,TR148EX
TR14 8JY,50.21334,-5.300703,TR148JY
TR14 8PW,50.22311,-5.285309,TR148PW
TR14 8SU,50.21075,-5.298716,TR148SU
TR15 1NJ,50.23542,-5.22353,TR151NJ
TR15 1SP,50.23911,-5.2242,TR151SP
TR15 2QE,50.23055,-5.225249,TR152QE
TR15 3FY,50.22775,-5.272431,TR153FY
TR15 3PL,50.2273,-5.271867,TR153PL
TR15 3PT,50.22857,-5.271085,TR153PT
TR15 3RQ,50.22741,-5.251429,TR153RQ
TR15 3RT,50.22549,-5.260596,TR153RT
TR15 3RU,50.22612,-5.265504,TR153RU
TR16 4LW,50.26103,-5.281828,TR164LW
TR16 4QG,50.25801,-5.262368,TR164QG
TR16 5EZ,50.25494,-5.194667,TR165EZ
TR18 2HY,50.12122,-5.533916,TR182HY
TR2 4TB,50.3136,-4.927451,TR24TB
TR2 5ET,50.17238,-4.984707,TR25ET
TR20 8HL,50.12928,-5.509766,TR208HL
TR20 8TB,50.11154,-5.567004,TR208TB
TR20 8UD,50.12412,-5.574838,TR208UD
TR21 0LP,49.91439,-6.315173,TR210LP
TR27 4DX,50.19073,-5.410589,TR274DX
TR27 4EZ,50.1837,-5.423062,TR274EZ
TR27 6LP,50.17245,-5.442373,TR276LP
TR3 6BW,50.26003,-5.123874,TR36BW
TR3 7NJ,50.21586,-5.111594,TR37NJ
TR3 7PE,50.19458,-5.122849,TR37PE
TR4 8GF,50.26636,-5.134268,TR48GF
TR4 8PN,50.2735,-5.149812,TR48PN
TR4 9JX,50.34559,-5.119508,TR49JX
TR4 9LD,50.26169,-5.123058,TR49LD
TR4 9LE,50.2629,-5.119628,TR49LE
TR4 9NH,50.25902,-5.123823,TR49NH
TR4 9NY,50.26005,-5.120354,TR49NY
TR5 0UY,50.30587,-5.196717,TR50UY
TR7 2SX,50.40569,-5.06117,TR72SX
TR7 3DJ,50.41871,-5.05849,TR73DJ
TR8 5PN,50.3759,-5.094769,TR85PN
TR9 6SF,50.42814,-4.947792,TR96SF
TS1 1RE,54.57868,-1.236767,TS11RE
TS1 2PX,54.57325,-1.235646,TS12PX
TS1 2RF,54.57565,-1.229197,TS12RF
TS1 2RQ,54.57518,-1.22967,TS12RQ
TS1 3QW,54.57015,-1.238488,TS13QW
TS1 4AT,54.56922,-1.23965,TS14AT
TS10 1QL,54.61655,-1.077937,TS101QL
TS10 1TD,54.61712,-1.071079,TS101TD
TS10 3DN,54.6179,-1.064511,TS103DN
TS10 4FQ,54.59935,-1.07605,TS104FQ
TS10 5SH,54.59333,-1.088119,TS105SH
TS11 7HG,54.58986,-1.012135,TS117HG
TS13 4HW,54.55392,-0.886804,TS134HW
TS13 5BB,54.55562,-0.792093,TS135BB
TS14 6BS,54.5361,-1.050263,TS146BS
TS14 6HJ,54.53786,-1.050933,TS146HJ
TS14 6PR,54.53457,-1.049882,TS146PR
TS15 9AH,54.50953,-1.354059,TS159AH
TS15 9NS,54.48186,-1.339015,TS159NS
TS17 0AU,54.5387,-1.297449,TS170AU
TS17 5FL,54.52095,-1.325314,TS175FL
TS17 6SF,54.55697,-1.306583,TS176SF
TS17 7DJ,54.5551,-1.298234,TS177DJ
TS17 7HQ,54.5543,-1.296578,TS177HQ
TS17 8AP,54.55047,-1.299179,TS178AP
TS17 8GY,54.54811,-1.296468,TS178GY
TS17 8HJ,54.5427,-1.298431,TS178HJ
TS17 9FB,54.5457,-1.285549,TS179FB
TS18 1DW,54.56357,-1.316337,TS181DW
TS18 1TE,54.56659,-1.309111,TS181TE
TS18 1TW,54.56747,-1.308586,TS181TW
TS18 3DA,54.54747,-1.32885,TS183DA
TS18 3DB,54.54511,-1.318176,TS183DB
TS18 3DJ,54.55755,-1.314134,TS183DJ
TS18 3HP,54.55122,-1.317069,TS183HP
TS18 3NA,54.56016,-1.322858,TS183NA
TS18 3RB,54.54353,-1.328775,TS183RB
TS18 3TX,54.54537,-1.322206,TS183TX
TS19 0FB,54.58099,-1.32567,TS190FB
TS19 0GA,54.57079,-1.318367,TS190GA
TS19 0GD,54.57086,-1.31951,TS190GD
TS19 8BG,54.57652,-1.345854,TS198BG
TS19 8FL,54.57775,-1.344194,TS198FL
TS19 8GB,54.5849,-1.351816,TS198GB
TS19 8RH,54.58269,-1.352238,TS198RH
TS19 8UW,54.57846,-1.361185,TS198UW
TS2 1BB,54.58047,-1.235001,TS21BB
TS2 1JP,54.58368,-1.233393,TS21JP
TS2 1RH,54.58601,-1.252552,TS21RH
TS21 1PN,54.59143,-1.391299,TS211PN
TS22 5DG,54.61247,-1.312733,TS225DG
TS23 1NA,54.60126,-1.295894,TS231NA
TS23 2DA,54.6082,-1.296347,TS232DA
TS23 4AZ,54.60301,-1.270616,TS234AZ
TS23 4EA,54.60119,-1.265556,TS234EA
TS24 0BW,54.70452,-1.209235,TS240BW
TS24 7BY,54.68517,-1.205314,TS247BY
TS24 7QT,54.6804,-1.2131,TS247QT
TS24 8EY,54.69387,-1.216594,TS248EY
TS24 9AH,54.70241,-1.227851,TS249AH
TS25 1FB,54.65819,-1.212336,TS251FB
TS25 1PD,54.66576,-1.21422,TS251PD
TS25 4NZ,54.67061,-1.238471,TS254NZ
TS25 5TG,54.64912,-1.233325,TS255TG
TS26 0US,54.70279,-1.236286,TS260US
TS26 9DX,54.68203,-1.215643,TS269DX
TS26 9QW,54.68388,-1.225953,TS269QW
TS28 5HD,54.72157,-1.368518,TS285HD
TS3 6LB,54.57106,-1.214434,TS36LB
TS3 6LP,54.57308,-1.211641,TS36LP
TS3 6NH,54.57006,-1.211808,TS36NH
TS3 7LU,54.555,-1.207089,TS37LU
TS3 7QG,54.56071,-1.208988,TS37QG
TS3 8TF,54.57244,-1.195288,TS38TF
TS3 8TG,54.5729,-1.194087,TS38TG
TS3 9JW,54.56461,-1.183935,TS39JW
TS3 9NB,54.56522,-1.183474,TS39NB
TS3 9PA,54.55846,-1.180965,TS39PA
TS4 2AH,54.57266,-1.221921,TS42AH
TS4 2EZ,54.56707,-1.223342,TS42EZ
TS4 2LW,54.56459,-1.222028,TS42LW
TS4 3EB,54.54991,-1.218674,TS43EB
TS4 3PZ,54.54336,-1.215785,TS43PZ
TS5 6QS,54.55718,-1.236781,TS56QS
TS6 6TL,54.58123,-1.174258,TS66TL
TS6 6UT,54.57103,-1.177326,TS66UT
TS6 6XJ,54.57547,-1.189566,TS66XJ
TS6 8DP,54.56924,-1.119529,TS68DP
TS6 9GE,54.56171,-1.139671,TS69GE
TS6 9NN,54.56164,-1.131539,TS69NN
TS7 0DJ,54.53378,-1.179852,TS70DJ
TS7 0GB,54.51608,-1.172096,TS70GB
TS7 0PL,54.51987,-1.180146,TS70PL
TS8 9DY,54.51399,-1.224255,TS89DY
TS9 5DH,54.47181,-1.193513,TS95DH
TS9 5JZ,54.46326,-1.17867,TS95JZ
TS9 6BQ,54.49122,-1.130576,TS96BQ
TW1 1EU,51.45689,-0.330337,TW11EU
TW1 3EH,51.45355,-0.319074,TW13EH
TW1 3QS,51.44939,-0.329546,TW13QS
TW1 4JH,51.44597,-0.338378,TW14JH
TW1 4LL,51.44898,-0.332929,TW14LL
TW1 4TJ,51.43411,-0.331557,TW14TJ
TW11 8LZ,51.4268,-0.334283,TW118LZ
TW11 8QA,51.42887,-0.337617,TW118QA
TW11 8ST,51.43031,-0.341003,TW118ST
TW11 9BP,51.42696,-0.330149,TW119BP
TW11 9FN,51.41923,-0.311259,TW119FN
TW12 1BF,51.43011,-0.374802,TW121BF
TW12 9EA,51.41457,-0.370046,TW129EA
TW13 4LL,51.44199,-0.422239,TW134LL
TW13 5NT,51.43954,-0.374496,TW135NT
TW13 6DH,51.43804,-0.385455,TW136DH
TW13 6JE,51.4368,-0.383657,TW136JE
TW14 8BA,51.44749,-0.428021,TW148BA
TW14 8HR,51.45531,-0.432719,TW148HR
TW14 9AG,51.45086,-0.418695,TW149AG
TW14 9NE,51.44768,-0.414804,TW149NE
TW14 9PZ,51.45752,-0.433003,TW149PZ
TW15 1LF,51.42748,-0.447351,TW151LF
TW15 2PE,51.43223,-0.460756,TW152PE
TW15 3PP,51.43071,-0.478156,TW153PP
TW16 5AD,51.41851,-0.411513,TW165AD
TW16 6RD,51.40682,-0.41465,TW166RD
TW16 6RN,51.40483,-0.41275,TW166RN
TW16 6RX,51.4174,-0.418339,TW166RX
TW16 7EL,51.4158,-0.429353,TW167EL
TW17 0LQ,51.40207,-0.462186,TW170LQ
TW17 8AP,51.39629,-0.447804,TW178AP
TW17 9AR,51.39506,-0.448305,TW179AR
TW18 1DF,51.42958,-0.489889,TW181DF
TW18 1PH,51.42489,-0.483413,TW181PH
TW18 3BA,51.43302,-0.517887,TW183BA
TW18 3HF,51.42949,-0.521353,TW183HF
TW18 4AX,51.4362,-0.501512,TW184AX
TW18 4XS,51.43579,-0.515984,TW184XS
TW19 6BF,51.46629,-0.501938,TW196BF
TW19 7SF,51.4478,-0.473573,TW197SF
TW2 5NE,51.43786,-0.349995,TW25NE
TW2 7AY,51.4538,-0.356675,TW27AY
TW2 7LG,51.44988,-0.357665,TW27LG
TW2 7QN,51.45225,-0.337343,TW27QN
TW20 0JY,51.43938,-0.573882,TW200JY
TW20 0LR,51.43142,-0.555198,TW200LR
TW20 8HE,51.42448,-0.534172,TW208HE
TW20 8RX,51.41607,-0.531206,TW208RX
TW20 9EX,51.43215,-0.54686,TW209EX
TW20 9HE,51.43288,-0.544751,TW209HE
TW20 9HN,51.43211,-0.545926,TW209HN
TW3 1JS,51.46906,-0.363369,TW31JS
TW3 1PA,51.47198,-0.355561,TW31PA
TW3 1QA,51.47242,-0.356438,TW31QA
TW3 2AA,51.46395,-0.363739,TW32AA
TW3 2DL,51.46179,-0.361513,TW32DL
TW3 3BB,51.47213,-0.377614,TW33BB
TW3 3EL,51.46826,-0.371733,TW33EL
TW3 3HJ,51.46808,-0.366456,TW33HJ
TW3 3HW,51.46747,-0.369084,TW33HW
TW3 3JB,51.46674,-0.372536,TW33JB
TW4 6BH,51.46298,-0.397632,TW46BH
TW4 6JQ,51.47028,-0.397737,TW46JQ
TW5 0DZ,51.48401,-0.380722,TW50DZ
TW5 0HP,51.48953,-0.378193,TW50HP
TW5 0LR,51.48681,-0.374803,TW50LR
TW5 9TD,51.48135,-0.407488,TW59TD
TW6 2AA,51.48087,-0.41845,TW62AA
TW7 6EL,51.46774,-0.330661,TW76EL
TW7 6LD,51.46797,-0.342877,TW76LD
TW7 7FA,51.46819,-0.323806,TW77FA
TW7 7JW,51.46073,-0.32798,TW77JW
TW8 0BN,51.48944,-0.298021,TW80BN
TW8 0GP,51.49092,-0.301322,TW80GP
TW8 8BH,51.48436,-0.307039,TW88BH
TW8 8HR,51.48373,-0.312046,TW88HR
TW8 9DN,51.48474,-0.319513,TW89DN
TW8 9DW,51.48878,-0.313573,TW89DW
TW9 1AA,51.4608,-0.302152,TW91AA
TW9 1DL,51.46312,-0.30257,TW91DL
TW9 1HP,51.46146,-0.304086,TW91HP
TW9 2EQ,51.47218,-0.287187,TW92EQ
TW9 2HP,51.46896,-0.289669,TW92HP
TW9 2PR,51.46372,-0.302447,TW92PR
UB1 1AZ,51.51559,-0.385122,UB11AZ
UB1 1EA,51.50875,-0.389889,UB11EA
UB1 1ND,51.51263,-0.387576,UB11ND
UB1 1NW,51.51365,-0.38349,UB11NW
UB1 2PS,51.51771,-0.375649,UB12PS
UB1 2QH,51.51376,-0.376295,UB12QH
UB1 2UQ,51.5241,-0.365216,UB12UQ
UB1 3BS,51.50809,-0.375041,UB13BS
UB1 3DJ,51.51852,-0.355902,UB13DJ
UB1 3EJ,51.50941,-0.349804,UB13EJ
UB1 3HA,51.51122,-0.373964,UB13HA
UB1 3HB,51.51184,-0.374677,UB13HB
UB10 0FD,51.54285,-0.465246,UB100FD
UB10 0JF,51.53564,-0.465792,UB100JF
UB10 0LR,51.53008,-0.446748,UB100LR
UB10 0QX,51.5463,-0.470423,UB100QX
UB10 8FB,51.56826,-0.43979,UB108FB
UB10 8FT,51.56916,-0.437825,UB108FT
UB10 8HB,51.56993,-0.458332,UB108HB
UB10 8LJ,51.56458,-0.443104,UB108LJ
UB10 9NS,51.54746,-0.465293,UB109NS
UB11 1FE,51.50869,-0.446956,UB111FE
UB11 1FW,51.50883,-0.437037,UB111FW
UB2 4BQ,51.50248,-0.381796,UB24BQ
UB2 5AL,51.50285,-0.383627,UB25AL
UB2 5EQ,51.50093,-0.388695,UB25EQ
UB2 5TS,51.49647,-0.396977,UB25TS
UB3 1AP,51.50955,-0.424014,UB31AP
UB3 1QA,51.50213,-0.438664,UB31QA
UB3 2HP,51.50889,-0.416543,UB32HP
UB3 2HR,51.51051,-0.41558,UB32HR
UB3 2PN,51.51869,-0.436425,UB32PN
UB3 2SB,51.51967,-0.426836,UB32SB
UB3 2TL,51.52204,-0.436138,UB32TL
UB3 2UF,51.52112,-0.420155,UB32UF
UB3 3BB,51.51563,-0.412159,UB33BB
UB3 3EF,51.50962,-0.415365,UB33EF
UB3 3EP,51.50793,-0.416303,UB33EP
UB3 3FA,51.50794,-0.406547,UB33FA
UB3 3PE,51.5114,-0.411542,UB33PE
UB3 4AZ,51.50161,-0.427631,UB34AZ
UB3 4DD,51.50592,-0.419284,UB34DD
UB3 4DX,51.5062,-0.418481,UB34DX
UB3 4JX,51.49751,-0.418782,UB34JX
UB3 4PN,51.49857,-0.413444,UB34PN
UB3 4UZ,51.50216,-0.421315,UB34UZ
UB4 0PX,51.52089,-0.414859,UB40PX
UB4 0RR,51.52154,-0.417445,UB40RR
UB4 0SD,51.51837,-0.408662,UB40SD
UB4 8EW,51.52817,-0.431661,UB48EW
UB4 8HR,51.52401,-0.429714,UB48HR
UB5 5AG,51.54326,-0.37637,UB55AG
UB5 5FD,51.54142,-0.383458,UB55FD
UB5 5JE,51.53781,-0.390565,UB55JE
UB5 6EE,51.53286,-0.385289,UB56EE
UB5 6QF,51.53763,-0.396354,UB56QF
UB6 0AA,51.54236,-0.344069,UB60AA
UB6 0AL,51.54342,-0.34853,UB60AL
UB6 0BN,51.53907,-0.337843,UB60BN
UB6 0BX,51.55151,-0.348728,UB60BX
UB6 0SS,51.55626,-0.347921,UB60SS
UB6 7DR,51.54173,-0.308371,UB67DR
UB6 7JD,51.53639,-0.31487,UB67JD
UB6 7JJ,51.53595,-0.317179,UB67JJ
UB6 8RZ,51.52956,-0.346076,UB68RZ
UB6 8TQ,51.53335,-0.331304,UB68TQ
UB6 9AH,51.52694,-0.352125,UB69AH
UB6 9JS,51.53587,-0.348774,UB69JS
UB7 0EB,51.48247,-0.483809,UB70EB
UB7 7AF,51.50767,-0.477395,UB77AF
UB7 7FL,51.51426,-0.478861,UB77FL
UB7 7LA,51.50509,-0.474974,UB77LA
UB7 7RQ,51.51223,-0.475254,UB77RQ
UB7 8ES,51.51281,-0.470868,UB78ES
UB7 9EZ,51.49953,-0.461285,UB79EZ
UB7 9FJ,51.50518,-0.462161,UB79FJ
UB8 1HE,51.54755,-0.47866,UB81HE
UB8 1JG,51.54476,-0.479387,UB81JG
UB8 1JZ,51.54625,-0.478991,UB81JZ
UB8 1QG,51.54385,-0.478221,UB81QG
UB8 1SZ,51.54797,-0.479525,UB81SZ
UB8 1UW,51.54348,-0.476834,UB81UW
UB8 2EP,51.52682,-0.482003,UB82EP
UB8 2FX,51.54005,-0.492897,UB82FX
UB8 2HE,51.52444,-0.481246,UB82HE
UB8 2QE,51.53902,-0.490783,UB82QE
UB8 3JZ,51.52243,-0.44927,UB83JZ
UB8 3NA,51.52854,-0.475185,UB83NA
UB8 3NQ,51.52592,-0.45711,UB83NQ
UB8 3PE,51.52782,-0.475887,UB83PE
UB8 3XG,51.5185,-0.455428,UB83XG
UB9 4HL,51.56623,-0.511929,UB94HL
UB9 5LB,51.58573,-0.50175,UB95LB
UB9 5LG,51.58525,-0.505331,UB95LG
UB9 6BY,51.60201,-0.483165,UB96BY
W10 5AA,51.52421,-0.214282,W105AA
W10 5AD,51.52567,-0.214528,W105AD
W10 5BE,51.5264,-0.210823,W105BE
W10 5BS,51.52598,-0.207999,W105BS
W10 5JJ,51.52145,-0.203089,W105JJ
W10 5PT,51.52186,-0.207541,W105PT
W10 5YG,51.5218,-0.204387,W105YG
W10 6BN,51.52371,-0.219534,W106BN
W10 6EJ,51.51974,-0.216936,W106EJ
W10 6PL,51.52055,-0.224068,W106PL
W10 6TH,51.51217,-0.219206,W106TH
W11 1QR,51.51794,-0.205259,W111QR
W11 1RQ,51.51491,-0.210365,W111RQ
W11 4PD,51.50859,-0.211218,W114PD
W12 0QD,51.51311,-0.247187,W120QD
W12 7LR,51.51204,-0.221964,W127LR
W12 8AA,51.50507,-0.2231,W128AA
W12 8LJ,51.50502,-0.22545,W128LJ
W12 9NH,51.50152,-0.23573,W129NH
W13 0AS,51.51355,-0.325542,W130AS
W13 0NR,51.51236,-0.322574,W130NR
W13 8RA,51.51184,-0.315359,W138RA
W13 9HH,51.50991,-0.323241,W139HH
W14 8NS,51.49707,-0.205302,W148NS
W14 8TS,51.49304,-0.203631,W148TS
W14 9NS,51.48595,-0.202584,W149NS
W1G 9QN,51.51759,-0.14661,W1G9QN
W1H 6BS,51.51698,-0.156306,W1H6BS
W1T 5NW,51.5242,-0.140013,W1T5NW
W1U 2EL,51.51723,-0.150372,W1U2EL
W1W 5PF,51.52167,-0.143705,W1W5PF
W1W 7LT,51.51847,-0.14238,W1W7LT
W2 1AH,51.52367,-0.17492,W21AH
W2 1NJ,51.51887,-0.169404,W21NJ
W2 5PH,51.51815,-0.190837,W25PH
W3 6EG,51.50898,-0.263961,W36EG
W3 6NA,51.50658,-0.268375,W36NA
W3 6NE,51.5064,-0.267892,W36NE
W3 6SX,51.51243,-0.26566,W36SX
W3 7QS,51.50618,-0.259514,W37QS
W3 7TW,51.50475,-0.250548,W37TW
W3 9LY,51.51274,-0.276558,W39LY
W4 3HR,51.48226,-0.268807,W43HR
W4 5PY,51.49405,-0.279784,W45PY
W4 5RT,51.4925,-0.276717,W45RT
W5 1RG,51.5266,-0.306784,W51RG
W5 2HL,51.51332,-0.308877,W52HL
W5 2NP,51.51415,-0.302418,W52NP
W5 3HJ,51.51608,-0.290845,W53HJ
W5 3HQ,51.51102,-0.289593,W53HQ
W5 3TJ,51.51323,-0.297956,W53TJ
W5 5BW,51.51177,-0.311586,W55BW
W5 5RG,51.50547,-0.304513,W55RG
W5 5SL,51.51201,-0.310438,W55SL
W5 5TH,51.51177,-0.311586,W55TH
W5 5TL,51.51166,-0.312555,W55TL
W6 0HQ,51.49742,-0.242934,W60HQ
W6 0LH,51.49434,-0.226759,W60LH
W6 0YJ,51.4931,-0.227499,W60YJ
W6 7JP,51.49345,-0.217948,W67JP
W6 7NJ,51.49531,-0.22456,W67NJ
W6 8AF,51.4897,-0.222373,W68AF
W6 8NX,51.48497,-0.21848,W68NX
W6 9AR,51.49237,-0.239138,W69AR
W6 9JG,51.49236,-0.230207,W69JG
W7 1HA,51.5161,-0.337397,W71HA
W7 1PD,51.52176,-0.334481,W71PD
W7 2QE,51.49618,-0.324797,W72QE
W7 3SR,51.50903,-0.338375,W73SR
W8 6SN,51.49908,-0.197904,W86SN
W9 1AP,51.52723,-0.181611,W91AP
W9 3HL,51.52977,-0.200253,W93HL
WA1 1NN,53.38854,-2.601106,WA11NN
WA1 1PG,53.38612,-2.597539,WA11PG
WA1 1SG,53.3889,-2.597548,WA11SG
WA1 1XG,53.38878,-2.594779,WA11XG
WA1 2NN,53.38974,-2.589816,WA12NN
WA1 2SX,53.38931,-2.585946,WA12SX
WA1 3QZ,53.39745,-2.575049,WA13QZ
WA1 3RS,53.39748,-2.572914,WA13RS
WA1 4EP,53.40179,-2.530994,WA14EP
WA1 4PN,53.40018,-2.535591,WA14PN
WA10 1FY,53.44944,-2.732665,WA101FY
WA10 1GH,53.45406,-2.73035,WA101GH
WA10 1PQ,53.45078,-2.744373,WA101PQ
WA10 1QU,53.4532,-2.735094,WA101QU
WA10 2BL,53.45984,-2.740616,WA102BL
WA10 2DE,53.45779,-2.741725,WA102DE
WA10 2DT,53.45725,-2.743899,WA102DT
WA10 2JT,53.45376,-2.741639,WA102JT
WA10 3BZ,53.43636,-2.775792,WA103BZ
WA10 4HD,53.45366,-2.753113,WA104HD
WA10 6SH,53.46066,-2.754893,WA106SH
WA11 0HU,53.4674,-2.681305,WA110HU
WA11 7EL,53.47322,-2.726702,WA117EL
WA11 7PS,53.47328,-2.73062,WA117PS
WA11 9UX,53.47483,-2.648142,WA119UX
WA12 8EY,53.44726,-2.628811,WA128EY
WA12 9ER,53.45772,-2.644869,WA129ER
WA12 9EU,53.4568,-2.648891,WA129EU
WA12 9HN,53.4533,-2.649621,WA129HN
WA12 9QT,53.45255,-2.639264,WA129QT
WA12 9UY,53.45766,-2.62416,WA129UY
WA13 0QW,53.38199,-2.481437,WA130QW
WA14 1EX,53.38913,-2.348418,WA141EX
WA14 1TD,53.40155,-2.342023,WA141TD
WA14 2PL,53.37823,-2.362369,WA142PL
WA14 2QD,53.38408,-2.352782,WA142QD
WA14 2SS,53.38501,-2.350309,WA142SS
WA14 3BA,53.3725,-2.361313,WA143BA
WA14 4PJ,53.395,-2.35188,WA144PJ
WA14 5BJ,53.39498,-2.373023,WA145BJ
WA14 5EL,53.40053,-2.353159,WA145EL
WA14 5HJ,53.39981,-2.358613,WA145HJ
WA14 5NQ,53.39802,-2.358928,WA145NQ
WA14 5NU,53.40154,-2.352476,WA145NU
WA14 5PA,53.40408,-2.356708,WA145PA
WA15 0LB,53.36967,-2.339932,WA150LB
WA15 0QZ,53.35312,-2.312909,WA150QZ
WA15 0RE,53.3498,-2.29585,WA150RE
WA15 7NX,53.39738,-2.309626,WA157NX
WA15 7UQ,53.39752,-2.318876,WA157UQ
WA16 0BL,53.30154,-2.383641,WA160BL
WA16 6DW,53.30313,-2.371441,WA166DW
WA2 0AA,53.40863,-2.552787,WA20AA
WA2 0XP,53.41501,-2.543466,WA20XP
WA2 7GB,53.40187,-2.576778,WA27GB
WA2 7JJ,53.39278,-2.598294,WA27JJ
WA2 7JQ,53.39223,-2.596121,WA27JQ
WA2 7LT,53.39706,-2.598203,WA27LT
WA2 7NA,53.39397,-2.59431,WA27NA
WA2 7NG,53.39283,-2.595512,WA27NG
WA2 7TT,53.39284,-2.593347,WA27TT
WA2 8TX,53.40634,-2.585007,WA28TX
WA3 2AP,53.47256,-2.555967,WA32AP
WA3 2RD,53.4754,-2.563326,WA32RD
WA3 4AH,53.44708,-2.531303,WA34AH
WA3 6AH,53.42041,-2.532761,WA36AH
WA3 6BX,53.43014,-2.525177,WA36BX
WA3 6PL,53.42829,-2.515146,WA36PL
WA3 6ZH,53.42661,-2.527135,WA36ZH
WA3 7AG,53.41566,-2.525691,WA37AG
WA3 7BH,53.42502,-2.528154,WA37BH
WA3 7QY,53.414,-2.532109,WA37QY
WA4 1DX,53.38211,-2.573639,WA41DX
WA4 6BB,53.37658,-2.591768,WA46BB
WA4 6NL,53.3692,-2.582077,WA46NL
WA4 6PS,53.38269,-2.590049,WA46PS
WA4 6PU,53.38196,-2.591061,WA46PU
WA4 6RX,53.37706,-2.582515,WA46RX
WA5 0EP,53.39458,-2.605597,WA50EP
WA5 0EZ,53.40812,-2.603323,WA50EZ
WA5 0HN,53.4117,-2.606849,WA50HN
WA5 2EY,53.38658,-2.656033,WA52EY
WA6 0FP,53.26527,-2.775165,WA60FP
WA6 6QJ,53.29522,-2.723406,WA66QJ
WA6 7FZ,53.29839,-2.714728,WA67FZ
WA7 1DF,53.3427,-2.730099,WA71DF
WA7 1WA,53.34781,-2.663414,WA71WA
WA7 3EH,53.3075,-2.700533,WA73EH
WA7 3PZ,53.31562,-2.654523,WA73PZ
WA7 4QX,53.3247,-2.732899,WA74QX
WA7 5GF,53.32779,-2.716512,WA75GF
WA7 5TD,53.3338,-2.723295,WA75TD
WA8 0WN,53.36255,-2.72025,WA80WN
WA8 3JA,53.37614,-2.708725,WA83JA
WA8 6AX,53.36647,-2.728567,WA86AX
WA8 6TJ,53.37259,-2.722238,WA86TJ
WA8 7RP,53.36005,-2.735444,WA87RP
WA8 8DT,53.36345,-2.756826,WA88DT
WA8 8GT,53.35235,-2.762324,WA88GT
WA9 1BT,53.45068,-2.720338,WA91BT
WA9 1SF,53.45132,-2.709703,WA91SF
WA9 1UA,53.45841,-2.725033,WA91UA
WA9 1UB,53.45736,-2.72512,WA91UB
WA9 2AR,53.45124,-2.694899,WA92AR
WA9 3RQ,53.44588,-2.69689,WA93RQ
WA9 4FS,53.42199,-2.713789,WA94FS
WA9 4TR,53.41879,-2.742264,WA94TR
WA9 4TX,53.43457,-2.681141,WA94TX
WA9 4YU,53.41728,-2.737739,WA94YU
WA9 5GG,53.42792,-2.741039,WA95GG
WA9 5GS,53.42271,-2.745493,WA95GS
WA9 5ST,53.42884,-2.761312,WA95ST
WC1H 0AF,51.52689,-0.130763,WC1H0AF
WC1H 9SN,51.52526,-0.127384,WC1H9SN
WC1X 8PL,51.52142,-0.114252,WC1X8PL
WC1X 9NE,51.52873,-0.11715,WC1X9NE
WC2A 2JR,51.51445,-0.111772,WC2A2JR
WC2B 5AA,51.51514,-0.121876,WC2B5AA
WC2H 9JQ,51.5149,-0.123615,WC2H9JQ
WC2N 4JF,51.50848,-0.126387,WC2N4JF
WD17 1JJ,51.65879,-0.396545,WD171JJ
WD17 1LN,51.65841,-0.399942,WD171LN
WD17 1NA,51.65946,-0.401221,WD171NA
WD17 1SJ,51.66381,-0.400143,WD171SJ
WD17 2BS,51.65622,-0.397533,WD172BS
WD17 2BW,51.65483,-0.395471,WD172BW
WD17 2DJ,51.65579,-0.396334,WD172DJ
WD17 4HT,51.67883,-0.419358,WD174HT
WD17 4PJ,51.66789,-0.407085,WD174PJ
WD18 0BX,51.65391,-0.395749,WD180BX
WD18 0FN,51.64832,-0.395831,WD180FN
WD18 0GS,51.64672,-0.39648,WD180GS
WD18 0PD,51.65524,-0.397871,WD180PD
WD18 7FR,51.65405,-0.416606,WD187FR
WD18 7JD,51.65402,-0.41399,WD187JD
WD18 8AG,51.64996,-0.426159,WD188AG
WD18 8YA,51.64582,-0.42766,WD188YA
WD18 9AB,51.63871,-0.437387,WD189AB
WD18 9RS,51.63924,-0.435721,WD189RS
WD18 9SB,51.6398,-0.433288,WD189SB
WD19 4FS,51.64611,-0.383392,WD194FS
WD19 5EF,51.62882,-0.384672,WD195EF
WD19 5JB,51.63335,-0.378341,WD195JB
WD19 6HE,51.62609,-0.385174,WD196HE
WD19 6HW,51.62244,-0.390287,WD196HW
WD19 7NU,51.62874,-0.407041,WD197NU
WD23 2EE,51.6546,-0.380618,WD232EE
WD23 2EQ,51.65482,-0.379901,WD232EQ
WD23 3DG,51.65063,-0.353525,WD233DG
WD23 4EE,51.64151,-0.332972,WD234EE
WD24 4AE,51.66812,-0.397041,WD244AE
WD24 4PH,51.6643,-0.390842,WD244PH
WD24 5DB,51.68345,-0.408506,WD245DB
WD24 6BL,51.67218,-0.397823,WD246BL
WD24 6QE,51.67623,-0.399372,WD246QE
WD24 7ND,51.67829,-0.3843,WD247ND
WD24 7UB,51.67458,-0.391837,WD247UB
WD25 0HX,51.68851,-0.400878,WD250HX
WD25 7GP,51.69176,-0.412989,WD257GP
WD25 8DJ,51.66389,-0.350529,WD258DJ
WD25 8HR,51.66641,-0.365187,WD258HR
WD25 9AJ,51.68514,-0.37866,WD259AJ
WD25 9RW,51.68679,-0.384909,WD259RW
WD3 1DE,51.63776,-0.468576,WD31DE
WD3 1HP,51.63931,-0.468481,WD31HP
WD3 1RE,51.6417,-0.465813,WD31RE
WD3 4JX,51.65808,-0.482999,WD34JX
WD3 5PW,51.64703,-0.532034,WD35PW
WD4 8JE,51.72295,-0.449064,WD48JE
WD5 0DY,51.70871,-0.412165,WD50DY
WD6 1EB,51.65628,-0.274283,WD61EB
WD6 1JN,51.65823,-0.267948,WD61JN
WD6 1QQ,51.65833,-0.261786,WD61QQ
WD6 1SL,51.6535,-0.278914,WD61SL
WD6 2LS,51.65411,-0.257581,WD62LS
WD6 3BY,51.64443,-0.298755,WD63BY
WD6 4BF,51.67062,-0.283138,WD64BF
WD6 4DY,51.66798,-0.283715,WD64DY
WD6 4PJ,51.65672,-0.280744,WD64PJ
WD6 5JY,51.66208,-0.262119,WD65JY
WD6 5PH,51.68459,-0.255992,WD65PH
WD7 7BT,51.68387,-0.318513,WD77BT
WF1 1BB,53.68111,-1.501231,WF11BB
WF1 1EP,53.68173,-1.502313,WF11EP
WF1 1LR,53.68029,-1.497682,WF11LR
WF1 2EL,53.6833,-1.499978,WF12EL
WF1 2PW,53.70841,-1.506484,WF12PW
WF1 3AY,53.68503,-1.499685,WF13AY
WF1 3FA,53.69511,-1.496522,WF13FA
WF1 4AL,53.69641,-1.484193,WF14AL
WF1 4DU,53.68223,-1.49068,WF14DU
WF1 4FZ,53.69559,-1.476494,WF14FZ
WF1 5EZ,53.67063,-1.478211,WF15EZ
WF1 5PE,53.67738,-1.485439,WF15PE
WF1 5PL,53.67753,-1.48898,WF15PL
WF1 5PQ,53.67752,-1.48898,WF15PQ
WF10 1JD,53.72681,-1.354069,WF101JD
WF10 2LA,53.73096,-1.356779,WF102LA
WF10 4AL,53.72307,-1.352929,WF104AL
WF10 5HW,53.70778,-1.340574,WF105HW
WF10 5WE,53.70996,-1.355705,WF105WE
WF11 0LG,53.70316,-1.257605,WF110LG
WF11 8AQ,53.70733,-1.242807,WF118AQ
WF11 8EA,53.70826,-1.25591,WF118EA
WF12 9DB,53.67949,-1.626771,WF129DB
WF12 9LQ,53.68288,-1.636279,WF129LQ
WF12 9LT,53.68511,-1.63087,WF129LT
WF13 1HF,53.6925,-1.631123,WF131HF
WF13 2QX,53.6916,-1.644094,WF132QX
WF13 2SE,53.68742,-1.643296,WF132SE
WF13 3DX,53.68377,-1.670201,WF133DX
WF13 3EP,53.68001,-1.656182,WF133EP
WF13 4DU,53.69683,-1.653849,WF134DU
WF13 4LN,53.69614,-1.639421,WF134LN
WF14 9EL,53.68557,-1.698243,WF149EL
WF15 6LT,53.71625,-1.696116,WF156LT
WF16 0JA,53.70728,-1.673184,WF160JA
WF16 9DZ,53.70933,-1.672956,WF169DZ
WF16 9PA,53.71515,-1.666896,WF169PA
WF17 5DS,53.71445,-1.632446,WF175DS
WF17 5HH,53.71293,-1.62952,WF175HH
WF17 6ER,53.70799,-1.621656,WF176ER
WF17 7AA,53.70312,-1.642315,WF177AA
WF17 7HT,53.7143,-1.647069,WF177HT
WF17 8NN,53.7274,-1.658054,WF178NN
WF17 8PD,53.71636,-1.639839,WF178PD
WF17 8PJ,53.71713,-1.641121,WF178PJ
WF17 9JX,53.73017,-1.664155,WF179JX
WF17 9PH,53.73069,-1.664621,WF179PH
WF2 0DP,53.68547,-1.518486,WF20DP
WF2 0XQ,53.70942,-1.518789,WF20XQ
WF2 7AJ,53.66764,-1.505355,WF27AJ
WF2 7AN,53.66693,-1.506377,WF27AN
WF2 7AR,53.65399,-1.520781,WF27AR
WF2 7AS,53.66602,-1.507538,WF27AS
WF2 7AZ,53.66667,-1.505321,WF27AZ
WF2 7JE,53.64956,-1.497004,WF27JE
WF2 7LJ,53.64141,-1.515947,WF27LJ
WF2 8DB,53.67781,-1.522086,WF28DB
WF2 8HT,53.67617,-1.525707,WF28HT
WF2 9EX,53.68484,-1.527396,WF29EX
WF2 9HR,53.68438,-1.521103,WF29HR
WF2 9PE,53.68229,-1.518749,WF29PE
WF2 9SR,53.68099,-1.506607,WF29SR
WF3 1FQ,53.72534,-1.553542,WF31FQ
WF3 4HB,53.71125,-1.479997,WF34HB
WF4 1AB,53.651,-1.388208,WF41AB
WF4 3EF,53.64163,-1.529816,WF43EF
WF4 4JJ,53.62745,-1.589957,WF44JJ
WF4 5FH,53.65303,-1.540204,WF45FH
WF4 5NR,53.65797,-1.573561,WF45NR
WF4 5RA,53.66611,-1.540304,WF45RA
WF5 8BT,53.67872,-1.576894,WF58BT
WF5 8NL,53.67904,-1.580525,WF58NL
WF5 8NW,53.67855,-1.581165,WF58NW
WF5 9BL,53.68025,-1.577909,WF59BL
WF5 9TD,53.69107,-1.580874,WF59TD
WF5 9TJ,53.68286,-1.548192,WF59TJ
WF5 9TT,53.68257,-1.548573,WF59TT
WF6 1PU,53.69059,-1.413288,WF61PU
WF6 1QT,53.70383,-1.399593,WF61QT
WF6 2DP,53.70049,-1.414135,WF62DP
WF6 2EH,53.70081,-1.410435,WF62EH
WF7 7EE,53.65649,-1.331402,WF77EE
WF8 1DE,53.6916,-1.314294,WF81DE
WF8 1PQ,53.6918,-1.309233,WF81PQ
WF8 2FH,53.69393,-1.286677,WF82FH
WF8 2GA,53.70459,-1.289512,WF82GA
WF8 2US,53.68279,-1.300311,WF82US
WF8 2WQ,53.70096,-1.301615,WF82WQ
WF8 3HR,53.64853,-1.263799,WF83HR
WF8 3RG,53.67651,-1.312148,WF83RG
WF8 4GY,53.68679,-1.316992,WF84GY
WF8 4HY,53.68625,-1.3127,WF84HY
WF9 2PQ,53.59902,-1.293657,WF92PQ
WF9 3FF,53.58678,-1.339526,WF93FF
WF9 3RR,53.58875,-1.325582,WF93RR
WF9 4LX,53.60875,-1.35135,WF94LX
WF9 4PU,53.61354,-1.357686,WF94PU
WF9 4QN,53.6144,-1.360318,WF94QN
WN1 1NJ,53.54466,-2.629289,WN11NJ
WN1 1NN,53.54527,-2.631109,WN11NN
WN1 2LF,53.55355,-2.628047,WN12LF
WN2 3AT,53.53526,-2.579601,WN23AT
WN2 3AW,53.53708,-2.578086,WN23AW
WN2 3AY,53.53451,-2.580209,WN23AY
WN2 4SS,53.52301,-2.547472,WN24SS
WN2 5DA,53.51974,-2.598784,WN25DA
WN2 5DD,53.51933,-2.59994,WN25DD
WN2 5YN,53.50534,-2.583067,WN25YN
WN3 4AL,53.54256,-2.639308,WN34AL
WN3 4HE,53.5376,-2.629531,WN34HE
WN3 5BA,53.53977,-2.63566,WN35BA
WN3 5TP,53.53306,-2.644265,WN35TP
WN3 6PR,53.52892,-2.658337,WN36PR
WN3 6XU,53.51834,-2.653362,WN36XU
WN4 8AE,53.49189,-2.630542,WN48AE
WN5 7FT,53.49111,-2.70957,WN57FT
WN5 7LA,53.50001,-2.703674,WN57LA
WN5 7XE,53.52707,-2.703217,WN57XE
WN5 8AG,53.53569,-2.677634,WN58AG
WN5 8AH,53.53608,-2.679843,WN58AH
WN5 9DU,53.53899,-2.657784,WN59DU
WN6 0AR,53.57975,-2.658084,WN60AR
WN6 0HL,53.58603,-2.663136,WN60HL
WN6 0PP,53.59758,-2.684018,WN60PP
WN6 0XF,53.59361,-2.655383,WN60XF
WN6 7LJ,53.55064,-2.64915,WN67LJ
WN6 8NS,53.5621,-2.655968,WN68NS
WN6 8PA,53.55986,-2.657172,WN68PA
WN7 1AZ,53.49772,-2.513846,WN71AZ
WN7 1BU,53.49644,-2.512911,WN71BU
WN7 1YA,53.49746,-2.520792,WN71YA
WN7 2DB,53.49467,-2.507764,WN72DB
WN7 2EW,53.50306,-2.490135,WN72EW
WN7 2PD,53.49488,-2.511791,WN72PD
WN7 3XJ,53.48764,-2.505796,WN73XJ
WN7 4NB,53.49651,-2.517162,WN74NB
WN7 4ND,53.49616,-2.514098,WN74ND
WN7 4PG,53.49553,-2.516608,WN74PG
WN7 4RG,53.496,-2.542134,WN74RG
WN7 4SB,53.49814,-2.534201,WN74SB
WN7 5AL,53.49835,-2.533435,WN75AL
WN8 6NL,53.55013,-2.776409,WN86NL
WN8 6NN,53.54989,-2.770563,WN86NN
WN8 6SS,53.56253,-2.778508,WN86SS
WN8 8LQ,53.54963,-2.806842,WN88LQ
WN8 9TG,53.53807,-2.791292,WN89TG
WR1 1HB,52.19728,-2.221691,WR11HB
WR1 2RX,52.19642,-2.21522,WR12RX
WR1 3DB,52.1977,-2.226375,WR13DB
WR1 3NH,52.19246,-2.224476,WR13NH
WR10 1BJ,52.11182,-2.076932,WR101BJ
WR10 1EZ,52.1181,-2.074562,WR101EZ
WR10 3NF,52.08841,-2.00393,WR103NF
WR11 1GP,52.07602,-1.931777,WR111GP
WR11 1XN,52.08142,-1.937241,WR111XN
WR11 1YZ,52.08059,-1.948245,WR111YZ
WR11 3BS,52.0927,-1.933781,WR113BS
WR11 3BX,52.09195,-1.932979,WR113BX
WR11 3FQ,52.09691,-1.93214,WR113FQ
WR11 3LD,52.09112,-1.940935,WR113LD
WR11 4DA,52.0937,-1.947325,WR114DA
WR11 4DN,52.09549,-1.947104,WR114DN
WR11 4EB,52.09633,-1.946855,WR114EB
WR11 4TY,52.12103,-1.975205,WR114TY
WR11 7RL,52.06604,-1.899408,WR117RL
WR12 7FF,52.04202,-1.856771,WR127FF
WR13 5AF,52.12886,-2.29258,WR135AF
WR13 5NE,52.11935,-2.404232,WR135NE
WR14 1AR,52.13139,-2.308725,WR141AR
WR14 1GF,52.12922,-2.307395,WR141GF
WR14 1GP,52.12971,-2.301614,WR141GP
WR14 1JJ,52.12458,-2.303185,WR141JJ
WR14 1PP,52.13314,-2.305669,WR141PP
WR14 2GE,52.11229,-2.324173,WR142GE
WR14 2LX,52.11935,-2.315651,WR142LX
WR14 3HL,52.10329,-2.329729,WR143HL
WR15 8BB,52.31166,-2.593973,WR158BB
WR2 4AY,52.17604,-2.2321,WR24AY
WR2 4XA,52.17383,-2.241125,WR24XA
WR2 5FG,52.18663,-2.260137,WR25FG
WR2 5FH,52.18796,-2.258067,WR25FH
WR2 5HN,52.18773,-2.246218,WR25HN
WR2 6BA,52.19975,-2.240241,WR26BA
WR3 8BA,52.20734,-2.222238,WR38BA
WR3 8ET,52.20223,-2.209088,WR38ET
WR3 8SG,52.21889,-2.196035,WR38SG
WR3 8SQ,52.21438,-2.19827,WR38SQ
WR3 8SX,52.22136,-2.152116,WR38SX
WR3 8TJ,52.22022,-2.199672,WR38TJ
WR4 0BJ,52.20023,-2.188023,WR40BJ
WR4 0QF,52.21187,-2.175852,WR40QF
WR4 9BN,52.19801,-2.196866,WR49BN
WR4 9EL,52.19525,-2.212391,WR49EL
WR4 9FE,52.214,-2.178041,WR49FE
WR4 9TD,52.20839,-2.201346,WR49TD
WR5 1AP,52.1948,-2.188308,WR51AP
WR5 2DY,52.18535,-2.210866,WR52DY
WR5 2GN,52.18078,-2.190062,WR52GN
WR5 2NP,52.18556,-2.182549,WR52NP
WR5 3HR,52.1605,-2.216158,WR53HR
WR6 6NH,52.25424,-2.250643,WR66NH
WR7 4NH,52.18629,-2.08635,WR74NH
WR8 0BZ,52.06465,-2.157269,WR80BZ
WR8 0EA,52.08691,-2.274221,WR80EA
WR8 0LQ,52.06001,-2.215742,WR80LQ
WR9 0BQ,52.27847,-2.135278,WR90BQ
WR9 0BU,52.28907,-2.105418,WR90BU
WR9 8AG,52.26788,-2.146309,WR98AG
WR9 8AN,52.26106,-2.153364,WR98AN
WR9 8ES,52.26811,-2.146765,WR98ES
WR9 8GD,52.2687,-2.142531,WR98GD
WR9 8HE,52.26795,-2.150383,WR98HE
WS1 1JG,52.58455,-1.977739,WS11JG
WS1 1JQ,52.5848,-1.977798,WS11JQ
WS1 1NS,52.58627,-1.984616,WS11NS
WS1 1QL,52.58373,-1.978285,WS11QL
WS1 1SY,52.58686,-1.977177,WS11SY
WS1 1TJ,52.58785,-1.977162,WS11TJ
WS1 1XS,52.587,-1.981428,WS11XS
WS1 2DR,52.58096,-1.964827,WS12DR
WS1 3BX,52.57834,-1.980457,WS13BX
WS1 3BZ,52.57822,-1.97997,WS13BZ
WS1 3NA,52.58089,-1.983113,WS13NA
WS1 3PD,52.5789,-1.981844,WS13PD
WS1 3QD,52.58136,-1.984883,WS13QD
WS10 0AH,52.54821,-2.018592,WS100AH
WS10 0PB,52.54628,-2.024121,WS100PB
WS10 7EL,52.54749,-2.034533,WS107EL
WS10 7PS,52.55405,-2.024317,WS107PS
WS10 7TF,52.56187,-2.033983,WS107TF
WS10 8DE,52.5678,-2.034844,WS108DE
WS10 8DS,52.56887,-2.035036,WS108DS
WS10 8DU,52.57047,-2.035982,WS108DU
WS10 8NG,52.57178,-2.039716,WS108NG
WS10 8SS,52.56115,-2.051433,WS108SS
WS10 9JS,52.56793,-2.030934,WS109JS
WS11 0DQ,52.67389,-2.025876,WS110DQ
WS11 0EF,52.68904,-2.027129,WS110EF
WS11 0EJ,52.6856,-2.020825,WS110EJ
WS11 0EL,52.67315,-2.025402,WS110EL
WS11 0ET,52.68269,-2.023781,WS110ET
WS11 0HQ,52.68788,-2.028134,WS110HQ
WS11 0JL,52.67543,-2.025448,WS110JL
WS11 1AP,52.68745,-2.031625,WS111AP
WS11 1BG,52.69228,-2.029069,WS111BG
WS11 1JN,52.69111,-2.032442,WS111JN
WS11 4AA,52.70614,-2.030782,WS114AA
WS11 7FA,52.69696,-2.007677,WS117FA
WS11 7FJ,52.69722,-2.010089,WS117FJ
WS11 7LT,52.69101,-2.010235,WS117LT
WS11 9AP,52.66585,-1.981793,WS119AP
WS11 9UE,52.67115,-1.970966,WS119UE
WS12 0QU,52.72489,-1.988671,WS120QU
WS12 2DB,52.69009,-2.010589,WS122DB
WS12 2DD,52.69064,-2.011226,WS122DD
WS12 2HA,52.69958,-1.986946,WS122HA
WS12 4TS,52.71601,-2.044379,WS124TS
WS12 4UA,52.7147,-1.99766,WS124UA
WS13 6JB,52.68272,-1.820373,WS136JB
WS13 6JN,52.6825,-1.834353,WS136JN
WS13 6QG,52.6797,-1.82997,WS136QG
WS13 6TJ,52.68948,-1.819369,WS136TJ
WS13 7NL,52.69305,-1.825125,WS137NL
WS13 8GS,52.6911,-1.804701,WS138GS
WS14 9DX,52.67816,-1.82585,WS149DX
WS14 9ET,52.67891,-1.827,WS149ET
WS14 9UY,52.68493,-1.801533,WS149UY
WS15 2DP,52.75887,-1.935939,WS152DP
WS2 0LJ,52.59172,-2.020116,WS20LJ
WS2 7LP,52.60431,-2.016681,WS27LP
WS2 8AY,52.5943,-1.982074,WS28AY
WS2 8DG,52.58766,-1.985383,WS28DG
WS2 8DW,52.58928,-1.98491,WS28DW
WS2 8JH,52.59413,-1.992039,WS28JH
WS2 8TU,52.59439,-2.009857,WS28TU
WS2 9BP,52.57262,-1.997989,WS29BP
WS2 9JG,52.57611,-1.999834,WS29JG
WS2 9SU,52.57984,-2.002696,WS29SU
WS3 1AR,52.61352,-1.98883,WS31AR
WS3 1BF,52.60336,-1.988272,WS31BF
WS3 1BS,52.6076,-1.980371,WS31BS
WS3 1FE,52.61041,-1.972838,WS31FE
WS3 1FN,52.6172,-1.978919,WS31FN
WS3 1LZ,52.61469,-1.986703,WS31LZ
WS3 1PD,52.61511,-1.979097,WS31PD
WS3 1QZ,52.60327,-1.972207,WS31QZ
WS3 1SJ,52.61363,-1.976395,WS31SJ
WS3 2AZ,52.62082,-2.011857,WS32AZ
WS3 2EX,52.61806,-2.004589,WS32EX
WS3 2HL,52.61893,-2.0084,WS32HL
WS3 2LG,52.6209,-2.006288,WS32LG
WS3 2LJ,52.62075,-2.013364,WS32LJ
WS3 2QW,52.61419,-2.005253,WS32QW
WS3 2US,52.61947,-2.02128,WS32US
WS3 2XE,52.60707,-1.993351,WS32XE
WS3 3AD,52.61842,-1.992876,WS33AD
WS3 3DW,52.62636,-1.989699,WS33DW
WS3 3JD,52.61514,-1.998844,WS33JD
WS3 3QJ,52.62836,-1.999892,WS33QJ
WS3 4DG,52.61863,-1.969199,WS34DG
WS4 1DG,52.60775,-1.967523,WS41DG
WS4 1JB,52.60956,-1.950716,WS41JB
WS4 1SA,52.60148,-1.966657,WS41SA
WS4 2HT,52.59334,-1.971682,WS42HT
WS4 2LA,52.59,-1.979596,WS42LA
WS5 4BY,52.55734,-1.957869,WS54BY
WS5 4HZ,52.55843,-1.965406,WS54HZ
WS5 4PW,52.56125,-1.976688,WS54PW
WS6 6NL,52.66494,-2.013998,WS66NL
WS6 6PZ,52.66561,-2.022308,WS66PZ
WS7 0DP,52.6767,-1.908281,WS70DP
WS7 3XE,52.67153,-1.934305,WS73XE
WS7 4QH,52.671,-1.932176,WS74QH
WS8 6AT,52.64568,-1.92793,WS86AT
WS8 6DJ,52.64168,-1.925394,WS86DJ
WS9 0DX,52.60199,-1.930984,WS90DX
WS9 0NF,52.61966,-1.89976,WS90NF
WS9 8AF,52.61974,-1.923083,WS98AF
WS9 8NL,52.60481,-1.914973,WS98NL
WS9 8PT,52.60372,-1.91939,WS98PT
WV1 1HA,52.58618,-2.12461,WV11HA
WV1 1NA,52.58824,-2.126137,WV11NA
WV1 2HR,52.58372,-2.099912,WV12HR
WV1 3RN,52.58223,-2.116069,WV13RN
WV1 4AN,52.59141,-2.132774,WV14AN
WV1 4BL,52.58647,-2.132036,WV14BL
WV1 4BS,52.58631,-2.13202,WV14BS
WV1 4DJ,52.58654,-2.132685,WV14DJ
WV1 4DY,52.58662,-2.132848,WV14DY
WV1 4EG,52.58836,-2.134403,WV14EG
WV1 4HW,52.58536,-2.130896,WV14HW
WV1 4JD,52.58552,-2.131738,WV14JD
WV1 4PQ,52.5929,-2.141075,WV14PQ
WV1 4QH,52.58946,-2.13262,WV14QH
WV1 4QQ,52.58825,-2.133192,WV14QQ
WV1 4SA,52.58672,-2.141586,WV14SA
WV1 4TH,52.58847,-2.146109,WV14TH
WV1 4XB,52.58742,-2.132304,WV14XB
WV10 0AZ,52.58799,-2.117678,WV100AZ
WV10 0EP,52.58962,-2.11011,WV100EP
WV10 0LT,52.59448,-2.102845,WV100LT
WV10 0UB,52.59679,-2.104385,WV100UB
WV10 6BT,52.61901,-2.127334,WV106BT
WV10 6GP,52.60947,-2.126833,WV106GP
WV10 7QZ,52.63655,-2.093162,WV107QZ
WV10 9EA,52.61262,-2.122279,WV109EA
WV10 9LS,52.6071,-2.122898,WV109LS
WV10 9NN,52.60691,-2.118025,WV109NN
WV10 9RU,52.60306,-2.129192,WV109RU
WV10 9SB,52.60372,-2.118769,WV109SB
WV10 9SP,52.60876,-2.120171,WV109SP
WV10 9SQ,52.60968,-2.117146,WV109SQ
WV10 9TJ,52.60169,-2.110023,WV109TJ
WV10 9YA,52.60238,-2.112402,WV109YA
WV11 1NG,52.60598,-2.085049,WV111NG
WV11 1SR,52.59924,-2.083707,WV111SR
WV11 1SZ,52.59986,-2.082217,WV111SZ
WV11 3EZ,52.60636,-2.076928,WV113EZ
WV11 3HE,52.60839,-2.076902,WV113HE
WV11 3TQ,52.60643,-2.078523,WV113TQ
WV12 4GA,52.59766,-2.040507,WV124GA
WV12 5JR,52.61269,-2.03005,WV125JR
WV13 1DW,52.59107,-2.053372,WV131DW
WV13 1RH,52.58711,-2.048689,WV131RH
WV13 2BS,52.58372,-2.056906,WV132BS
WV13 2ER,52.58499,-2.048731,WV132ER
WV13 2HA,52.5825,-2.049126,WV132HA
WV13 3SW,52.59091,-2.085123,WV133SW
WV14 0BZ,52.56755,-2.081729,WV140BZ
WV14 0PX,52.56319,-2.067677,WV140PX
WV14 6AA,52.56738,-2.075429,WV146AA
WV14 6AG,52.56763,-2.077879,WV146AG
WV14 7LF,52.562,-2.060846,WV147LF
WV14 8SD,52.55545,-2.070689,WV148SD
WV14 8SF,52.55025,-2.081786,WV148SF
WV14 9PW,52.55235,-2.098086,WV149PW
WV15 5NT,52.56167,-2.344459,WV155NT
WV15 6JA,52.44773,-2.339625,WV156JA
WV16 4BB,52.53268,-2.41719,WV164BB
WV16 4DX,52.53567,-2.419253,WV164DX
WV16 4EJ,52.53717,-2.419267,WV164EJ
WV16 4PX,52.5377,-2.434015,WV164PX
WV16 5BR,52.53473,-2.424875,WV165BR
WV2 1AA,52.5817,-2.124642,WV21AA
WV2 1BH,52.5819,-2.120318,WV21BH
WV2 1EL,52.57785,-2.119171,WV21EL
WV2 1EZ,52.57981,-2.12412,WV21EZ
WV2 2EZ,52.57177,-2.108074,WV22EZ
WV2 2RE,52.56815,-2.097428,WV22RE
WV2 3AY,52.57139,-2.1251,WV23AY
WV2 4DG,52.58123,-2.126559,WV24DG
WV2 4DP,52.58099,-2.125909,WV24DP
WV2 4DT,52.58144,-2.127135,WV24DT
WV2 4JW,52.57918,-2.130154,WV24JW
WV2 4LQ,52.58215,-2.131152,WV24LQ
WV2 4LY,52.57755,-2.127331,WV24LY
WV2 4NP,52.57195,-2.130516,WV24NP
WV2 4PF,52.57302,-2.133913,WV24PF
WV3 0AD,52.58371,-2.144676,WV30AD
WV3 0DA,52.5826,-2.142916,WV30DA
WV3 0EE,52.57331,-2.138606,WV30EE
WV3 0EN,52.56947,-2.143803,WV30EN
WV3 0NF,52.58227,-2.131624,WV30NF
WV3 0QU,52.58235,-2.137927,WV30QU
WV3 0SR,52.58386,-2.133267,WV30SR
WV3 0TN,52.58495,-2.137197,WV30TN
WV3 8HG,52.57798,-2.186951,WV38HG
WV3 9PH,52.5859,-2.142941,WV39PH
WV3 9PS,52.58598,-2.145097,WV39PS
WV3 9QB,52.5864,-2.149984,WV39QB
WV3 9RX,52.58489,-2.142289,WV39RX
WV4 4BP,52.56886,-2.158082,WV44BP
WV4 5HW,52.55844,-2.16157,WV45HW
WV4 5LN,52.55643,-2.168186,WV45LN
WV4 6BJ,52.56451,-2.111788,WV46BJ
WV4 6EW,52.56701,-2.107974,WV46EW
WV4 6GA,52.55695,-2.123525,WV46GA
WV4 6JG,52.56522,-2.095208,WV46JG
WV4 6JX,52.56366,-2.102242,WV46JX
WV5 0AL,52.52754,-2.213814,WV50AL
WV5 8EN,52.53848,-2.194273,WV58EN
WV5 9EU,52.53787,-2.189449,WV59EU
WV6 0EN,52.59295,-2.146065,WV60EN
WV6 0LH,52.59487,-2.160524,WV60LH
WV6 0RA,52.59497,-2.146677,WV60RA
WV6 0RQ,52.59585,-2.150134,WV60RQ
WV6 0TR,52.59862,-2.148579,WV60TR
WV6 7QH,52.59482,-2.202982,WV67QH
WV6 8FA,52.59124,-2.182284,WV68FA
WV6 8NS,52.59406,-2.178251,WV68NS
WV6 8PR,52.59441,-2.170915,WV68PR
WV6 8RS,52.59886,-2.176971,WV68RS
WV6 9HD,52.61265,-2.159054,WV69HD
WV6 9HU,52.61082,-2.152165,WV69HU
WV7 3AU,52.6175,-2.244237,WV73AU
WV7 3FA,52.63774,-2.26755,WV73FA
WV7 3QH,52.63569,-2.277275,WV73QH
WV8 1NE,52.62988,-2.184765,WV81NE
WV8 1PX,52.62568,-2.191956,WV81PX
WV8 1UN,52.6181,-2.160078,WV81UN
WV9 5HF,52.62912,-2.15251,WV95HF
YO1 6JH,53.95716,-1.08629,YO16JH
YO1 9TL,53.95647,-1.07393,YO19TL
YO1 9UA,53.95587,-1.073136,YO19UA
YO10 3DW,53.95681,-1.065571,YO103DW
YO10 4UA,53.95116,-1.075434,YO104UA
YO10 5DG,53.9491,-1.047367,YO105DG
YO11 1DY,54.2836,-0.399736,YO111DY
YO11 1DZ,54.28451,-0.399947,YO111DZ
YO11 1UB,54.27732,-0.409732,YO111UB
YO11 2HG,54.28199,-0.397894,YO112HG
YO11 2JE,54.27479,-0.410751,YO112JE
YO11 2QR,54.27113,-0.398991,YO112QR
YO11 2SE,54.27156,-0.403012,YO112SE
YO11 2TU,54.26746,-0.398242,YO112TU
YO11 3EY,54.24682,-0.390968,YO113EY
YO11 3LS,54.24094,-0.394634,YO113LS
YO11 3NH,54.24893,-0.375031,YO113NH
YO11 3TU,54.23288,-0.413189,YO113TU
YO11 3YJ,54.23302,-0.417296,YO113YJ
YO11 3YS,54.23366,-0.417164,YO113YS
YO12 5BA,54.27636,-0.415267,YO125BA
YO12 5LA,54.27398,-0.430333,YO125LA
YO12 6FA,54.29537,-0.442381,YO126FA
YO12 6QT,54.2766,-0.439095,YO126QT
YO12 6UA,54.29646,-0.441218,YO126UA
YO12 7PW,54.28618,-0.403124,YO127PW
YO12 7SN,54.28474,-0.404516,YO127SN
YO12 7ST,54.28327,-0.406723,YO127ST
YO13 9HD,54.25499,-0.465716,YO139HD
YO13 9QP,54.23476,-0.521885,YO139QP
YO14 9AE,54.21011,-0.29036,YO149AE
YO14 9BX,54.21634,-0.303124,YO149BX
YO14 9DW,54.20861,-0.286511,YO149DW
YO14 9EA,54.21051,-0.289315,YO149EA
YO15 2AE,54.08384,-0.192922,YO152AE
YO15 2DS,54.08411,-0.190266,YO152DS
YO15 3QY,54.06016,-0.256688,YO153QY
YO16 4SJ,54.07934,-0.212058,YO164SJ
YO16 6XP,54.10397,-0.205706,YO166XP
YO16 7NE,54.09195,-0.202356,YO167NE
YO16 7QR,54.09451,-0.20879,YO167QR
YO17 6BT,54.14317,-0.797953,YO176BT
YO17 7DB,54.14196,-0.787471,YO177DB
YO17 7HD,54.14576,-0.777455,YO177HD
YO17 7HH,54.1392,-0.789373,YO177HH
YO17 7JF,54.13777,-0.799854,YO177JF
YO17 7LL,54.13499,-0.797976,YO177LL
YO17 8EE,54.14157,-0.7454,YO178EE
YO17 8LB,54.1572,-0.691023,YO178LB
YO17 9DJ,54.12943,-0.775043,YO179DJ
YO17 9DP,54.1304,-0.792155,YO179DP
YO18 7DP,54.24393,-0.77382,YO187DP
YO18 7DU,54.2431,-0.77277,YO187DU
YO18 7EX,54.24118,-0.774761,YO187EX
YO18 8BA,54.246,-0.785437,YO188BA
YO18 8EZ,54.24593,-0.790182,YO188EZ
YO19 4AJ,53.93476,-1.065255,YO194AJ
YO19 5UP,53.96098,-1.027678,YO195UP
YO19 6PW,53.83044,-1.061302,YO196PW
YO21 1EZ,54.48476,-0.616804,YO211EZ
YO21 2DA,54.4635,-0.94267,YO212DA
YO21 2NJ,54.42075,-0.940056,YO212NJ
YO21 3BA,54.48648,-0.615573,YO213BA
YO22 4ET,54.4825,-0.608144,YO224ET
YO22 4PZ,54.47277,-0.601854,YO224PZ
YO23 1AU,53.95202,-1.083705,YO231AU
YO23 1DE,53.94084,-1.087834,YO231DE
YO23 1YA,53.95278,-1.086705,YO231YA
YO24 1AN,53.93107,-1.111425,YO241AN
YO24 1LL,53.94001,-1.1086,YO241LL
YO24 2RQ,53.93586,-1.12287,YO242RQ
YO24 3BL,53.95544,-1.12406,YO243BL
YO24 3DJ,53.95237,-1.122829,YO243DJ
YO24 4NW,53.95571,-1.12759,YO244NW
YO24 4QZ,53.94809,-1.121106,YO244QZ
YO25 5JE,54.00617,-0.430413,YO255JE
YO25 6AG,53.99751,-0.432127,YO256AG
YO25 6PZ,54.00312,-0.434526,YO256PZ
YO25 6QP,54.00396,-0.436081,YO256QP
YO25 6RZ,53.9998,-0.438815,YO256RZ
YO25 8LJ,53.96294,-0.318992,YO258LJ
YO26 5JA,53.96386,-1.122268,YO265JA
YO26 5NA,53.9669,-1.121275,YO265NA
YO26 6QR,53.96815,-1.149556,YO266QR
YO26 6RB,53.97795,-1.132661,YO266RB
YO30 4AG,53.99043,-1.100631,YO304AG
YO30 4RB,53.99121,-1.096466,YO304RB
YO30 4WQ,53.98668,-1.098379,YO304WQ
YO30 4XE,53.98608,-1.098041,YO304XE
YO30 4XF,53.9878,-1.099453,YO304XF
YO30 4XG,53.98626,-1.100279,YO304XG
YO30 4XL,53.98559,-1.101254,YO304XL
YO30 4XT,53.98774,-1.10226,YO304XT
YO30 5PB,53.97684,-1.112192,YO305PB
YO30 5PQ,53.98093,-1.099021,YO305PQ
YO30 6AX,53.96911,-1.093819,YO306AX
YO31 7TQ,53.96697,-1.065511,YO317TQ
YO32 2LU,54.01626,-1.075808,YO322LU
YO32 4AA,53.98973,-1.075359,YO324AA
YO32 4DS,53.99583,-1.074811,YO324DS
YO41 4EP,53.92503,-0.947557,YO414EP
YO42 1NP,53.92578,-0.803092,YO421NP
YO42 2AX,53.93089,-0.780252,YO422AX
YO42 2DX,53.93476,-0.78416,YO422DX
YO42 2PY,53.92958,-0.778158,YO422PY
YO42 2QN,53.92981,-0.778623,YO422QN
YO42 4AF,53.94109,-0.843026,YO424AF
YO43 3JP,53.86349,-0.65875,YO433JP
YO51 9AA,54.09613,-1.396928,YO519AA
YO61 3FB,54.11524,-1.18452,YO613FB
YO61 3FG,54.12392,-1.191755,YO613FG
YO61 3QU,54.12622,-1.184733,YO613QU
YO62 5FE,54.25052,-1.062156,YO625FE
YO62 6FH,54.26978,-0.942961,YO626FH
YO62 7RP,54.24804,-0.974733,YO627RP
YO7 1GT,54.22003,-1.350575,YO71GT
YO7 1GW,54.21971,-1.350534,YO71GW
YO7 3BX,54.23207,-1.33009,YO73BX
YO7 3JU,54.15157,-1.416105,YO73JU
YO8 3UZ,53.81291,-1.107196,YO83UZ
YO8 4AL,53.78179,-1.074422,YO84AL
YO8 4DT,53.78458,-1.069185,YO84DT
YO8 4ET,53.78392,-1.071765,YO84ET
YO8 4NJ,53.78424,-1.064442,YO84NJ
YO8 4NN,53.78382,-1.063526,YO84NN
YO8 8AU,53.77687,-1.054135,YO88AU
YO8 8BD,53.77843,-1.065178,YO88BD
YO8 8LJ,53.75113,-1.09939,YO88LJ
YO8 9RU,53.77183,-1.09039,YO89RU
